id,u,v,geometry,total_tracks,list_tracks,weight
4,318177249,2973507432,"LINESTRING (2.3473921 41.801154, 2.3474016 41.8011097)",1,[148046117],1
5,318177249,8261477987,"LINESTRING (2.3473921 41.801154, 2.3471243 41.8011241, 2.3468198 41.8011298, 2.3467184 41.8011347)",2,"[119551473, 148046117]",2
6,318177249,842026008,"LINESTRING (2.3473921 41.801154, 2.3473835 41.8014085, 2.3473824 41.8015304, 2.3473757 41.8016066, 2.347368 41.8016522, 2.3473542 41.801686, 2.3473302 41.8017334, 2.3472679 41.8018154, 2.3471785 41.8019146)",1,[148046117],1
215,582779614,582780008,"LINESTRING (2.3529654 41.8214379, 2.3530866 41.8215458, 2.3533012 41.8217457, 2.3534514 41.8218336, 2.3537625 41.8219776, 2.3539127 41.8220815, 2.3540415 41.8222494, 2.3541166 41.8224893, 2.3542131 41.8227451, 2.3542346 41.822929, 2.3543311 41.8231129, 2.3544813 41.8232008, 2.3546637 41.8233687, 2.3548461 41.8233847, 2.3549105 41.8235286, 2.3548998 41.8237045, 2.3547603 41.8239044, 2.3548206 41.8239234, 2.3550822 41.8238405, 2.3552967 41.8236726, 2.3555542 41.8235926, 2.3558654 41.8234647, 2.3561443 41.8233607, 2.3563723 41.8231369, 2.3565171 41.8230029, 2.3567183 41.822843, 2.3568631 41.822781, 2.3569543 41.8227647, 2.357472 41.822795, 2.3578556 41.822915, 2.3581399 41.8230649, 2.3583759 41.8230649, 2.3585798 41.8230649, 2.3587729 41.8231049, 2.3589875 41.8231289, 2.3591055 41.8231049, 2.3592771 41.822977, 2.3594595 41.8227611, 2.3595265 41.8227051, 2.3595937 41.8226651, 2.3596527 41.8225952, 2.3597653 41.8226052, 2.3598806 41.8226832, 2.3599477 41.8227531, 2.3599852 41.8228411, 2.3600818 41.822873, 2.3601247 41.8230489, 2.3601222 41.8232061, 2.3602211 41.8234105, 2.3602587 41.8235094, 2.3603143 41.8234973, 2.3603637 41.8235413, 2.3605169 41.8236162, 2.3605587 41.8238218, 2.3605861 41.8240563, 2.3605861 41.8241922, 2.3604573 41.8242802, 2.3600818 41.8244881, 2.3599209 41.824608, 2.3597157 41.8247589, 2.3595225 41.8247868, 2.359481 41.8248558, 2.3593281 41.8248918, 2.3593308 41.8249467, 2.3593321 41.8250017, 2.3591967 41.8250297, 2.3591899 41.8250717, 2.3593844 41.8251516, 2.3595883 41.8251836, 2.3597492 41.8252556, 2.3598887 41.8253435, 2.3600603 41.8254475, 2.359996 41.8255114, 2.3599209 41.8255434, 2.3601998 41.8257033, 2.3602427 41.8257593, 2.3602642 41.8258552, 2.3604037 41.8259112, 2.3604251 41.8260711, 2.3605048 41.8261243, 2.3606371 41.8262153, 2.3607832 41.8263151, 2.3609186 41.8264228, 2.3610367 41.8265348, 2.3610934 41.8266726, 2.3610771 41.8269497, 2.3611837 41.8271271, 2.3613421 41.8272981, 2.3614075 41.8273244, 2.3615573 41.8274012, 2.3619051 41.8275425, 2.3622178 41.8276552, 2.3623966 41.8277503, 2.3625387 41.8278219, 2.3626353 41.8279018, 2.3627104 41.8280058, 2.3626889 41.8281017, 2.3626031 41.8281497, 2.3624754 41.8282963, 2.3623778 41.8284455, 2.3623708 41.8285116, 2.3623657 41.8285641, 2.3623992 41.8286134, 2.3625172 41.8288452, 2.362646 41.8290371, 2.3628391 41.829197, 2.3631073 41.8293329, 2.3634185 41.8296047, 2.3638154 41.8299244, 2.3641909 41.8302442, 2.3645557 41.830612, 2.3647488 41.8308997, 2.3649527 41.8312195, 2.3650707 41.8314673, 2.3650452 41.8317015, 2.3651315 41.8318313, 2.365205 41.8319122, 2.3651877 41.8319533, 2.3651646 41.8319991)",1,[149603903],1
216,582779614,582779617,"LINESTRING (2.3529654 41.8214379, 2.3527899 41.821441, 2.3526732 41.8214218, 2.3525581 41.8213703, 2.3524873 41.8213202, 2.3524458 41.8212759)",2,"[116686100, 149603903]",2
217,582779614,1460507847,"LINESTRING (2.3529654 41.8214379, 2.3531358 41.8214643, 2.3536037 41.8215596, 2.3539755 41.8216634, 2.3541074 41.8217045, 2.3543392 41.8217822, 2.3545436 41.8219317, 2.3546786 41.8220151, 2.3547721 41.8219778, 2.3547163 41.821929, 2.3546951 41.8219089, 2.3546739 41.8218916, 2.3546758 41.8218069, 2.3546777 41.821738, 2.3546623 41.8217179, 2.354643 41.8216978, 2.354618 41.8216777, 2.3545949 41.8216619, 2.3545698 41.8216446, 2.3545428 41.8216303, 2.3545159 41.8216174, 2.3544889 41.8216044, 2.3544581 41.8215944, 2.3544272 41.8215786, 2.3543983 41.8215657, 2.3543694 41.8215499, 2.3543444 41.8215355, 2.3543193 41.8215154, 2.3542962 41.8214924, 2.3542769 41.8214709, 2.354275 41.8214465, 2.354275 41.8214221, 2.3542808 41.8213977, 2.3542981 41.821369, 2.3543078 41.8213445, 2.3543232 41.821323, 2.3543424 41.8213015, 2.3543733 41.8212828, 2.3544022 41.8212684, 2.3544311 41.8212526, 2.3544696 41.8212383, 2.3545004 41.8212282, 2.3545332 41.8212211, 2.3545679 41.8212211, 2.3546026 41.8212254, 2.3546373 41.8212325, 2.3546719 41.8212426, 2.3547047 41.8212512, 2.3547394 41.821257, 2.3547721 41.8212555, 2.3548068 41.8212526, 2.3548492 41.821244, 2.3548837 41.8212408, 2.3549286 41.8211898, 2.3549097 41.8211441, 2.3549073 41.8211071, 2.3549333 41.8210649, 2.3549711 41.8210403, 2.3550749 41.8209999)",3,"[116686100, 149603903, 160837717]",4
218,582779617,582779814,"LINESTRING (2.3524458 41.8212759, 2.3523721 41.8212437, 2.3523009 41.8211398, 2.3522836 41.8210737, 2.3523381 41.8209701, 2.3523591 41.8209335, 2.3522967 41.8208898, 2.352264 41.8208378, 2.3522212 41.8207996, 2.3522093 41.820746, 2.3522186 41.8206716, 2.3522831 41.8204085, 2.3523291 41.8203102, 2.3523463 41.8202106, 2.3523567 41.8200976, 2.3523855 41.8199599, 2.3524609 41.8198869, 2.3524724 41.8197796, 2.3525148 41.8196761, 2.3524628 41.8195371, 2.3524633 41.819468, 2.3525055 41.8193985, 2.3525412 41.8193537, 2.3525999 41.8193109, 2.352703 41.8192751, 2.3527859 41.8192108, 2.352947 41.8191622, 2.3529496 41.8190974, 2.3528739 41.8190528, 2.3528018 41.8190102, 2.3525716 41.8189473, 2.3524667 41.8188421, 2.3523579 41.8188188, 2.352265 41.8188524, 2.3521758 41.8189094, 2.3520481 41.8188915, 2.3519277 41.8188312, 2.3518172 41.8188413, 2.3516597 41.8188273, 2.3514987 41.8187714, 2.3513485 41.8187474, 2.3511983 41.8187314, 2.3510995 41.818701, 2.3510303 41.8186958, 2.350855 41.8186834, 2.3508049 41.818635, 2.3507584 41.8185954, 2.3507048 41.8186114, 2.3506082 41.8186994, 2.3505701 41.8187611, 2.3505151 41.8188113, 2.3504366 41.8189153, 2.3503259 41.8189635, 2.3502245 41.8190504, 2.3500718 41.8190752, 2.3499431 41.8190352)",2,"[116686100, 149603903]",2
219,582779617,1460507820,"LINESTRING (2.3524458 41.8212759, 2.3524537 41.8212354, 2.352474 41.8212088, 2.3525448 41.8211325, 2.3526965 41.82092, 2.3527253 41.8208524)",3,"[116686100, 149603903, 160837717]",4
220,582779638,582864175,"LINESTRING (2.3594769 41.840624, 2.3598029 41.8407362)",1,[158766251],1
221,582779638,6594924787,"LINESTRING (2.3594769 41.840624, 2.35944 41.8405128)",1,[158766251],1
222,582779638,5963332987,"LINESTRING (2.3594769 41.840624, 2.3594958 41.8407692, 2.3594976 41.840827, 2.3594649 41.8408967, 2.359245 41.8409797, 2.3591484 41.8409797, 2.3590263 41.8408988, 2.3589271 41.8408578, 2.3588244 41.840865, 2.3587098 41.8409057, 2.3585803 41.8409599, 2.3585535 41.8410108, 2.3584443 41.8410776, 2.3583161 41.8411177, 2.3582016 41.8412014, 2.3578502 41.8413554, 2.3575283 41.8414033, 2.3572065 41.8414992, 2.356797 41.8415392, 2.3567582 41.8415384, 2.3566323 41.841537, 2.3564796 41.8416308)",1,[158766251],1
234,582779773,6594924787,"LINESTRING (2.3615061 41.8356711, 2.3614356 41.8357218, 2.3614047 41.8358746, 2.3614074 41.8359995, 2.3614342 41.8361744, 2.3614463 41.8362823, 2.3614021 41.8364831, 2.3613605 41.8365861, 2.3613283 41.8368129, 2.3613068 41.8369807, 2.3612532 41.8370577, 2.3611821 41.8371476, 2.3611325 41.8372675, 2.3611043 41.8374007, 2.3610581 41.8375506, 2.3609938 41.8377105, 2.360983 41.8378943, 2.3609428 41.8380582, 2.3609106 41.838228, 2.3608556 41.8384409, 2.360806 41.8386757, 2.3607229 41.8388545, 2.3606576 41.8389736, 2.360586 41.8391053, 2.3604788 41.8391892, 2.3602541 41.8392928, 2.3601475 41.8392841, 2.3600697 41.8392851, 2.359953 41.8392421, 2.3598847 41.8392781, 2.3597935 41.8393551, 2.3597331 41.8395329, 2.3595996 41.8396065, 2.3595346 41.8396278, 2.3594843 41.8396865, 2.3594313 41.8397577, 2.3592965 41.8398064, 2.3591705 41.8398254, 2.3592536 41.8399108, 2.3593817 41.8400355, 2.359489 41.8401904, 2.3595226 41.8403742, 2.3594964 41.8404608, 2.35944 41.8405128)",1,[158766251],1
246,582780000,582780008,"LINESTRING (2.3639392 41.8327525, 2.3639985 41.8326828, 2.3642259 41.8326197, 2.3642917 41.8325892, 2.3643448 41.8325504, 2.3645941 41.8323391, 2.3647734 41.8321861, 2.3649512 41.8320708, 2.3651219 41.8320125, 2.3651646 41.8319991)",1,[149603903],1
249,582780008,7925498375,"LINESTRING (2.3651646 41.8319991, 2.3652296 41.8320461, 2.3653704 41.8321069, 2.3654734 41.8321977, 2.3656163 41.8323997, 2.3657503 41.8324801, 2.3658193 41.8325278)",1,[149603903],1
257,666342843,1867011849,"LINESTRING (2.3479878 41.8011493, 2.3478459 41.8011856, 2.3476497 41.8011096, 2.3476369 41.8010842, 2.347656 41.8010346, 2.3476997 41.8010011, 2.347772 41.8009663)",5,"[116686100, 119551473, 141252055, 148046117, 160837717]",7
258,666342843,7969237901,"LINESTRING (2.3479878 41.8011493, 2.3480421 41.8011664, 2.3480949 41.8011772, 2.3481651 41.8012422, 2.3483393 41.8012841, 2.3484456 41.8013379, 2.3485987 41.8013426, 2.3486327 41.8013534, 2.3486623 41.8013992)",5,"[116686100, 119551473, 141252055, 148046117, 160837717]",7
259,666342869,842026575,"LINESTRING (2.3517326 41.8045187, 2.3516573 41.8044691, 2.3515663 41.8044707, 2.3515073 41.8044975, 2.3514247 41.8045637, 2.3513189 41.8046629, 2.3511785 41.804788, 2.3511155 41.8048781, 2.3509914 41.8051167, 2.3508014 41.8053341, 2.3507037 41.8054763, 2.3506818 41.8055081, 2.350586 41.805546, 2.3503722 41.8056575, 2.3496183 41.806274, 2.3493252 41.806458, 2.3490769 41.8065282, 2.3484726 41.8068805, 2.3484307 41.806963, 2.3483515 41.807021)",3,"[116686100, 119551473, 160837717]",4
260,666342869,666342870,"LINESTRING (2.3517326 41.8045187, 2.3517203 41.8045682, 2.351702 41.8046161)",3,"[116686100, 119551473, 160837717]",4
261,666342869,7969237899,"LINESTRING (2.3517326 41.8045187, 2.3515419 41.804333, 2.3513264 41.8042315, 2.35115 41.8040171, 2.3510016 41.8038908, 2.3509516 41.8037752, 2.350876 41.8036931, 2.3508217 41.803613, 2.3506923 41.8034729, 2.3505807 41.8033381, 2.3504784 41.8031714, 2.3503135 41.80306, 2.3501452 41.8029681, 2.349847 41.8027858, 2.3497706 41.8026247, 2.3496737 41.8025711, 2.3495363 41.8025167, 2.349345 41.8023992, 2.3492831 41.8023282, 2.3492104 41.8022552, 2.3490729 41.8021172, 2.3489839 41.8019951, 2.3490021 41.80189, 2.3489341 41.8017724, 2.3488236 41.8016967, 2.348692 41.8016573, 2.3486116 41.8016274, 2.3485141 41.8015609, 2.3485181 41.8015012)",5,"[116686100, 119551473, 141252055, 148046117, 160837717]",7
262,666342869,666342886,"LINESTRING (2.3517326 41.8045187, 2.3517698 41.8046184, 2.3518598 41.8047211, 2.3520475 41.8048541, 2.3522108 41.8050145, 2.3524801 41.8052294, 2.3528675 41.8054389, 2.3530538 41.8055253, 2.3532428 41.8056257, 2.3534342 41.8057499, 2.3535766 41.8058049, 2.3537271 41.8058347, 2.3538884 41.8058516, 2.3541735 41.805996, 2.3543318 41.8060287, 2.3544183 41.8060749, 2.3545085 41.806099, 2.3547972 41.806233, 2.3548804 41.8062906, 2.35502 41.8063542, 2.3550729 41.8064109, 2.3551178 41.8064266, 2.3551978 41.8064775, 2.355448 41.8065433, 2.3555033 41.8065345, 2.3555692 41.8065096, 2.3556997 41.8065001, 2.355848 41.8065537, 2.355897 41.8066133, 2.3559544 41.806653, 2.3560446 41.806673, 2.3561808 41.8066855)",5,"[116686100, 119551473, 141252055, 148046117, 160837717]",7
263,666342870,842026318,"LINESTRING (2.351702 41.8046161, 2.3516264 41.804726, 2.3515498 41.8048391, 2.3514627 41.8051057, 2.3513689 41.8054219, 2.3512804 41.805628, 2.3512042 41.8062637, 2.351231 41.8066888, 2.3512621 41.8069296, 2.3512053 41.807477, 2.3511365 41.8077524, 2.3510034 41.80805, 2.3509779 41.8081782, 2.3509478 41.8083008, 2.3509639 41.808449, 2.3509714 41.8086231, 2.3509752 41.8087006, 2.3509505 41.8087632, 2.3508044 41.8089285, 2.350752 41.8089867, 2.3507147 41.8090646, 2.3506769 41.8091545, 2.3506593 41.8092307, 2.3506447 41.8092964, 2.3506339 41.8094592, 2.3506444 41.8096465, 2.3506603 41.8097222, 2.3506668 41.8098271, 2.3506447 41.8099824, 2.3506025 41.8101181, 2.3505455 41.8102323, 2.3504649 41.8103333)",3,"[116686100, 119551473, 160837717]",4
264,666342870,2881839011,"LINESTRING (2.351702 41.8046161, 2.3523435 41.8057359, 2.3527319 41.8065153, 2.353165 41.8070608, 2.3535303 41.8074128)",2,"[116686100, 160837717]",2
265,666342886,4295763196,"LINESTRING (2.3561808 41.8066855, 2.356358 41.8067622, 2.3563843 41.8068473, 2.3565126 41.8069154, 2.3566632 41.8070319)",4,"[116686100, 119551473, 141252055, 148046117]",6
266,666342886,12323334092,"LINESTRING (2.3561808 41.8066855, 2.3564961 41.8067191, 2.3567598 41.8067397)",4,"[119551473, 141252055, 148046117, 160837717]",6
267,666342896,666342924,"LINESTRING (2.3604979 41.806263, 2.3608087 41.8063297, 2.361347 41.8064093, 2.3614963 41.8063785, 2.3616362 41.8064116, 2.3617235 41.8064227, 2.3618523 41.8064519, 2.3619109 41.8064946, 2.3620103 41.8065761, 2.3622697 41.8067279)",5,"[116686100, 119551473, 141252055, 148046117, 160837717]",7
268,666342896,12323334092,"LINESTRING (2.3604979 41.806263, 2.3599064 41.8061475, 2.3597396 41.806138, 2.3595175 41.806112, 2.3593711 41.8061098, 2.3587879 41.8062297, 2.3586623 41.8062508, 2.3585084 41.806353, 2.3584037 41.8064031, 2.3583231 41.8064772, 2.358112 41.8065933, 2.3578717 41.8066869, 2.3574361 41.8067512, 2.3572072 41.8067649, 2.356853 41.806747, 2.3567598 41.8067397)",5,"[116686100, 119551473, 141252055, 148046117, 160837717]",7
269,666342896,4295763196,"LINESTRING (2.3604979 41.806263, 2.3601861 41.8066796, 2.3599749 41.8068538, 2.3597256 41.8070086, 2.3592045 41.8070809, 2.3587977 41.8070357, 2.3584394 41.8070525, 2.3579668 41.8070383, 2.3575323 41.8069544, 2.357006 41.8069751, 2.3566632 41.8070319)",2,"[141252055, 148046117]",2
270,666342924,9062423752,"LINESTRING (2.3622697 41.8067279, 2.3624587 41.8067666, 2.3625456 41.8067796, 2.3627844 41.8067845, 2.362836 41.8067644, 2.3631157 41.8067244, 2.3634523 41.8066136, 2.3636051 41.8065777, 2.3637675 41.8065642, 2.3640182 41.8065119, 2.3641282 41.8063875, 2.364292 41.8062705, 2.3645747 41.8060992, 2.3648088 41.8058595, 2.3650756 41.8055803, 2.3652654 41.8053919, 2.3653798 41.8053448, 2.3656356 41.8051821, 2.3657751 41.8050508, 2.3658676 41.805009, 2.3659574 41.8050162, 2.3662297 41.8050109, 2.3664402 41.8049439, 2.3667862 41.804665, 2.3670106 41.8045168, 2.3671832 41.804455, 2.367338 41.8044099, 2.367489 41.8043902, 2.3676354 41.8043817, 2.3678514 41.8043961, 2.3679349 41.8044142, 2.3679942 41.8044563, 2.3680968 41.8044446, 2.3683475 41.8045171, 2.3685511 41.8045801, 2.3686989 41.804647, 2.3691814 41.8046447, 2.3696133 41.8046487, 2.3696857 41.804634, 2.3697678 41.8046034, 2.3701518 41.8045391, 2.370577 41.8045369, 2.3709437 41.8045041, 2.3710097 41.8045341, 2.3711065 41.8045452, 2.3712803 41.8045341, 2.3716581 41.8045936, 2.371825 41.8046058, 2.3720776 41.804652, 2.3722897 41.8046712, 2.3724483 41.8046803, 2.3725614 41.8047174, 2.3729832 41.8048829, 2.3733174 41.8049882, 2.3736839 41.8050547)",5,"[116686100, 119551473, 141252055, 148046117, 160837717]",7
271,666342924,9062423759,"LINESTRING (2.3622697 41.8067279, 2.3624435 41.8069286, 2.3625441 41.8070125, 2.3627118 41.8070873, 2.3631325 41.8071751, 2.3633869 41.807188, 2.3638838 41.8073299, 2.3645347 41.8074241, 2.3653223 41.8074074, 2.3657897 41.8074461, 2.366039 41.8073906, 2.3663247 41.8073428, 2.3665705 41.8071867, 2.366683 41.8069389, 2.3667817 41.8067493, 2.3670794 41.806437, 2.367327 41.8062254, 2.3674689 41.8059828, 2.3675659 41.8059557, 2.3676481 41.8058611, 2.3677061 41.8057944, 2.3678394 41.8057608, 2.368106 41.8058034, 2.368492 41.8057273, 2.3689421 41.8055995, 2.369394 41.8054447, 2.3697194 41.8054318, 2.3699825 41.805344, 2.3703063 41.8053272, 2.3705677 41.8052937, 2.3712913 41.8053427, 2.3716081 41.805344, 2.3721136 41.8054266, 2.3724356 41.8054408, 2.3727264 41.8054963, 2.372896 41.8055582, 2.3731211 41.8055453, 2.3734119 41.8056524, 2.3735868 41.8056408, 2.3737529 41.8056421, 2.3738932 41.805686, 2.374023 41.8057144, 2.3741096 41.8056757, 2.3742706 41.805646, 2.3744991 41.8056421, 2.3745908 41.8056589, 2.3747051 41.8056628, 2.3749786 41.8057324, 2.375027 41.8057596)",1,[148046117],1
406,842025797,842026023,"LINESTRING (2.3788758 41.8090893, 2.3779609 41.8088506, 2.377299 41.8088404, 2.3764377 41.8086154, 2.3755901 41.8085215, 2.3744019 41.8088513, 2.3736063 41.8091704, 2.3728196 41.8097517)",3,"[116686100, 119551473, 160837717]",4
407,842025797,4230230577,"LINESTRING (2.3788758 41.8090893, 2.379171 41.809022)",3,"[116686100, 119551473, 160837717]",4
408,842025797,5460549792,"LINESTRING (2.3788758 41.8090893, 2.3783313 41.8094051, 2.377566 41.8097807, 2.3773204 41.8099791)",2,"[116686100, 160837717]",2
410,842026008,7969237901,"LINESTRING (2.3471785 41.8019146, 2.3472387 41.8019625, 2.3472446 41.8019911, 2.3472327 41.8020294, 2.3470412 41.802423, 2.3470427 41.8024788, 2.3470995 41.8025055, 2.3471713 41.8024932, 2.3477517 41.8018979, 2.3478639 41.8017518, 2.3479596 41.801608, 2.3480897 41.8015176, 2.3483485 41.8014396, 2.3486623 41.8013992)",5,"[116686100, 119551473, 141252055, 148046117, 160837717]",7
411,842026021,842026318,"LINESTRING (2.3516924 41.8126075, 2.3516779 41.8125239, 2.3516929 41.8123433, 2.3516375 41.812127, 2.3515929 41.8120678, 2.3515277 41.812006, 2.3514333 41.8119572, 2.3512472 41.8119074, 2.3510318 41.811845, 2.35098 41.8117965, 2.3509525 41.8117502, 2.3509344 41.8116694, 2.3509526 41.8115391, 2.3509839 41.8114704, 2.3510542 41.8113466, 2.3510946 41.8112285, 2.3510737 41.8111226, 2.3509929 41.8110044, 2.350921 41.8109498, 2.3508254 41.8109141, 2.3504993 41.8108249, 2.3503835 41.8107985, 2.3502858 41.8107672, 2.3502241 41.8107234, 2.3502113 41.8106762, 2.3502327 41.8106082, 2.3503004 41.8105139, 2.3504649 41.8103333)",3,"[116686100, 119551473, 160837717]",4
413,842026021,5460568231,"LINESTRING (2.3516924 41.8126075, 2.3517552 41.812639, 2.3518003 41.8126383)",3,"[116686100, 119551473, 160837717]",4
414,842026023,9062429172,"LINESTRING (2.3728196 41.8097517, 2.3726179 41.8098167, 2.3724448 41.8098968)",3,"[116686100, 119551473, 160837717]",4
415,842026023,5460568244,"LINESTRING (2.3728196 41.8097517, 2.3730224 41.8097878, 2.3732134 41.8098051, 2.3733603 41.8097959, 2.3734301 41.8098261, 2.3735248 41.809863, 2.3735728 41.809934, 2.3736205 41.8100121, 2.3736334 41.810172, 2.373675 41.8102268, 2.3738493 41.8104067, 2.374147 41.8105087, 2.3743311 41.810501, 2.3744607 41.8104955, 2.3747383 41.8104229, 2.3747534 41.8104433, 2.374788 41.8104898, 2.3749588 41.8106244, 2.375299 41.810991, 2.3753398 41.8110517, 2.3753543 41.8111605, 2.3754181 41.8112428, 2.375431 41.8113276, 2.37549 41.8114267)",3,"[116686100, 119551473, 160837717]",4
416,842026023,5460549792,"LINESTRING (2.3728196 41.8097517, 2.3735577 41.8095721, 2.3740537 41.8094427, 2.3746444 41.8095637, 2.3757295 41.8096875, 2.3759536 41.8097098, 2.3761627 41.8097988, 2.3762971 41.8098155, 2.3764838 41.8099937, 2.3767975 41.810066, 2.3770141 41.8100605, 2.3773204 41.8099791)",3,"[116686100, 119551473, 160837717]",4
417,842026052,5460568216,"LINESTRING (2.3567505 41.8094362, 2.3569104 41.8094798, 2.3570952 41.8096015, 2.3571421 41.8096451, 2.3571549 41.80969, 2.3571518 41.8097293)",2,"[116686100, 160837717]",2
419,842026052,5460568231,"LINESTRING (2.3567505 41.8094362, 2.3566448 41.8094903, 2.3564774 41.8095428, 2.3562597 41.8096062, 2.3561524 41.8095908, 2.3559727 41.8095607, 2.3558498 41.8095451, 2.355654 41.8095805, 2.3554621 41.8096409, 2.355127 41.8098104, 2.3550248 41.8098612, 2.354947 41.8098999, 2.3549636 41.8100442, 2.3549266 41.8102742, 2.3548339 41.810428, 2.3547136 41.8105439, 2.3544943 41.8107156, 2.3543526 41.8108095, 2.3541698 41.8109107, 2.3540352 41.8109609, 2.3538123 41.8111025, 2.3532395 41.8113977, 2.3531306 41.8114433, 2.353057 41.8114481, 2.3529809 41.8114492, 2.3528565 41.8114169, 2.352703 41.8113558, 2.3525775 41.811328, 2.3525099 41.8113525, 2.3524437 41.8114035, 2.352336 41.8115105, 2.3521416 41.8117067, 2.3520855 41.8118066, 2.352047 41.8119052, 2.3520346 41.8122771, 2.3520357 41.8123535, 2.3520309 41.8123868, 2.3519858 41.8124693, 2.3518514 41.8126175, 2.3518003 41.8126383)",2,"[116686100, 160837717]",2
420,842026187,7256091624,"LINESTRING (2.3596432 41.8170098, 2.3597503 41.8168799, 2.3597928 41.8167862)",3,"[116686100, 119551473, 160837717]",4
421,842026187,1460507789,"LINESTRING (2.3596432 41.8170098, 2.3595582 41.8170859, 2.3594724 41.8171159, 2.359268 41.8171428, 2.3589982 41.8171979, 2.3585202 41.8173607, 2.3582841 41.817525, 2.3582182 41.817609, 2.3581479 41.817756, 2.3581001 41.8178054, 2.3580889 41.8178488, 2.3580272 41.8179194, 2.3580017 41.8180256, 2.357833 41.8182026, 2.3577349 41.8182672, 2.3576657 41.8183641, 2.3575093 41.8185183, 2.3572842 41.8187595, 2.357031 41.8190006, 2.3568111 41.8191801, 2.3567408 41.8192576, 2.3566815 41.819399, 2.3565735 41.8196876, 2.3565456 41.8197809, 2.3564866 41.8198257, 2.3564479 41.8199501, 2.3563278 41.8200508, 2.3563034 41.8201438, 2.3561593 41.8202646, 2.3559612 41.8203787)",3,"[116686100, 119551473, 160837717]",4
422,842026187,842026536,"LINESTRING (2.3596432 41.8170098, 2.3593122 41.8164245, 2.3591851 41.8162378, 2.3587308 41.8161222, 2.3583755 41.8158853, 2.3581605 41.8156247, 2.3581269 41.8156554, 2.3581867 41.8158602, 2.3582652 41.816242, 2.3582821 41.8163841, 2.3582054 41.8163479, 2.358082 41.8161626, 2.3579455 41.8160748, 2.3578352 41.8158741, 2.3576277 41.815647, 2.3571995 41.8151022, 2.3571023 41.814935, 2.3571154 41.8148026, 2.3572407 41.8146159, 2.3573902 41.8142996, 2.3574033 41.8140919, 2.3573917 41.8138324, 2.3574502 41.8137001, 2.3574752 41.8136047)",1,[116686100],1
424,842026536,1460507820,"LINESTRING (2.3574752 41.8136047, 2.3574017 41.8136609, 2.357239 41.8138259, 2.3570492 41.8140294, 2.3569458 41.8141403, 2.356875 41.8141802, 2.3567873 41.8142072, 2.3566048 41.8142317, 2.3564758 41.8142685, 2.3563909 41.8143198, 2.3562907 41.8143911, 2.356162 41.8145263, 2.3561097 41.8145996, 2.3560676 41.814655, 2.3559716 41.8148659, 2.3559512 41.814953, 2.3559555 41.815002, 2.3559915 41.8150656, 2.3561127 41.8151416, 2.3561347 41.8151918, 2.3561321 41.8152484, 2.3560975 41.8152696, 2.3559392 41.8153665, 2.355749 41.8155118, 2.355647 41.8156337, 2.3555632 41.8156975, 2.3553619 41.8158136, 2.355151 41.8160064, 2.3550865 41.8160974, 2.3550747 41.8161736, 2.3551121 41.8163029, 2.3551768 41.8164594, 2.3551991 41.8165131, 2.3551782 41.8165754, 2.3551079 41.8166972, 2.3550134 41.8169049, 2.3549652 41.8169623, 2.3548998 41.8170101, 2.3547845 41.8170866, 2.3547142 41.8171465, 2.3546509 41.8172293, 2.3546326 41.817309, 2.3546185 41.8174355, 2.3546278 41.8175947, 2.354608 41.8176841, 2.3545044 41.8178987, 2.3544896 41.8179842, 2.3544948 41.8180334, 2.3546275 41.8182815, 2.3546466 41.8183482, 2.3546409 41.8184053, 2.3544803 41.8186469, 2.3544105 41.8187965, 2.3543657 41.8189258, 2.3543971 41.8192725, 2.3543821 41.8193504, 2.3543418 41.8194007, 2.3537435 41.8197518, 2.35357 41.8199101, 2.3533965 41.8200572, 2.3531407 41.8202033, 2.3529729 41.8203334, 2.3529021 41.8204129, 2.3528281 41.8206112, 2.3527253 41.8208524)",4,"[116686100, 119551473, 149603903, 160837717]",6
425,842026536,9062435812,"LINESTRING (2.3574752 41.8136047, 2.3574785 41.8135621, 2.3574291 41.813488, 2.3573395 41.8134448, 2.3571598 41.8134247, 2.3569318 41.8134386, 2.3566743 41.813475, 2.3564147 41.8135182, 2.3560095 41.8136398, 2.3557702 41.8136699, 2.3553798 41.813681, 2.3552517 41.8137102, 2.3551766 41.8137131, 2.355116 41.8136767, 2.3550747 41.8136253, 2.354961 41.8134224, 2.3549389 41.8132348, 2.3549314 41.8130838, 2.3548084 41.8128193, 2.3547411 41.8125718, 2.3546262 41.8123353, 2.3544958 41.8121393, 2.3544695 41.8120573, 2.3544824 41.8120066, 2.3545232 41.8119552, 2.3545901 41.811913, 2.3548997 41.8116298, 2.3550333 41.8114939, 2.3550956 41.8114124, 2.3551581 41.8113166)",3,"[116686100, 119551473, 160837717]",4
442,1460507789,1460507792,"LINESTRING (2.3559612 41.8203787, 2.3557631 41.8205129, 2.3557094 41.8205472)",1,[160837717],1
443,1460507789,1460507829,"LINESTRING (2.3559612 41.8203787, 2.3556604 41.820483, 2.3554118 41.8205677, 2.3552577 41.8206381, 2.355144 41.8206883, 2.3550188 41.82074, 2.3548608 41.8208003, 2.3548145 41.8208377, 2.3547964 41.8209101)",4,"[116686100, 119551473, 149603903, 160837717]",6
446,1460507820,1460507829,"LINESTRING (2.3527253 41.8208524, 2.3527925 41.820824, 2.3528232 41.8207202, 2.3528775 41.820685, 2.3529153 41.820736, 2.352953 41.8207606, 2.3529884 41.8208433, 2.3530191 41.8208204, 2.3530427 41.8208521, 2.3530781 41.8208415, 2.3531702 41.8207888, 2.353267 41.8207853, 2.3533189 41.820875, 2.3533873 41.8208855, 2.3533944 41.8209365, 2.3534369 41.8209612, 2.3534723 41.82094, 2.3534935 41.8209594, 2.3535266 41.8209471, 2.353595 41.8209612, 2.3536234 41.8209471, 2.3536965 41.82097, 2.3537437 41.8209576, 2.3538051 41.8209911, 2.3538665 41.8209911, 2.3539609 41.8209664, 2.3540482 41.8208838, 2.3540765 41.8208908, 2.354204 41.820984, 2.354237 41.8208873, 2.3543055 41.8208855, 2.3543597 41.8208468, 2.354414 41.8207888, 2.3544565 41.8207624, 2.3545179 41.8207378, 2.3545391 41.820729, 2.3545793 41.8207642, 2.3546595 41.8207606, 2.3547114 41.8208275, 2.3547704 41.8208627, 2.3547964 41.8209101)",4,"[116686100, 119551473, 149603903, 160837717]",6
447,1460507829,1460507847,"LINESTRING (2.3547964 41.8209101, 2.3548814 41.8209488, 2.3549781 41.8209787, 2.3550749 41.8209999)",3,"[119551473, 149603903, 160837717]",4
502,1867011832,11663530099,"LINESTRING (2.3474961 41.8008855, 2.3475991 41.8009434)",2,"[116686100, 160837717]",2
503,1867011832,9062945110,"LINESTRING (2.3474961 41.8008855, 2.3474825 41.8009295, 2.3474479 41.8009742, 2.3474023 41.8010168, 2.3473525 41.8010557, 2.3473137 41.8010806)",2,"[119551473, 160837717]",2
504,1867011836,1867011849,"LINESTRING (2.348427 41.8009351, 2.348202 41.8009515, 2.3481063 41.800954, 2.3480107 41.8009507, 2.347924 41.8009598, 2.3478329 41.8009639, 2.347772 41.8009663)",1,[160837717],1
505,1867011849,11663530099,"LINESTRING (2.347772 41.8009663, 2.3475991 41.8009434)",2,"[119551473, 160837717]",2
871,2490079219,2490079277,"LINESTRING (2.3909614 41.8065705, 2.3909902 41.8065963, 2.3910274 41.8066123, 2.3911922 41.8066235, 2.3914815 41.8066997, 2.3918119 41.8067926, 2.3926198 41.8071287, 2.3930818 41.8072009, 2.3936213 41.8073555, 2.3942714 41.8076587, 2.3945342 41.8078072, 2.3946062 41.8080484, 2.3945923 41.8082938, 2.3946449 41.8085124, 2.3947998 41.8086196, 2.3949741 41.8086547, 2.395284 41.8086031, 2.3958124 41.808467, 2.3961692 41.808432, 2.3966285 41.8084464, 2.3969992 41.8084423, 2.3972593 41.8085516, 2.3974474 41.8087434, 2.3975304 41.8090011, 2.397583 41.8092774, 2.3975608 41.8095331, 2.3976327 41.8096713, 2.397796 41.8097311, 2.398139 41.8097146, 2.3985512 41.8097744, 2.3989579 41.8099043, 2.3992124 41.8100239, 2.3995721 41.81016, 2.3999732 41.8104528, 2.4001586 41.810956, 2.4002139 41.8111395, 2.4002416 41.8113106, 2.400568 41.8114385, 2.4007811 41.8115931, 2.4009775 41.8116983, 2.4013316 41.8117127, 2.4016664 41.8118282, 2.4020592 41.8119808, 2.4022335 41.8121684, 2.4025627 41.8123829, 2.4027481 41.8124241, 2.4028975 41.8123086, 2.4029943 41.8123086, 2.4029113 41.8124942, 2.4027979 41.8126695, 2.402654 41.8127417, 2.4023386 41.8127252, 2.40173 41.812552, 2.4012044 41.8124798, 2.400889 41.8124447, 2.4006344 41.8123231, 2.4005099 41.8123004)",3,"[162709046, 179545648, 185762440]",4
872,2490079219,3450312340,"LINESTRING (2.3909614 41.8065705, 2.3909828 41.8066413, 2.3911137 41.8067727, 2.391328 41.8070914, 2.3912434 41.8072135, 2.3914236 41.8074008, 2.3914317 41.8075243, 2.3913513 41.8076379, 2.3914188 41.8077616, 2.391506 41.8078531, 2.3914266 41.8079477, 2.3919949 41.8083261, 2.3915055 41.8085066, 2.391554 41.8086567, 2.3918864 41.8088752, 2.3921127 41.8090849, 2.3921333 41.8092511, 2.3922602 41.8095235, 2.3922231 41.8098137)",2,"[179545648, 185762440]",2
873,2490079219,7500591463,"LINESTRING (2.3909614 41.8065705, 2.3908473 41.8065306, 2.3908 41.806382, 2.3907335 41.8063112, 2.3907651 41.8062443, 2.390762 41.8061753, 2.3909068 41.8061265, 2.3909599 41.8060378, 2.3908948 41.8058907, 2.390863 41.8057718, 2.3908492 41.8056728, 2.3907966 41.8055532, 2.3908298 41.8054398, 2.3909203 41.8050454)",3,"[162709046, 179545648, 185762440]",4
874,2490079219,12323907991,"LINESTRING (2.3909614 41.8065705, 2.3909419 41.8065354, 2.3909426 41.8064969, 2.39096 41.8064389, 2.3910043 41.8064079, 2.3912041 41.8064089, 2.3914884 41.8064939, 2.391707 41.8065948, 2.3919216 41.8066828, 2.3923573 41.8068195, 2.39475 41.8069648, 2.3956708 41.8073907)",3,"[162709046, 179545648, 185762440]",4
875,2490079277,2490079327,"LINESTRING (2.4005099 41.8123004, 2.40059 41.812367, 2.4008475 41.8125602, 2.4012348 41.8127355, 2.4017023 41.8129252, 2.4020315 41.8131561, 2.4021699 41.8134283, 2.4022778 41.8137582, 2.4028781 41.8143789, 2.4032876 41.8148283, 2.4033844 41.8151067, 2.4035863 41.8153933, 2.4036832 41.8158139, 2.4038602 41.8162572, 2.4039681 41.8165005, 2.4039792 41.8168098, 2.4040456 41.816983, 2.4040843 41.8171624, 2.4041811 41.8172304)",3,"[162709046, 179545648, 185762440]",4
876,2490079277,12323907928,"LINESTRING (2.4005099 41.8123004, 2.4002183 41.8121329, 2.3997699 41.8118555, 2.3994653 41.8117546, 2.3992284 41.8116852, 2.3990846 41.8115654, 2.3990423 41.8113637, 2.3989408 41.8112375, 2.3986044 41.811033, 2.3981272 41.811023, 2.3973072 41.8111733, 2.3968165 41.8111182, 2.395963 41.8107525, 2.3956739 41.8106623, 2.3952303 41.8106873, 2.3948002 41.8108977, 2.3944171 41.8111783, 2.3940004 41.8112935, 2.3936509 41.8111031, 2.3931468 41.8107324, 2.3922675 41.8099062)",1,[179545648],1
877,2490079327,2490079329,"LINESTRING (2.4041811 41.8172304, 2.4042586 41.8172325, 2.4042835 41.8171541, 2.4043444 41.816583, 2.4042946 41.8163108, 2.4043112 41.8159294, 2.4044965 41.8154964, 2.4045353 41.8150634, 2.4047621 41.8146881, 2.4048396 41.8146118, 2.4049143 41.8146428, 2.4048064 41.8148448, 2.4048424 41.8151191, 2.4049475 41.8153232, 2.4050111 41.81555, 2.4050609 41.8158469, 2.4052905 41.8160943, 2.4055091 41.8162737, 2.4056806 41.8164675, 2.4058051 41.816649, 2.4060043 41.8168119, 2.4061399 41.8170614, 2.406209 41.8172469)",3,"[162709046, 179545648, 185762440]",4
878,2490079327,12323907938,"LINESTRING (2.4041811 41.8172304, 2.4045786 41.8177514, 2.4046693 41.8180082, 2.4048506 41.8181771, 2.4048597 41.8185826, 2.404769 41.8189677, 2.4049685 41.8193462, 2.4051136 41.8194948, 2.4051045 41.8198124, 2.405304 41.8203868, 2.4055497 41.8213077)",1,[162709046],1
879,2490079329,5325259218,"LINESTRING (2.406209 41.8172469, 2.4062504 41.8170701, 2.4061319 41.8167863, 2.4060135 41.8165972, 2.4059881 41.8164711, 2.4056074 41.8159541, 2.4055228 41.815809, 2.4055397 41.8156388, 2.4055651 41.8155253, 2.4055313 41.8152289, 2.4056243 41.8150272, 2.4056666 41.8148632, 2.4059373 41.8146299, 2.4060727 41.8143525, 2.4063604 41.8141759, 2.4065465 41.8141381, 2.4067241 41.8140435, 2.4067241 41.8139174, 2.4067495 41.8132932, 2.4068087 41.8131608, 2.4068426 41.8127635, 2.406961 41.8126689)",2,"[179545648, 185762440]",2
880,2490079329,12323907938,"LINESTRING (2.406209 41.8172469, 2.4061952 41.8174861, 2.406281 41.8177191, 2.4065244 41.8180201, 2.4067291 41.8183335, 2.4067042 41.8186716, 2.406624 41.8189273, 2.4064746 41.8191995, 2.4061011 41.8195108, 2.4060071 41.8196469, 2.4059711 41.8198427, 2.4059711 41.8200571, 2.4060762 41.8204365, 2.4060652 41.8205953, 2.4058162 41.8209437, 2.4055976 41.8212117, 2.4055497 41.8213077)",2,"[179545648, 185762440]",2
886,2490079404,12337025233,"LINESTRING (2.4056834 41.8243681, 2.4057525 41.8242609, 2.4059628 41.8241805, 2.4063169 41.8240857, 2.406411 41.8240506, 2.4064663 41.8239661, 2.4064504 41.823906)",2,"[179545648, 185762440]",2
887,2490079404,2881846003,"LINESTRING (2.4056834 41.8243681, 2.4057161 41.8244394, 2.4058522 41.8244806, 2.4059773 41.8244669, 2.406448 41.8244477, 2.4066614 41.8245573, 2.4069483 41.824793)",2,"[179545648, 185762440]",2
947,2535620257,9805114495,"LINESTRING (2.3745889 41.845891, 2.3747149 41.8460517, 2.3749668 41.8460564, 2.3751883 41.8460041)",1,[158766251],1
948,2535620257,6594924933,"LINESTRING (2.3745889 41.845891, 2.3744011 41.8457594, 2.3739791 41.845757, 2.3737482 41.8458334, 2.3736499 41.8459417, 2.3734532 41.8460659, 2.3731637 41.846096, 2.3726836 41.845999, 2.3724955 41.8458621, 2.3723742 41.8457371, 2.372115 41.845499, 2.3719251 41.845429, 2.3713164 41.8452641, 2.3707297 41.8450817, 2.3704237 41.8448848)",1,[158766251],1
949,2535620257,2881846885,"LINESTRING (2.3745889 41.845891, 2.3746955 41.8457483, 2.37483 41.8456764, 2.375022 41.8455948, 2.3750845 41.8455783, 2.3752353 41.8455153, 2.3753567 41.8454769, 2.3754835 41.8454478, 2.3756188 41.8454063, 2.3757245 41.8453125, 2.3758679 41.8451646, 2.3759084 41.8450659, 2.3758937 41.8449728, 2.3758532 41.8449152, 2.3757686 41.8448467, 2.3757355 41.8447782, 2.3757061 41.8447043)",1,[149603903],1
1083,2881839011,12323334092,"LINESTRING (2.3535303 41.8074128, 2.3536937 41.8074451, 2.3539697 41.8075034, 2.3546673 41.8072832, 2.3554264 41.8071578, 2.3561363 41.8070416, 2.3567598 41.8067397)",5,"[116686100, 119551473, 141252055, 148046117, 160837717]",7
1093,2881839091,3450312351,"LINESTRING (2.3991737 41.8152568, 2.3987614 41.8149824, 2.3985481 41.8147604, 2.3984047 41.8145904, 2.3980079 41.8143746, 2.3975661 41.8141929, 2.3970769 41.8142258, 2.3967518 41.8142481, 2.3962529 41.8140882, 2.3953208 41.8136173, 2.3949816 41.8134485, 2.3947124 41.8131861, 2.39416 41.8132753, 2.3937599 41.8132035, 2.3935302 41.8131385, 2.393222 41.8130407, 2.3930504 41.8130167)",1,[179545648],1
1094,2881839091,12323907938,"LINESTRING (2.3991737 41.8152568, 2.3993755 41.8152386, 2.3995998 41.815157, 2.3997288 41.8152483, 2.4001334 41.8155033, 2.4002164 41.8156802, 2.4002401 41.8157308, 2.4002511 41.8161502, 2.4005784 41.8164956, 2.4008617 41.8167396, 2.4009352 41.8171398, 2.4011154 41.8174057, 2.4016524 41.8176908, 2.4019945 41.817858, 2.4023586 41.8185186, 2.4026271 41.8190203, 2.4030722 41.8194314, 2.4036754 41.819739, 2.4038262 41.8198902, 2.4041487 41.8202933, 2.4046741 41.8207314, 2.4052533 41.8211446, 2.4055497 41.8213077)",2,"[179545648, 185762440]",2
1105,2881846003,2881846057,"LINESTRING (2.4069483 41.824793, 2.407191 41.8248725, 2.4076177 41.8251987, 2.4080958 41.8255495, 2.4082319 41.8257139, 2.4083607 41.8258811, 2.4084784 41.8259716, 2.4087248 41.8259935, 2.4088462 41.8259935, 2.4090301 41.8259432)",2,"[179545648, 185762440]",2
1106,2881846003,2881846007,"LINESTRING (2.4069483 41.824793, 2.4068505 41.8248374, 2.4067387 41.8248568, 2.406606 41.8248684)",1,[179545648],1
1117,2881846057,12337025233,"LINESTRING (2.4090301 41.8259432, 2.4086773 41.8258699, 2.4081429 41.8252726, 2.4075723 41.8247129, 2.4072618 41.8243523, 2.4068068 41.8240079, 2.4064504 41.823906)",2,"[179545648, 185762440]",2
1119,2881846057,5325291777,"LINESTRING (2.4090301 41.8259432, 2.4091293 41.8262164)",2,"[179545648, 185762440]",2
1174,2881846669,2881846836,"LINESTRING (2.3757849 41.8437354, 2.3757169 41.8437792, 2.3756029 41.8438217, 2.3753822 41.8439656, 2.3748912 41.8443259, 2.3747753 41.8443505, 2.3743707 41.844341, 2.3740254 41.8443759)",1,[149603903],1
1182,2881846824,2881846873,"LINESTRING (2.3740029 41.844326, 2.3739072 41.8442735, 2.3738263 41.8442552, 2.3737307 41.844263, 2.373694 41.8442959, 2.3736535 41.8444877, 2.3736479 41.8446045, 2.3735516 41.8446122, 2.3734281 41.8445958)",1,[149603903],1
1183,2881846824,4295698022,"LINESTRING (2.3740029 41.844326, 2.3739847 41.8442697, 2.3739441 41.8442244, 2.3738319 41.8441755, 2.3737209 41.8441737, 2.3736171 41.8441959, 2.3735454 41.8442395)",1,[149603903],1
1185,2881846826,4791798773,"LINESTRING (2.3734932 41.8443353, 2.3734389 41.8443339, 2.3733181 41.8443176, 2.3732609 41.8443118, 2.3731152 41.8442808, 2.3729363 41.8441734, 2.3727539 41.8440495, 2.3726252 41.8439576, 2.3724321 41.8438697, 2.3722443 41.8438776, 2.3720565 41.8439536, 2.3719063 41.8439776, 2.3717669 41.8440095, 2.3716596 41.8440455, 2.3715684 41.8440415, 2.3714289 41.8440934, 2.3713324 41.8441774, 2.3711821 41.8442733, 2.3710266 41.8442973, 2.3708013 41.8443172, 2.3706779 41.8442853, 2.3704526 41.8441854, 2.3702756 41.8441134, 2.3701039 41.8440615, 2.3699698 41.8440135, 2.3698357 41.8439576, 2.3696747 41.8438337, 2.3696426 41.8437218, 2.3695943 41.8436299)",1,[149603903],1
1187,2881846826,4295698022,"LINESTRING (2.3734932 41.8443353, 2.3735454 41.8442395)",1,[149603903],1
1188,2881846836,2881846885,"LINESTRING (2.3740254 41.8443759, 2.3740507 41.8444274, 2.3741427 41.8444986, 2.3742604 41.8445315, 2.3744921 41.8445452, 2.3747174 41.8445838, 2.3749742 41.8446933, 2.3751691 41.8447371, 2.3757061 41.8447043)",1,[149603903],1
1193,2881846885,2881847050,"LINESTRING (2.3757061 41.8447043, 2.3758557 41.8446061, 2.3759268 41.8445508, 2.3760923 41.8445371, 2.3762284 41.8445563, 2.3763424 41.8446083, 2.3765741 41.8446796, 2.3767029 41.8447262, 2.376953 41.8448056, 2.377159 41.8448988, 2.377319 41.8450731, 2.3774428 41.8451187, 2.3776821 41.8451555, 2.3778928 41.8451691, 2.3779942 41.8451342, 2.3780306 41.8450742, 2.3780931 41.8449753, 2.3781685 41.8448823, 2.3782569 41.8448242, 2.3783895 41.8448107, 2.3784884 41.8448126, 2.3785794 41.8448436, 2.3786522 41.8449153, 2.3787485 41.844956, 2.3789617 41.844985)",1,[149603903],1
1195,2881846889,12370749190,"LINESTRING (2.381419 41.8447244, 2.380822 41.8450028)",1,[149603903],1
1203,2881847036,12370749190,"LINESTRING (2.3797514 41.8449437, 2.3800455 41.8449067, 2.380227 41.8448716, 2.3803042 41.8448853, 2.3804698 41.8449099, 2.3805801 41.8449318, 2.3806831 41.8449729, 2.3807824 41.8450003, 2.380822 41.8450028)",1,[149603903],1
1204,2881847036,2881847050,"LINESTRING (2.3797514 41.8449437, 2.3789617 41.844985)",1,[149603903],1
1206,2881847071,3450312309,"LINESTRING (2.3819459 41.8451143, 2.382131 41.8451429, 2.3825392 41.8452923, 2.3830263 41.8453461, 2.3831694 41.8453367, 2.383281 41.8453062)",1,[149603903],1
1207,2881847071,12370749190,"LINESTRING (2.3819459 41.8451143, 2.3816799 41.8451182, 2.3814224 41.8450908, 2.3812532 41.8450606, 2.3811318 41.8450305, 2.3810031 41.845014, 2.380822 41.8450028)",1,[149603903],1
1214,2881847239,9805114495,"LINESTRING (2.3766448 41.8464801, 2.376641 41.8464023, 2.3766428 41.8463056, 2.3766303 41.8462515, 2.3766221 41.8461928, 2.3765138 41.8461083, 2.375239 41.8459921, 2.3751883 41.8460041)",1,[158766251],1
1215,2881847239,3182664198,"LINESTRING (2.3766448 41.8464801, 2.376426 41.8466746, 2.376312 41.8468473, 2.3763305 41.8470612, 2.3761795 41.8471213, 2.3758522 41.8470966, 2.3756756 41.8471763, 2.375521 41.8474291)",1,[158766251],1
1245,2973453828,3450312317,"LINESTRING (2.3669927 41.8395492, 2.3678682 41.8398681, 2.3683982 41.8402125, 2.3689084 41.8408351, 2.3692667 41.8409607, 2.3697904 41.8409428, 2.3701775 41.840978, 2.3706362 41.8408985, 2.3709124 41.8409467, 2.3709401 41.8409771, 2.3710614 41.8411099)",1,[149603903],1
1247,2973453828,2973462838,"LINESTRING (2.3669927 41.8395492, 2.3669046 41.8393493, 2.3668813 41.8391647, 2.3668317 41.8388215, 2.3667968 41.8386913, 2.3666539 41.8384263, 2.3666015 41.8381766, 2.3666044 41.8379073, 2.3665665 41.8377097, 2.3664149 41.8374708, 2.3663625 41.8373665)",1,[149603903],1
1248,2973457731,4791798792,"LINESTRING (2.366069 41.8404127, 2.3662389 41.8406966, 2.3662488 41.8407426, 2.3662327 41.8408295, 2.366159 41.8409534, 2.3659404 41.8411542, 2.3655353 41.841387, 2.3653918 41.8414819, 2.3653355 41.8415418, 2.3653181 41.8416208, 2.3654016 41.8418808, 2.3656868 41.8425738, 2.3657999 41.8426442, 2.3665988 41.843141)",1,[158766251],1
1250,2973462838,7925498375,"LINESTRING (2.3663625 41.8373665, 2.3663625 41.8372015, 2.3662517 41.8369517, 2.3661701 41.8367976, 2.3661264 41.8366195, 2.366138 41.8364609, 2.3661322 41.8363328, 2.3661118 41.8362503, 2.3658738 41.8361082, 2.3655638 41.8359745, 2.365523 41.8358681, 2.3654239 41.8356987, 2.3653918 41.8354055, 2.3653539 41.8352296, 2.3653685 41.8351036, 2.365316 41.8349603, 2.3653539 41.8348213, 2.3653976 41.8347235, 2.365421 41.8345324, 2.365421 41.8343847, 2.3655055 41.8341437, 2.3654851 41.8339135, 2.3654967 41.8336355, 2.3655346 41.833414, 2.365593 41.8332687, 2.3657241 41.8331794, 2.3659573 41.8331142, 2.3660839 41.8330628, 2.3661468 41.8330187, 2.3662582 41.8329809, 2.3662838 41.8328905, 2.3662367 41.8327821, 2.3661797 41.8327447, 2.3659136 41.832593, 2.3658193 41.8325278)",1,[149603903],1
1251,2973462838,12323981390,"LINESTRING (2.3663625 41.8373665, 2.3674361 41.8381174, 2.3680994 41.8383009, 2.3688005 41.8373832, 2.3694259 41.8376515, 2.370544 41.8376938, 2.3711862 41.837513)",1,[149603903],1
1252,2973465161,4230230517,"LINESTRING (2.3762151 41.8055241, 2.3763471 41.8055253, 2.3766093 41.8055414, 2.3767256 41.8055774, 2.3768339 41.8056274, 2.3769438 41.8056799, 2.3771176 41.805748)",5,"[116686100, 119551473, 141252055, 148046117, 160837717]",7
1253,2973465161,9062423752,"LINESTRING (2.3762151 41.8055241, 2.375851 41.8055055, 2.375578 41.8054566, 2.3752148 41.8053685, 2.3745694 41.8052325, 2.3738843 41.8050848, 2.3736839 41.8050547)",5,"[116686100, 119551473, 141252055, 148046117, 160837717]",7
1254,2973465161,2973465168,"LINESTRING (2.3762151 41.8055241, 2.3764339 41.8055921, 2.3764951 41.8056247, 2.3767225 41.8057073, 2.3769236 41.8058833, 2.3769935 41.8059572, 2.3770343 41.8060397, 2.3770402 41.806131)",3,"[119551473, 141252055, 148046117]",4
1257,2973507432,11663530099,"LINESTRING (2.3474016 41.8011097, 2.347408 41.8010795, 2.347438 41.8010348, 2.3474647 41.8010041, 2.3475059 41.8009749, 2.3475469 41.8009577, 2.3475991 41.8009434)",4,"[116686100, 119551473, 141252055, 148046117]",6
1258,2973507432,9062945110,"LINESTRING (2.3474016 41.8011097, 2.3473137 41.8010806)",1,[148046117],1
1311,3090239602,7500591463,"LINESTRING (2.387055 41.8050826, 2.387135 41.805014, 2.3871753 41.8049811, 2.3874832 41.8048624, 2.3878088 41.8046526, 2.3878438 41.8046252, 2.3878895 41.8044618, 2.3880081 41.8043113, 2.3880301 41.8042087, 2.3880472 41.8039217, 2.3880035 41.8037873, 2.3880105 41.8037292, 2.3880672 41.803691, 2.3881857 41.8037029, 2.3883043 41.8037438, 2.3885432 41.8039548, 2.3886883 41.804092, 2.3889931 41.8044059, 2.3892132 41.8046334, 2.389334 41.8047809, 2.3894011 41.8049403, 2.389444 41.8050936, 2.3896503 41.8050487, 2.3898194 41.8049684, 2.3899521 41.8048674, 2.3900312 41.8047554, 2.3901352 41.8046842, 2.3904616 41.8048596, 2.3906202 41.8050014, 2.3909203 41.8050454)",3,"[162709046, 179545648, 185762440]",4
1312,3090239602,5339093004,"LINESTRING (2.387055 41.8050826, 2.3870015 41.8051823, 2.3869679 41.8052257, 2.3869142 41.805291, 2.3868508 41.8053558, 2.3868143 41.8054546, 2.386728 41.8055541, 2.3865535 41.8056897, 2.3863538 41.8057944, 2.3863311 41.8058371, 2.3861663 41.8059416, 2.3859322 41.806348, 2.3858764 41.8064176, 2.385731 41.8065788, 2.3854795 41.8067302, 2.38536 41.806823, 2.38527 41.8069118, 2.3852575 41.8069715, 2.3851111 41.8071104, 2.3850465 41.8071374, 2.3849939 41.8071949, 2.3849619 41.8072813, 2.3849246 41.8073096, 2.3848769 41.8073744, 2.3846707 41.807442, 2.3845568 41.8076024, 2.3842431 41.8077801, 2.3841899 41.8078438, 2.3840669 41.8079075, 2.3837771 41.8080691, 2.3836318 41.8080852, 2.3834839 41.8081152, 2.3833406 41.8081837, 2.3831636 41.8083209, 2.3830792 41.8084136, 2.3828486 41.808561, 2.3827725 41.8086467, 2.3827479 41.8086943, 2.3826197 41.8087579)",7,"[116686100, 119551473, 141252055, 160837717, 162709046, 179545648, 185762440]",10
1363,3182664198,6591731967,"LINESTRING (2.375521 41.8474291, 2.3753091 41.8477697, 2.3751341 41.8479003, 2.3748513 41.8480406, 2.3746746 41.8481117)",1,[158766251],1
1376,3450312307,3450312309,"LINESTRING (2.3843862 41.8451931, 2.3841172 41.8452717, 2.3838586 41.8453306, 2.3835108 41.8453314, 2.383281 41.8453062)",1,[149603903],1
1377,3450312307,6903901355,"LINESTRING (2.3843862 41.8451931, 2.3845144 41.8452551, 2.3845314 41.8452641, 2.3845512 41.8452765, 2.3846671 41.8452696)",1,[149603903],1
1379,3450312317,7925498321,"LINESTRING (2.3710614 41.8411099, 2.3713683 41.8413264, 2.3714161 41.8415514, 2.3716004 41.8416826, 2.3716969 41.8418114)",1,[149603903],1
1380,3450312317,4791798773,"LINESTRING (2.3710614 41.8411099, 2.3706577 41.841661, 2.370146 41.8426634, 2.3698323 41.8429847, 2.369762 41.8433252, 2.3695943 41.8436299)",1,[149603903],1
1382,3450312340,12323907928,"LINESTRING (2.3922231 41.8098137, 2.3922675 41.8099062)",1,[179545648],1
1383,3450312351,12323907928,"LINESTRING (2.3930504 41.8130167, 2.3927392 41.8126488, 2.3928573 41.8125289, 2.3930718 41.8125369, 2.3937048 41.8124009, 2.3934688 41.812289, 2.393619 41.812225, 2.393127 41.8119403, 2.3929174 41.8113356, 2.3927146 41.8107133, 2.3923848 41.8101508, 2.3922675 41.8099062)",1,[179545648],1
1518,3948661309,9062945110,"LINESTRING (2.3362725 41.8018897, 2.3365239 41.8018508, 2.3369026 41.8019023, 2.3373415 41.8019511, 2.3376582 41.8019867, 2.3378582 41.801984, 2.3380511 41.8019629, 2.338198 41.8019181, 2.3382847 41.8018548, 2.3384209 41.8017769, 2.3385448 41.8017519, 2.3390651 41.8017572, 2.3392544 41.8017215, 2.3393783 41.8016609, 2.3394473 41.8015751, 2.3395323 41.8014656, 2.3398437 41.8012836, 2.3400401 41.8011886, 2.340187 41.8011583, 2.3403799 41.8011648, 2.3407869 41.8012031, 2.3409639 41.8011767, 2.3411638 41.8010949, 2.3413833 41.8011226, 2.3416062 41.8011055, 2.3422008 41.8008535, 2.3424804 41.8008245, 2.3429847 41.8007744, 2.3436926 41.8006161, 2.3439049 41.8006293, 2.3441226 41.8007216, 2.3444942 41.8008456, 2.3448941 41.8008601, 2.3458645 41.8008889, 2.346248 41.8009129, 2.3469721 41.8009673, 2.3473137 41.8010806)",2,"[119551473, 148046117]",2
1542,4230230517,12323327071,"LINESTRING (2.3771176 41.805748, 2.3775283 41.8059515, 2.3776558 41.8060299, 2.3778102 41.8061722, 2.3779151 41.8063483)",5,"[116686100, 119551473, 141252055, 148046117, 160837717]",7
1543,4230230517,12323327089,"LINESTRING (2.3771176 41.805748, 2.377337 41.805585, 2.377648 41.805394, 2.377731 41.805368, 2.377906 41.805379, 2.37809 41.805414, 2.378701 41.805615, 2.378837 41.805647, 2.379022 41.805665, 2.379385 41.805638, 2.379701 41.805556, 2.379914 41.805529, 2.380004 41.805494, 2.380075 41.805436, 2.38018 41.805318, 2.38031 41.805126, 2.380471 41.80495, 2.3804963 41.8049304)",1,[160837717],1
1544,4230230573,5339093004,"LINESTRING (2.382529 41.8087986, 2.3826197 41.8087579)",3,"[119551473, 148046117, 160837717]",4
1545,4230230573,4230230578,"LINESTRING (2.382529 41.8087986, 2.382343 41.808838)",4,"[116686100, 119551473, 148046117, 160837717]",6
1546,4230230573,4230230577,"LINESTRING (2.382529 41.8087986, 2.3815301 41.8086475, 2.381229 41.8087158, 2.3809 41.808727, 2.3806326 41.8087869, 2.3802344 41.8088092, 2.3795676 41.8089322, 2.379171 41.809022)",2,"[116686100, 148046117]",2
1547,4230230577,9062428860,"LINESTRING (2.379171 41.809022, 2.379328 41.809084, 2.379408 41.809088, 2.379653 41.809056, 2.3797883 41.8090775)",3,"[116686100, 119551473, 160837717]",4
1548,4230230578,12323345515,"LINESTRING (2.382343 41.808838, 2.3822294 41.8088958, 2.3821169 41.8090277, 2.3820027 41.8091266, 2.3817244 41.8092228, 2.3815475 41.8093066, 2.3814277 41.8094384, 2.3812342 41.8095868, 2.3810941 41.8097585, 2.3809854 41.8099673, 2.3808047 41.8102599, 2.3806426 41.8103973, 2.3805633 41.8105346, 2.3804951 41.8106899, 2.3805172 41.8108176, 2.3805062 41.8109976, 2.3805338 41.8111487, 2.3805688 41.8113025, 2.380543 41.8114646, 2.3804288 41.811558, 2.380274 41.8116858, 2.3801505 41.8118382, 2.3798796 41.8121487, 2.3796289 41.8122805, 2.3793599 41.8123849, 2.3791719 41.8125113, 2.3789765 41.8126061, 2.3789562 41.8126651, 2.3788807 41.8127146, 2.3788125 41.8128039, 2.37863 41.8128753, 2.3785803 41.8129948, 2.3786024 41.8130621, 2.3785766 41.813091, 2.3786706 41.8131844, 2.3787203 41.8133162, 2.3788051 41.8133973, 2.3788217 41.8135113, 2.3787627 41.8136473, 2.3787222 41.8138465, 2.3788309 41.813944, 2.3788125 41.8140964, 2.378689 41.8143217, 2.3785489 41.8144646, 2.3784605 41.8145401, 2.3782928 41.8146912, 2.3781582 41.8147736, 2.3780808 41.8149247, 2.3779187 41.815139, 2.3777546 41.8153038, 2.3776238 41.8154728, 2.377609 41.8156664, 2.3774578 41.8158866)",3,"[116686100, 119551473, 160837717]",4
1549,4230230578,5460549793,"LINESTRING (2.382343 41.808838, 2.381771 41.808949, 2.3815582 41.8089876, 2.3813104 41.8090904, 2.38112 41.809164, 2.3809799 41.8091767)",3,"[116686100, 119551473, 160837717]",4
1562,4295698022,7925498321,"LINESTRING (2.3735454 41.8442395, 2.3734476 41.8440403, 2.3734833 41.8437489, 2.3732984 41.8435388, 2.3730211 41.8433961, 2.3729403 41.8431591, 2.372889 41.842895, 2.3727648 41.8426291, 2.372772 41.8425162, 2.3727159 41.8424113, 2.3726896 41.8422797, 2.372593 41.8422207, 2.372322 41.8421782, 2.371871 41.8420438, 2.3716969 41.8418114)",1,[149603903],1
1614,4791798779,4791798792,"LINESTRING (2.3686877 41.843542, 2.3686126 41.843486, 2.3685214 41.8434181, 2.3684463 41.8433302, 2.3683658 41.8432422, 2.3682424 41.8431543, 2.3681083 41.8431064, 2.3679152 41.8430824, 2.3677865 41.8430864, 2.3673841 41.8430864, 2.3672071 41.8430304, 2.3670676 41.8429945, 2.3669496 41.8430025, 2.3665988 41.843141)",1,[158766251],1
1615,4791798779,6591755803,"LINESTRING (2.3686877 41.843542, 2.3686293 41.843582, 2.368632 41.843642, 2.3686802 41.8437888, 2.3687419 41.8438987, 2.368805 41.8440076, 2.3688268 41.8441254, 2.3687942 41.8441914, 2.3688439 41.8442354, 2.3689391 41.8443393, 2.3689444 41.8444512, 2.3690075 41.8445231, 2.3691391 41.8445371)",1,[158766251],1
1617,4791798792,6594924868,"LINESTRING (2.3665988 41.843141, 2.3655076 41.8427096, 2.3653007 41.8425949, 2.3650941 41.842487, 2.3649171 41.8423311, 2.3646757 41.8423032, 2.364547 41.8422133, 2.3643458 41.8420954, 2.3641339 41.8418815, 2.3639971 41.8418736, 2.3638442 41.8418296, 2.3636699 41.8416957, 2.3635706 41.8415658, 2.3635116 41.8414719, 2.3633534 41.841414, 2.3632219 41.841372, 2.363171 41.8412741, 2.3631442 41.8411602, 2.3630449 41.8410863, 2.3628893 41.8408841, 2.362678 41.8408696, 2.3623551 41.8408866, 2.3620443 41.8408653, 2.3617333 41.8408165, 2.3615831 41.8407206, 2.3614463 41.8405847, 2.3613739 41.8404628, 2.3613095 41.8403989)",1,[158766251],1
1765,5325291772,5325291777,"LINESTRING (2.4092201 41.8266114, 2.4092153 41.8265665, 2.409184 41.826367, 2.4091293 41.8262164)",2,"[179545648, 185762440]",2
1766,5339093004,12323327071,"LINESTRING (2.3826197 41.8087579, 2.382552 41.8087332, 2.3823975 41.8086488, 2.3821933 41.8085193, 2.3819837 41.8084198, 2.3818557 41.8083424, 2.3816499 41.8082021, 2.3812265 41.8079128, 2.3810567 41.8078444, 2.3809832 41.8078332, 2.3809097 41.807826, 2.3807372 41.8077147, 2.3805553 41.8076483, 2.3804978 41.807631, 2.3803086 41.807624, 2.3801249 41.8076452, 2.3799157 41.807651, 2.3798259 41.807654, 2.3797065 41.8076469, 2.3795602 41.8076251, 2.379309 41.807527, 2.3791155 41.8074909, 2.3789663 41.8074203, 2.3786924 41.8072427, 2.3783548 41.8069536, 2.3780333 41.8065607, 2.3779586 41.8064215, 2.3779151 41.8063483)",5,"[116686100, 119551473, 141252055, 148046117, 160837717]",7
1859,5460545551,7969237901,"LINESTRING (2.3533108 41.8026827, 2.3531875 41.8026227, 2.3531338 41.8025745, 2.353107 41.8024786, 2.3530759 41.8023958, 2.35293 41.8022208, 2.3527944 41.8020133, 2.3527905 41.8019429, 2.3528227 41.8018573, 2.3530067 41.80154, 2.3530252 41.8014473, 2.3530008 41.8013731, 2.3529257 41.8013489, 2.3528162 41.8013477, 2.3526414 41.8013771, 2.3523921 41.8014702, 2.3518655 41.8017825, 2.3515642 41.8018691, 2.3512219 41.8019401, 2.3508595 41.8019091, 2.3506351 41.8018687, 2.3503693 41.8017903, 2.3501448 41.8016796, 2.3498529 41.8014531, 2.3496217 41.8013632, 2.3492659 41.8013522, 2.3489034 41.8013735, 2.3486623 41.8013992)",2,"[141252055, 148046117]",2
1860,5460549784,5460549793,"LINESTRING (2.3799586 41.8091045, 2.380105 41.809152, 2.3801844 41.8091877, 2.3802814 41.8091766, 2.3804521 41.8092005, 2.3809177 41.8091823, 2.3809799 41.8091767)",3,"[116686100, 119551473, 160837717]",4
1861,5460549784,9062428860,"LINESTRING (2.3799586 41.8091045, 2.3797883 41.8090775)",3,"[116686100, 119551473, 160837717]",4
1862,5460549792,5460568230,"LINESTRING (2.3773204 41.8099791, 2.3771861 41.8102398, 2.3768824 41.8105332, 2.3763926 41.8108856, 2.3762958 41.8109828, 2.3761509 41.8111011, 2.3759971 41.8111697, 2.3758924 41.8112818, 2.3758033 41.8113428, 2.3756449 41.8114793)",2,"[116686100, 160837717]",2
1864,5460568216,9062435812,"LINESTRING (2.3571518 41.8097293, 2.3571099 41.8097584, 2.3568299 41.809748, 2.356711 41.8097547, 2.3565273 41.8098371, 2.3563146 41.8099197, 2.3560681 41.8099825, 2.3559332 41.8100423, 2.3558107 41.8100962, 2.3557433 41.8101426, 2.3557114 41.8102023, 2.3557141 41.8102759, 2.355779 41.8103754, 2.3558192 41.810532, 2.3558005 41.810659, 2.3557329 41.8107959, 2.355667 41.8108773, 2.3555773 41.8109677, 2.3554679 41.8110366, 2.3553434 41.8111094, 2.3552272 41.8112106, 2.3551581 41.8113166)",2,"[116686100, 160837717]",2
1865,5460568230,9062428860,"LINESTRING (2.3756449 41.8114793, 2.3758443 41.8114826, 2.3759193 41.8114449, 2.3762453 41.8113488, 2.3762766 41.8113358, 2.3765154 41.8112501, 2.3767142 41.8111604, 2.3768536 41.8110695, 2.3770087 41.810985, 2.3771395 41.8108746, 2.3772946 41.810707, 2.3773016 41.8106836, 2.3773068 41.8106589, 2.3773138 41.8106368, 2.3773277 41.810616, 2.3773382 41.8105953, 2.3773521 41.8105732, 2.377373 41.8105537, 2.3773992 41.8105355, 2.3774166 41.8105147, 2.3774358 41.8104926, 2.377455 41.8104705, 2.3774776 41.8104484, 2.377502 41.8104328, 2.3775299 41.8104186, 2.3775543 41.8104069, 2.3775892 41.8103939, 2.3776153 41.8103835, 2.3776502 41.8103718, 2.3776851 41.8103627, 2.3777147 41.8103562, 2.3777443 41.8103562, 2.3777757 41.8103575, 2.3778053 41.8103627, 2.3778332 41.8103731, 2.3778594 41.8103861, 2.377889 41.8103939, 2.3779221 41.8103939, 2.3779535 41.8103978, 2.3779849 41.8104004, 2.378018 41.8103991, 2.3780494 41.8103926, 2.3780755 41.8103822, 2.3781017 41.8103692, 2.3781296 41.8103523, 2.3781522 41.8103354, 2.3781696 41.8103146, 2.3781836 41.8102938, 2.3782045 41.8102756, 2.3782324 41.8102613, 2.3782603 41.810251, 2.3782934 41.8102432, 2.3785218 41.8102081, 2.3785514 41.8102081, 2.3785845 41.8102055, 2.3786141 41.8101964, 2.3786333 41.8101795, 2.378649 41.8101587, 2.3786577 41.810134, 2.378656 41.8101119, 2.378656 41.8100885, 2.3786525 41.8100665, 2.3786525 41.8100405, 2.3786612 41.8100171, 2.3786786 41.8099976, 2.3786943 41.8099742, 2.3787135 41.8099547, 2.3787362 41.8099313, 2.3787518 41.8099106, 2.3787658 41.8098911, 2.3787885 41.8098729, 2.3788163 41.8098586, 2.3788338 41.8098404, 2.3788547 41.8098209, 2.3788739 41.809804, 2.3788948 41.8097845, 2.3789192 41.8097702, 2.3789488 41.8097559, 2.3789785 41.8097404, 2.3790029 41.8097274, 2.3790273 41.8097144, 2.3790604 41.8096988, 2.3790935 41.8096845, 2.3791231 41.8096702, 2.379151 41.8096481, 2.3791562 41.8096234, 2.3791562 41.8095987, 2.3791528 41.8095753, 2.3791528 41.8095533, 2.3791615 41.8095299, 2.3793184 41.8093999, 2.3794718 41.809335, 2.3795206 41.809257, 2.3795362 41.8092388, 2.3795467 41.8092168, 2.3795624 41.8091986, 2.3795833 41.8091817, 2.3796077 41.8091661, 2.379653 41.809144, 2.3796809 41.8091297, 2.379714 41.8091154, 2.3797883 41.8090775)",2,"[116686100, 160837717]",2
1866,5460568230,5460568244,"LINESTRING (2.3756449 41.8114793, 2.3755812 41.8114504, 2.37549 41.8114267)",2,"[116686100, 160837717]",2
1867,5460568231,9062435812,"LINESTRING (2.3518003 41.8126383, 2.3518156 41.8126658, 2.3518339 41.8126876, 2.3518667 41.812693, 2.3518995 41.812693, 2.3519305 41.8126862, 2.3519742 41.8126713, 2.3520052 41.8126604, 2.3520326 41.8126482, 2.3520563 41.8126319, 2.3520745 41.8126115, 2.3521 41.8125938, 2.3521219 41.8125789, 2.3521456 41.8125612, 2.3521693 41.8125476, 2.3521948 41.8125327, 2.3522221 41.8125205, 2.3523187 41.8124648, 2.3523479 41.8124566, 2.3523771 41.8124471, 2.3524117 41.8124362, 2.3524445 41.8124281, 2.3524791 41.8124186, 2.3525065 41.8124077, 2.3525356 41.8123955, 2.3525593 41.8123819, 2.3525849 41.8123642, 2.3526031 41.8123466, 2.3526323 41.8123085, 2.3526377 41.8122854, 2.3526395 41.812261, 2.352645 41.8122365, 2.3526505 41.8122121, 2.3526614 41.8121727, 2.3526742 41.8121441, 2.3526869 41.8121183, 2.3527015 41.8120952, 2.3527179 41.8120735, 2.3527416 41.8120409, 2.3527599 41.8120178, 2.3528546 41.8119268, 2.3528747 41.8119091, 2.3529002 41.8118887, 2.3529585 41.8118507, 2.3529968 41.8118317, 2.3530278 41.8118208, 2.3530588 41.811814, 2.3530916 41.8118059, 2.3531499 41.8117977, 2.3532064 41.811795, 2.3532447 41.8117909, 2.3532793 41.8117896, 2.3533122 41.8117896, 2.3533413 41.8117896, 2.3533869 41.81178, 2.3534233 41.8117692, 2.3534507 41.8117556, 2.3534799 41.811742, 2.35354 41.8117148, 2.3535965 41.8116877, 2.3536275 41.8116727, 2.3536512 41.8116564, 2.3536876 41.8116374, 2.3537186 41.8116184, 2.3537442 41.8116048, 2.3540121 41.8114485, 2.3540413 41.811439, 2.3540777 41.8114282, 2.3544131 41.8113195, 2.3544441 41.8113032, 2.3544751 41.8112869, 2.3545061 41.8112692, 2.3545298 41.8112543, 2.3545845 41.811223, 2.3546082 41.8112081, 2.35463 41.8111918, 2.3546483 41.8111741, 2.3546555 41.811151, 2.3546774 41.8111347, 2.3547102 41.811132, 2.3547412 41.811132, 2.3547704 41.811132, 2.3548032 41.8111374, 2.3548342 41.8111415, 2.3548652 41.8111456, 2.3549964 41.8111803, 2.3550803 41.8112217, 2.3551204 41.8112488, 2.3551581 41.8113166)",1,[119551473],1
1868,5460568244,12323930901,"LINESTRING (2.37549 41.8114267, 2.3752513 41.8118047, 2.3745662 41.8126162, 2.3740035 41.8133547, 2.3736977 41.8136738, 2.3733674 41.8143212, 2.3729637 41.8147314, 2.3726089 41.8152602, 2.3723643 41.8158073, 2.3723398 41.8161811, 2.3720707 41.8163452, 2.3722542 41.8168102, 2.3726212 41.8170016, 2.3726823 41.8174848, 2.3726701 41.8176945, 2.3725233 41.8177492, 2.372335 41.8181403)",1,[160837717],1
1965,6591731962,6591731967,"LINESTRING (2.3757363 41.8482976, 2.3756659 41.8482572, 2.3755034 41.848219, 2.3751122 41.8481219, 2.3748898 41.8481059, 2.3746746 41.8481117)",1,[158766251],1
1966,6591755803,6594924933,"LINESTRING (2.3691391 41.8445371, 2.3691562 41.8443937, 2.369199 41.8443189, 2.36924 41.844277, 2.3694206 41.8442153, 2.3695453 41.8442409, 2.3696144 41.844277, 2.3697078 41.8444383, 2.3698382 41.8445833, 2.3702367 41.8447889, 2.3704237 41.8448848)",1,[158766251],1
1977,6594924787,6594924868,"LINESTRING (2.35944 41.8405128, 2.3597324 41.8404708, 2.3599523 41.8404448, 2.3602071 41.8403549, 2.3604029 41.840245, 2.3605773 41.8400671, 2.3609152 41.8397954, 2.3610708 41.8397154, 2.3613846 41.8395676, 2.361457 41.8395696, 2.3614651 41.8396095, 2.3613578 41.8397634, 2.3613203 41.8399053, 2.3612639 41.8400452, 2.3612908 41.840223, 2.3613095 41.8403989)",1,[158766251],1
1978,6594924868,8910004188,"LINESTRING (2.3613095 41.8403989, 2.3613015 41.8404668, 2.3610359 41.8408025, 2.361052 41.8408445, 2.3611432 41.8408944, 2.361221 41.8409344, 2.3612612 41.8410263, 2.3612237 41.8411082, 2.3610976 41.8412881, 2.3610789 41.841412, 2.3610118 41.8415259, 2.360875 41.8416218, 2.360765 41.8416877, 2.3606256 41.8417357, 2.3604861 41.8417876, 2.3601991 41.8420714, 2.3600194 41.8422772, 2.3600435 41.8423991, 2.3600569 41.842457, 2.3601615 41.842537, 2.3601294 41.8426209, 2.3600784 41.8426868, 2.3599523 41.8427687, 2.3599014 41.8427907, 2.3597833 41.8428747, 2.3596412 41.8429146, 2.3594293 41.8429086, 2.3586863 41.8428707, 2.3585871 41.8428926, 2.3583242 41.8430325, 2.3583001 41.8430984, 2.3581955 41.8432303, 2.3581231 41.8432643, 2.358048 41.8433282, 2.3580506 41.8433942, 2.3580667 41.843572, 2.3580319 41.8436999, 2.3577368 41.8439237, 2.3576081 41.8440456, 2.3576134 41.8441775, 2.3575786 41.8443513, 2.3574847 41.8445371, 2.3573774 41.8447809, 2.3573023 41.8449228, 2.3572379 41.8451346, 2.3571923 41.8453843, 2.3571441 41.8454882, 2.3569751 41.845704, 2.3568249 41.8458898, 2.356739 41.8460697, 2.3566827 41.8462615, 2.356672 41.8464433, 2.3566774 41.8466231, 2.356672 41.8468889, 2.3566639 41.8470527, 2.3565942 41.8472625, 2.3564976 41.8474084, 2.356267 41.8476342, 2.3561811 41.847772, 2.3562053 41.8478439, 2.3562053 41.8479538, 2.3559505 41.8481576, 2.3559022 41.8482535, 2.3559612 41.8483654, 2.3561087 41.8485333, 2.3562589 41.8488589, 2.3564923 41.8494184, 2.3565164 41.8495183, 2.356444 41.849738, 2.3564386 41.8498479, 2.3564547 41.8499578, 2.3565111 41.8500317, 2.3566559 41.8502335, 2.3567149 41.8503314, 2.3566854 41.8504893, 2.3566908 41.8506351, 2.3567525 41.8508169, 2.3567954 41.8510008, 2.3567793 41.8511985, 2.3567873 41.8515042, 2.3567215 41.851782)",1,[158766251],1
2001,6903901355,9698968690,"LINESTRING (2.3846671 41.8452696, 2.3847036 41.8452673, 2.3847426 41.8452629, 2.3849013 41.8452327, 2.3850446 41.84523, 2.3851759 41.8451936, 2.3852809 41.8451118, 2.3853991 41.8450673, 2.3855793 41.8450682, 2.3857965 41.8451571, 2.3860508 41.8452016, 2.3863289 41.8451429, 2.3864733 41.8450273, 2.386601 41.8449873, 2.3868928 41.8450088, 2.3870009 41.8450335, 2.3871202 41.8450362, 2.3873278 41.845019)",1,[149603903],1
2112,7256091578,7256091624,"LINESTRING (2.3663305 41.8138499, 2.366253 41.813858, 2.366186 41.813866, 2.366119 41.81387, 2.366052 41.81387, 2.365945 41.813862, 2.365867 41.813847, 2.365782 41.813789, 2.365799 41.813702, 2.365739 41.813694, 2.365678 41.813702, 2.365622 41.813725, 2.365344 41.813835, 2.36498 41.813912, 2.364713 41.813996, 2.364434 41.814053, 2.364225 41.814079, 2.36415 41.814087, 2.364075 41.814087, 2.364001 41.814072, 2.363918 41.814022, 2.363854 41.813999, 2.363789 41.813996, 2.363432 41.814045, 2.363344 41.814075, 2.363117 41.81422, 2.36289 41.814365, 2.362736 41.814507, 2.362521 41.814724, 2.362296 41.814888, 2.362036 41.814999, 2.361925 41.815064, 2.361847 41.815132, 2.3617 41.815426, 2.361555 41.815601, 2.361415 41.81575, 2.361379 41.815785, 2.361334 41.815815, 2.361189 41.815895, 2.361036 41.815991, 2.360966 41.816101, 2.360824 41.81625, 2.360752 41.816345, 2.360688 41.816399, 2.360328 41.816593, 2.360057 41.816708, 2.3597928 41.8167862)",1,[160837717],1
2113,7256091624,9062429204,"LINESTRING (2.3597928 41.8167862, 2.3598067 41.8167557, 2.3598908 41.816452, 2.3600786 41.8158338, 2.3601146 41.8157846, 2.360438 41.8156313, 2.3606172 41.8154424, 2.3607787 41.8152958, 2.36088 41.815036, 2.3611033 41.8147172, 2.3612453 41.814516, 2.3613725 41.8144118, 2.3617644 41.8140606, 2.3619046 41.8137269, 2.3619245 41.8136447, 2.361888 41.8135365, 2.3619183 41.8134905, 2.3619121 41.8133566, 2.3619395 41.8133089, 2.3620833 41.8130796, 2.3621907 41.8129888, 2.3623574 41.8128568, 2.3624281 41.8127631, 2.3625425 41.812538, 2.362617 41.812476, 2.3629158 41.8122152, 2.3632341 41.8120462)",3,"[116686100, 119551473, 160837717]",4
2228,7925498375,12323981368,"LINESTRING (2.3658193 41.8325278, 2.3653703 41.8325812, 2.364702 41.8329194, 2.3640877 41.8330271)",1,[149603903],1
2243,7969237899,7969237901,"LINESTRING (2.3485181 41.8015012, 2.3486569 41.8014452, 2.3486623 41.8013992)",5,"[116686100, 119551473, 141252055, 148046117, 160837717]",7
2554,9062423752,9062423759,"LINESTRING (2.3736839 41.8050547, 2.3737927 41.8051993, 2.3739165 41.8052916, 2.374096 41.8053721, 2.374483 41.805467, 2.374598 41.8054891, 2.3748438 41.8055878, 2.3749466 41.8056541, 2.3749989 41.8057061, 2.375027 41.8057596)",2,"[119551473, 148046117]",2
2556,9062429172,9062429192,"LINESTRING (2.3724448 41.8098968, 2.3723894 41.8099225, 2.3718564 41.8101868, 2.371169 41.8106079, 2.3709957 41.8106479, 2.3707329 41.8107319, 2.3705118 41.810812, 2.3702871 41.810931, 2.3701133 41.811036, 2.3698322 41.8111343, 2.3697367 41.8111556, 2.3696315 41.8111515, 2.3695033 41.8111318, 2.3692914 41.8111278, 2.3691686 41.8111541, 2.3689342 41.8112472, 2.3688505 41.8112672, 2.3687472 41.8112786, 2.368637 41.811244, 2.3685367 41.8112209, 2.3684117 41.8112315, 2.3683017 41.8112616, 2.3681676 41.8113304, 2.368004 41.8113852, 2.3677787 41.8114219, 2.3675936 41.8114355, 2.3674217 41.811425, 2.3671135 41.8114377)",3,"[116686100, 119551473, 160837717]",4
2557,9062429192,9062429204,"LINESTRING (2.3671135 41.8114377, 2.3667598 41.8114522, 2.3664681 41.8114387, 2.3659833 41.8115354, 2.3654833 41.8116585, 2.3645974 41.8116423, 2.3642265 41.8117723, 2.3638639 41.8118191, 2.3633274 41.8119967, 2.3632341 41.8120462)",3,"[116686100, 119551473, 160837717]",4
2562,9062429577,9062429583,"LINESTRING (2.3878923 41.8451343, 2.3876985 41.8452174, 2.3874029 41.8453182)",1,[149603903],1
2563,9062429583,9698968690,"LINESTRING (2.3874029 41.8453182, 2.3873639 41.8452105, 2.3873278 41.845019)",1,[149603903],1
2838,12323327071,12323327089,"LINESTRING (2.3779151 41.8063483, 2.3780516 41.806017, 2.3781405 41.805988, 2.3784787 41.8060554, 2.3787467 41.8060809, 2.3789914 41.8061344, 2.379127 41.8060902, 2.3792798 41.8060879, 2.3794123 41.8059485, 2.3798564 41.8058265, 2.3800466 41.8058439, 2.3801526 41.8058114, 2.3802243 41.8057591, 2.380271 41.8056162, 2.3803412 41.8054478, 2.3804035 41.8053618, 2.3804066 41.805227, 2.3804549 41.805126, 2.3804963 41.8049304)",2,"[141252055, 160837717]",2
2839,12323345503,12323345505,"LINESTRING (2.3769357 41.8110319, 2.376745 41.8114692, 2.3769088 41.8118529)",1,[160837717],1
2842,12323907938,12337025233,"LINESTRING (2.4055497 41.8213077, 2.4055816 41.8214071, 2.4056668 41.8215766, 2.405949 41.8219292, 2.4060735 41.8221292, 2.4060679 41.8223621, 2.4059905 41.8226157, 2.4059683 41.8229559, 2.4061205 41.8235249, 2.4064276 41.8238197, 2.4064504 41.823906)",2,"[179545648, 185762440]",2
