id,edge_id,lon,lat,elev,dist,km,time,elev_diff,pace,clean_lon,clean_lat
1,1366,2.666487,42.474347,235.1,0.0,0,0.0,0.0,0.0,2.6666016,42.474297
2,1366,2.666485,42.474352,232.3,0.0,0,0.02,-2.799999999999983,2.09,2.6666031,42.4743
3,1367,2.666583,42.474282,236.6,0.01,0,0.27,4.299999999999983,2.69,2.666641,42.474518
4,1316,2.666584,42.474206,245.2,0.02,0,0.68,8.599999999999994,1.22,2.6665254,42.473996
5,1316,2.666544,42.474124,243.8,0.03,0,0.98,-1.3999999999999773,1.94,2.6665095,42.474001
6,1316,2.666601,42.474049,240.9,0.04,0,1.3,-2.9000000000000057,1.81,2.6665819,42.473981
7,1316,2.666835,42.474011,233.7,0.06,0,1.65,-7.200000000000017,3.38,2.6668087,42.473917
8,1316,2.667048,42.47397,230.8,0.08,0,1.92,-2.8999999999999773,4.07,2.6670169,42.473859
9,1316,2.667188,42.473912,227.9,0.09,0,2.13,-2.9000000000000057,3.65,2.667164,42.47382
10,1316,2.667351,42.473872,225.5,0.1,0,2.37,-2.4000000000000057,3.63,2.6673264,42.473778
11,1316,2.667373,42.473871,225.5,0.11,0,2.38,0.0,6.53,2.6673473,42.473772
12,1317,2.667642,42.473842,226.5,0.13,0,2.7,1.0,4.24,2.6676044,42.473701
13,1317,2.667839,42.473802,225.5,0.15,0,2.93,-1.0,4.32,2.6677977,42.473649
14,1317,2.667912,42.473767,225.0,0.15,0,3.05,-0.5,3.68,2.6678746,42.473628
15,1317,2.668103,42.473686,223.6,0.17,0,3.32,-1.4000000000000057,4.07,2.668073,42.473575
16,1317,2.668206,42.47365,221.7,0.18,0,3.47,-1.9000000000000057,3.75,2.6681781,42.473546
17,1317,2.668375,42.473582,218.3,0.2,0,3.72,-3.3999999999999773,3.8,2.6683527,42.473499
18,1317,2.668558,42.473527,216.9,0.21,0,3.97,-1.4000000000000057,3.9,2.6685371,42.47345
19,1317,2.66871,42.473489,216.4,0.23,0,4.17,-0.5,3.96,2.6686883,42.473409
20,1317,2.668894,42.473442,216.4,0.24,0,4.4,0.0,4.12,2.6688716,42.473359
21,1317,2.669034,42.473429,216.4,0.25,0,4.65,0.0,2.78,2.6690053,42.473323
22,1317,2.669101,42.473437,245.2,0.26,0,6.43,28.799999999999983,0.19,2.6690658,42.473307
23,1321,2.669193,42.473329,231.3,0.27,0,6.65,-13.899999999999977,3.93,2.6691756,42.473275
24,1321,2.669215,42.473329,230.3,0.27,0,6.68,-1.0,3.26,2.6691955,42.473268
25,1321,2.669377,42.473326,225.5,0.29,0,6.9,-4.800000000000011,3.69,2.6693432,42.473221
26,1321,2.669447,42.473328,225.5,0.29,0,6.98,0.0,4.15,2.6694061,42.473201
27,1321,2.66949,42.473303,225.0,0.3,0,7.03,-0.5,5.4,2.6694523,42.473186
28,1345,2.66967,42.473246,222.2,0.31,0,7.28,-2.8000000000000114,3.86,2.6696362,42.473131
29,1212,2.669813,42.473209,218.3,0.33,0,7.52,-3.8999999999999773,3.2,2.6698738,42.473175
30,1212,2.669891,42.473186,219.3,0.33,0,7.63,1.0,3.55,2.6698828,42.473191
31,1343,2.669856,42.473083,227.0,0.35,0,7.87,7.699999999999989,3.03,2.6698463,42.47308
32,1343,2.669838,42.473004,230.8,0.35,0,8.08,3.8000000000000114,2.46,2.6698587,42.473007
33,7569,2.669816,42.472856,232.7,0.37,0,8.32,1.8999999999999773,4.25,2.6698013,42.472866
34,7569,2.669819,42.472852,230.8,0.37,0,8.6,-1.8999999999999773,0.11,2.6698004,42.472864
35,1360,2.669923,42.472825,227.4,0.38,0,8.88,-3.4000000000000057,1.92,2.6699301,42.472841
36,1360,2.669954,42.472853,228.4,0.38,0,9.27,1.0,0.63,2.6699452,42.472834
37,1360,2.670045,42.472758,230.3,0.4,0,9.57,1.9000000000000057,2.59,2.6700564,42.472783
38,1359,2.670073,42.472721,229.4,0.4,0,9.88,-0.9000000000000057,0.89,2.6700666,42.472731
39,1346,2.669932,42.472576,229.4,0.42,0,10.13,0.0,4.76,2.6699295,42.472571
40,1349,2.670099,42.472573,225.5,0.44,0,10.42,-3.9000000000000057,2.91,2.6700504,42.472618
41,1349,2.670067,42.472513,224.1,0.44,0,10.68,-1.4000000000000057,1.61,2.6700057,42.47257
42,1347,2.670013,42.472484,224.1,0.45,0,10.98,0.0,1.1,2.6700306,42.472513
43,7160,2.670117,42.472523,225.0,0.46,0,11.17,0.9000000000000057,3.14,2.6701508,42.472447
44,7160,2.670212,42.472541,225.5,0.47,0,11.32,0.5,3.23,2.6702367,42.472486
45,7160,2.670403,42.472625,227.4,0.48,0,11.58,1.9000000000000057,4.11,2.6704272,42.472571
46,7160,2.670574,42.472749,223.6,0.5,0,11.83,-3.8000000000000114,4.72,2.670606,42.472636
47,1344,2.670521,42.472701,221.2,0.51,0,12.2,-2.4000000000000057,1.13,2.6705804,42.472779
48,1344,2.670623,42.472797,219.3,0.52,0,12.48,-1.8999999999999773,2.87,2.6705984,42.472765
49,1362,2.670552,42.47287,219.8,0.53,0,12.73,0.5,2.4,2.6704164,42.473031
50,1362,2.670442,42.472944,214.9,0.55,0,12.93,-4.900000000000006,3.67,2.6703887,42.473007
51,1362,2.670411,42.472962,214.0,0.55,0,12.98,-0.9000000000000057,3.89,2.6703794,42.472999
52,1361,2.670205,42.473016,210.6,0.57,0,13.25,-3.4000000000000057,4.04,2.6702884,42.472927
53,1343,2.670052,42.473051,203.4,0.58,0,13.47,-7.199999999999989,3.65,2.6698562,42.473026
54,1344,2.669939,42.473124,196.7,0.59,0,13.72,-6.700000000000017,2.96,2.6699315,42.473086
55,1212,2.669912,42.473183,201.0,0.6,0,13.93,4.300000000000011,1.92,2.6698866,42.473197
56,1212,2.669898,42.473336,210.6,0.62,0,14.2,9.599999999999994,3.83,2.6699488,42.473307
57,1212,2.669901,42.473387,212.5,0.62,0,14.28,1.9000000000000057,4.08,2.6699711,42.473343
58,1212,2.669976,42.473527,216.4,0.64,0,14.53,3.9000000000000057,4.02,2.6700555,42.473477
59,1212,2.670117,42.473569,217.8,0.65,0,14.67,1.4000000000000057,5.62,2.6701142,42.473571
60,1209,2.670383,42.473505,218.3,0.68,0,14.93,0.5,5.18,2.6703844,42.47351
61,1209,2.670408,42.473495,218.3,0.68,0,14.97,0.0,4.21,2.6704102,42.473503
62,1209,2.67049,42.473452,217.8,0.69,0,15.08,-0.5,4.25,2.6704975,42.47348
63,1209,2.670593,42.473421,216.9,0.69,0,15.22,-0.9000000000000057,4.11,2.6706014,42.473453
64,1209,2.670652,42.473383,213.0,0.7,0,15.33,-3.9000000000000057,3.31,2.6706659,42.473435
65,1209,2.670742,42.473362,213.0,0.71,0,15.43,0.0,4.66,2.6707552,42.473412
66,1363,2.670894,42.473266,210.6,0.73,0,15.7,-2.4000000000000057,3.7,2.670919,42.473373
67,1363,2.670962,42.473245,211.1,0.73,0,15.77,0.5,5.45,2.6709882,42.473357
68,1363,2.67123,42.473219,214.0,0.75,0,16.05,2.9000000000000057,4.71,2.671248,42.473296
69,1363,2.671444,42.473195,213.0,0.77,0,16.33,-1.0,3.77,2.6714543,42.473258
70,1363,2.671564,42.47323,213.0,0.78,0,16.55,0.0,2.94,2.6715656,42.47324
71,1363,2.671577,42.473278,213.5,0.79,0,16.63,0.5,3.92,2.6715706,42.473239
72,1363,2.671683,42.473298,214.0,0.8,0,16.77,0.5,4.05,2.6716749,42.473227
73,1363,2.672,42.473283,214.0,0.82,0,17.12,0.0,4.48,2.6720052,42.473218
74,1363,2.67227,42.473309,214.0,0.85,0,17.43,0.0,4.24,2.6722755,42.47324
75,1363,2.672556,42.473335,214.9,0.87,0,17.77,0.9000000000000057,4.27,2.6725531,42.47326
76,1363,2.672731,42.473337,214.9,0.88,0,17.98,0.0,3.99,2.6727278,42.473253
77,1363,2.672912,42.473327,216.4,0.9,0,18.22,1.5,3.84,2.6729068,42.473243
78,1363,2.673043,42.473319,216.9,0.91,0,18.48,0.5,2.43,2.6730375,42.473235
79,1363,2.673063,42.473299,216.9,0.91,0,18.72,0.0,0.71,2.6730587,42.473234
80,1363,2.673145,42.473291,217.4,0.92,0,19.05,0.5,1.22,2.6731409,42.473228
81,1363,2.67345,42.473299,216.4,0.94,0,19.38,-1.0,4.52,2.6734464,42.473208
82,7428,2.67364,42.473318,214.0,0.96,0,19.65,-2.4000000000000057,3.55,2.6736405,42.473248
83,393,2.673783,42.473357,209.7,0.97,0,19.88,-4.300000000000011,3.22,2.6738073,42.473286
84,393,2.673868,42.473423,205.3,0.98,0,20.13,-4.399999999999977,2.43,2.6739037,42.473319
85,393,2.674003,42.473532,204.4,1.0,1,20.37,-0.9000000000000057,4.22,2.6740579,42.473371
86,392,2.674148,42.47364,203.4,1.02,1,20.57,-1.0,5.07,2.6742512,42.473471
87,392,2.674248,42.473692,202.9,1.03,1,20.68,-0.5,5.17,2.6743472,42.47353
88,392,2.67463,42.473815,211.1,1.06,1,20.98,8.199999999999989,6.85,2.6746799,42.473735
89,392,2.674687,42.473859,213.5,1.07,1,21.08,2.4000000000000057,4.06,2.6747406,42.473774
90,392,2.67491,42.473973,216.9,1.09,1,21.42,3.4000000000000057,4.01,2.6749519,42.473906
91,395,2.675156,42.474156,216.4,1.12,1,21.8,-0.5,4.49,2.6752024,42.474169
92,395,2.675183,42.474205,215.4,1.12,1,21.9,-1.0,3.53,2.6751914,42.474207
93,394,2.67533,42.474365,215.9,1.14,1,22.22,0.5,4.07,2.675365,42.474357
94,394,2.675416,42.474517,215.4,1.16,1,22.5,-0.5,3.88,2.675395,42.47452
95,394,2.675475,42.47473,211.6,1.19,1,22.77,-3.8000000000000114,5.43,2.6754346,42.474739
96,394,2.675419,42.474804,211.1,1.2,1,22.97,-0.5,2.83,2.6754368,42.474806
97,394,2.675402,42.474853,214.0,1.2,1,23.18,2.9000000000000057,1.56,2.6754309,42.474856
98,394,2.675415,42.474681,216.4,1.22,1,23.48,2.4000000000000057,3.83,2.6754216,42.47468
99,394,2.675426,42.474501,218.8,1.24,1,23.75,2.4000000000000057,4.5,2.6753928,42.474506
100,394,2.675317,42.474278,215.9,1.27,1,24.08,-2.9000000000000057,4.74,2.6753445,42.474271
101,394,2.675283,42.474258,215.9,1.27,1,24.13,0.0,4.29,2.6753185,42.474232
102,395,2.675233,42.474263,215.4,1.28,1,24.18,-0.5,4.98,2.6751797,42.474248
103,395,2.675135,42.474433,215.9,1.3,1,24.48,0.5,4.11,2.6751266,42.474431
104,395,2.675104,42.474524,215.9,1.31,1,24.63,0.0,4.17,2.6750999,42.474523
105,395,2.675069,42.47462,213.0,1.32,1,24.8,-2.9000000000000057,3.98,2.6750715,42.474621
106,395,2.675004,42.474732,213.0,1.33,1,25.07,0.0,3.05,2.6750094,42.47474
107,395,2.674995,42.474734,213.0,1.33,1,25.32,0.0,0.19,2.6750022,42.474745
108,395,2.675018,42.474736,210.6,1.33,1,25.63,-2.4000000000000057,0.36,2.6750172,42.474735
109,395,2.674941,42.474803,209.7,1.34,1,25.88,-0.9000000000000057,2.35,2.6749329,42.474791
110,395,2.674886,42.474831,208.7,1.35,1,26.12,-1.0,1.41,2.6748818,42.474825
111,395,2.674773,42.474914,208.7,1.36,1,26.37,0.0,3.14,2.674765,42.474902
112,7080,2.674675,42.474998,207.7,1.37,1,26.63,-1.0,2.77,2.6746759,42.474999
113,7080,2.674654,42.475067,206.8,1.38,1,26.82,-0.8999999999999773,2.57,2.674638,42.475057
114,7080,2.674628,42.475161,203.4,1.39,1,27.03,-3.4000000000000057,2.95,2.6745913,42.475144
115,7080,2.674597,42.475271,202.0,1.41,1,27.28,-1.4000000000000057,3.0,2.6745477,42.475255
116,7080,2.674547,42.475382,202.0,1.42,1,27.53,0.0,3.12,2.6745108,42.47537
117,1378,2.674476,42.475491,202.9,1.43,1,27.78,0.9000000000000057,3.23,2.6744435,42.475483
118,1378,2.674378,42.475599,202.4,1.45,1,28.03,-0.5,3.47,2.6743744,42.475597
119,1378,2.674289,42.475631,202.9,1.45,1,28.17,0.5,3.66,2.6743321,42.47566
120,1378,2.6742,42.475648,204.4,1.46,1,28.28,1.5,3.89,2.6742967,42.475713
121,1380,2.674111,42.475642,205.8,1.47,1,28.38,1.4000000000000057,4.41,2.6740521,42.475628
122,1380,2.674042,42.475846,207.7,1.49,1,28.68,1.8999999999999773,4.67,2.6740017,42.475837
123,1380,2.673974,42.476039,209.2,1.51,1,28.98,1.5,4.43,2.6739553,42.476035
124,1378,2.673924,42.476222,209.2,1.54,1,29.27,0.0,4.39,2.6739347,42.476228
125,1381,2.673816,42.476373,210.6,1.55,1,29.52,1.4000000000000057,4.56,2.6738251,42.476368
126,1379,2.673652,42.476524,211.1,1.58,1,29.82,0.5,4.3,2.673642,42.476504
127,1382,2.673569,42.476582,211.1,1.59,1,29.95,0.0,4.22,2.6735705,42.476586
128,1382,2.673439,42.476738,213.5,1.61,1,30.23,2.4000000000000057,4.31,2.6733603,42.476692
129,1382,2.673263,42.476906,210.1,1.63,1,30.57,-3.4000000000000057,4.25,2.6732383,42.476888
130,1382,2.673252,42.476915,209.7,1.63,1,30.58,-0.4000000000000057,4.85,2.6732302,42.476899
131,1382,2.67321,42.476956,208.2,1.64,1,30.67,-1.5,4.12,2.673196,42.476946
132,1382,2.67303,42.477145,206.8,1.66,1,31.0,-1.3999999999999773,4.62,2.6730295,42.477145
133,1382,2.672874,42.47729,207.3,1.68,1,31.28,0.5,4.36,2.6728722,42.477284
134,1382,2.672865,42.477297,207.3,1.68,1,31.3,0.0,3.86,2.672862,42.477287
135,1383,2.672849,42.477311,207.7,1.69,1,31.33,0.39999999999997726,3.67,2.6728369,42.477305
136,1383,2.672768,42.47736,207.7,1.69,1,31.47,0.0,3.87,2.6728041,42.477377
137,1383,2.672699,42.477507,202.4,1.71,1,31.72,-5.299999999999983,4.15,2.6727361,42.477524
138,1383,2.672667,42.477638,196.2,1.73,1,31.97,-6.200000000000017,3.55,2.6726806,42.477644
139,1383,2.672617,42.47774,194.8,1.74,1,32.15,-1.3999999999999773,3.94,2.6726331,42.477747
140,1383,2.672582,42.477761,193.3,1.74,1,32.22,-1.5,3.33,2.6726189,42.477778
141,1383,2.672549,42.477838,199.1,1.75,1,32.4,5.799999999999983,2.94,2.6725839,42.477854
142,1383,2.672575,42.477937,204.4,1.76,1,32.6,5.300000000000011,3.36,2.6725508,42.477926
143,1383,2.672452,42.478042,200.5,1.78,1,32.83,-3.9000000000000057,3.97,2.6724893,42.478059
144,1383,2.672375,42.478219,202.4,1.8,1,33.13,1.9000000000000057,4.13,2.6724084,42.478234
145,1383,2.672375,42.47829,201.0,1.81,1,33.42,-1.4000000000000057,1.67,2.6723814,42.478293
146,1383,2.672399,42.478323,201.0,1.81,1,33.57,0.0,1.67,2.6723731,42.478311
147,1383,2.672428,42.478353,202.4,1.81,1,33.85,1.4000000000000057,0.87,2.6723668,42.478325
148,1383,2.672417,42.478366,202.0,1.82,1,33.93,-0.4000000000000057,1.23,2.6723599,42.47834
149,1383,2.672407,42.478379,202.0,1.82,1,33.97,0.0,2.99,2.6723532,42.478354
150,11426,2.67226,42.478509,202.0,1.84,1,34.27,0.0,3.77,2.6722545,42.478514
151,10227,2.672212,42.478601,199.6,1.85,1,34.53,-2.4000000000000057,2.46,2.6722359,42.478612
152,10227,2.672123,42.478772,200.5,1.87,1,34.85,0.9000000000000057,3.86,2.6721579,42.478787
153,10227,2.67208,42.478892,199.6,1.88,1,35.08,-0.9000000000000057,3.55,2.6721064,42.478904
154,10227,2.671999,42.479019,195.7,1.9,1,35.33,-3.9000000000000057,3.74,2.6720461,42.47904
155,10227,2.671961,42.479157,196.2,1.91,1,35.55,0.5,4.33,2.6719881,42.479169
156,10227,2.671879,42.479314,195.7,1.93,1,35.78,-0.5,4.81,2.6719191,42.47933
157,10227,2.671874,42.479327,195.7,1.93,1,35.8,0.0,5.41,2.671914,42.479343
158,10227,2.671868,42.47946,198.1,1.95,1,36.0,2.4000000000000057,4.43,2.6718756,42.479462
159,10227,2.671787,42.479638,198.1,1.97,1,36.27,0.0,4.69,2.6718248,42.479648
160,10227,2.671759,42.479794,196.7,1.99,1,36.55,-1.4000000000000057,3.7,2.6717883,42.479798
161,10227,2.671742,42.479882,193.8,2.0,2,36.75,-2.8999999999999773,2.96,2.6717753,42.479887
162,10227,2.671683,42.480007,193.3,2.01,2,36.98,-0.5,3.78,2.6717562,42.480018
163,10227,2.671689,42.480212,196.2,2.03,2,37.2,2.8999999999999773,6.31,2.6717391,42.480215
164,10227,2.671674,42.480389,196.2,2.05,2,37.48,0.0,4.17,2.6717277,42.480392
165,10227,2.671665,42.48052,196.2,2.07,2,37.7,0.0,4.03,2.6717307,42.480515
166,10227,2.671654,42.480655,194.3,2.08,2,37.9,-1.8999999999999773,4.51,2.6717408,42.480648
167,10227,2.671677,42.480768,193.8,2.1,2,38.13,-0.5,3.26,2.6717497,42.480759
168,10227,2.671713,42.480825,195.2,2.1,2,38.25,1.3999999999999773,3.59,2.6717574,42.480819
169,10227,2.671765,42.480863,196.7,2.11,2,38.33,1.5,4.33,2.6717641,42.480863
170,10227,2.671787,42.480943,200.5,2.12,2,38.58,3.8000000000000114,2.18,2.6717814,42.480945
171,10227,2.671846,42.481179,204.4,2.14,2,38.92,3.9000000000000057,4.8,2.6718483,42.481178
172,1386,2.671853,42.481275,205.8,2.16,2,39.17,1.4000000000000057,2.56,2.6718737,42.481269
173,1384,2.671932,42.481492,208.2,2.18,2,39.5,2.3999999999999773,4.49,2.6719479,42.481485
174,1384,2.672019,42.481661,207.3,2.2,2,39.78,-0.8999999999999773,4.25,2.6720332,42.481653
175,1384,2.672141,42.481811,207.3,2.22,2,40.08,0.0,3.89,2.6721289,42.481818
176,1384,2.672233,42.481939,209.2,2.24,2,40.37,1.8999999999999773,3.41,2.6722249,42.481945
177,1384,2.672414,42.482107,209.7,2.26,2,40.67,0.5,4.77,2.67238,42.482137
178,1384,2.672561,42.482247,210.6,2.28,2,40.98,0.9000000000000057,3.73,2.6725408,42.482276
179,1384,2.672718,42.482348,208.2,2.3,2,41.25,-2.4000000000000057,3.85,2.672712,42.482362
180,1384,2.672733,42.482373,208.2,2.3,2,41.3,0.0,3.65,2.6727337,42.482371
181,1384,2.67295,42.48247,204.9,2.32,2,41.6,-3.299999999999983,4.17,2.6729525,42.482464
182,1384,2.67315,42.482557,203.4,2.34,2,41.88,-1.5,4.04,2.6731508,42.482555
183,4515,2.673326,42.48264,201.5,2.36,2,42.15,-1.9000000000000057,3.86,2.6733276,42.482636
184,4515,2.673338,42.482646,201.5,2.36,2,42.17,0.0,4.29,2.6733398,42.482642
185,4515,2.673383,42.482657,201.0,2.36,2,42.23,-0.5,3.51,2.6733811,42.482661
186,4515,2.67356,42.482751,199.6,2.38,2,42.5,-1.4000000000000057,4.03,2.6735624,42.482746
187,4515,2.673772,42.482836,199.6,2.4,2,42.8,0.0,3.96,2.6737691,42.482842
188,4515,2.673984,42.482936,199.1,2.42,2,43.1,-0.5,4.13,2.6739815,42.482941
189,4524,2.674202,42.483031,197.6,2.44,2,43.4,-1.5,4.16,2.6741965,42.483043
190,4524,2.67444,42.48314,197.2,2.46,2,43.73,-0.4000000000000057,4.14,2.674433,42.483155
191,4524,2.674452,42.483146,197.2,2.47,2,43.75,0.0,4.29,2.6744451,42.483161
192,4524,2.674681,42.483283,196.7,2.49,2,44.08,-0.5,4.36,2.6746867,42.48327
193,4524,2.674916,42.483415,197.6,2.51,2,44.4,0.9000000000000057,4.6,2.6749316,42.48338
194,4524,2.675139,42.483514,196.7,2.54,2,44.68,-0.9000000000000057,4.53,2.6751541,42.48348
195,4524,2.675361,42.483641,197.2,2.56,2,45.0,0.5,4.37,2.6753862,42.483585
196,1469,2.675591,42.48379,197.2,2.58,2,45.33,0.0,4.52,2.6755881,42.483801
197,1469,2.675724,42.48386,196.2,2.6,2,45.6,-1.0,3.02,2.6757298,42.483838
198,4525,2.675856,42.483966,194.3,2.61,2,45.88,-1.8999999999999773,3.39,2.6758541,42.483973
199,4525,2.676067,42.484035,196.2,2.63,2,46.2,1.8999999999999773,3.59,2.6760638,42.484043
200,4525,2.676324,42.484164,194.8,2.66,2,46.53,-1.3999999999999773,4.6,2.6763316,42.484144
201,4525,2.676553,42.484237,192.8,2.68,2,46.87,-2.0,3.69,2.6765585,42.484198
202,4526,2.676688,42.484329,191.4,2.69,2,47.13,-1.4000000000000057,3.39,2.6767255,42.484271
203,4532,2.6768,42.484276,192.8,2.7,2,47.35,1.4000000000000057,3.03,2.6767898,42.48427
204,4532,2.676977,42.484071,196.2,2.73,2,47.67,3.3999999999999773,5.12,2.6769256,42.484041
205,4532,2.676985,42.484062,196.2,2.73,2,47.68,0.0,4.31,2.6769316,42.48403
206,4532,2.677082,42.483917,197.6,2.75,2,48.0,1.4000000000000057,3.41,2.6770203,42.48388
207,4532,2.677184,42.483748,198.1,2.77,2,48.3,0.5,4.11,2.6771208,42.483711
208,4532,2.677242,42.483651,197.6,2.78,2,48.58,-0.5,2.5,2.6771784,42.483613
209,4532,2.677226,42.483615,198.1,2.79,2,48.78,0.5,1.26,2.67719,42.483594
210,4532,2.677216,42.483587,198.6,2.79,2,49.23,0.5,0.43,2.6771997,42.483577
211,4532,2.677179,42.483585,196.7,2.79,2,49.57,-1.9000000000000057,0.55,2.677191,42.483592
212,4532,2.677192,42.483653,197.6,2.8,2,49.82,0.9000000000000057,1.83,2.6771645,42.483637
213,4532,2.677073,42.483773,192.4,2.82,2,50.1,-5.199999999999989,3.5,2.6770811,42.483778
214,4532,2.676943,42.483961,189.0,2.84,2,50.43,-3.4000000000000057,4.22,2.6769649,42.483974
215,4532,2.676852,42.484115,186.1,2.86,2,50.7,-2.9000000000000057,4.2,2.6768738,42.484128
216,4526,2.676696,42.484269,185.6,2.88,2,51.03,-0.5,3.85,2.6767038,42.484257
217,4526,2.676656,42.484269,188.0,2.88,2,51.08,2.4000000000000057,3.95,2.6766787,42.484239
218,4527,2.676452,42.484185,192.4,2.9,2,51.4,4.400000000000006,3.64,2.6764877,42.484123
219,4527,2.676248,42.484117,195.2,2.92,2,51.75,2.799999999999983,3.15,2.6763047,42.484018
220,4527,2.676105,42.484062,201.0,2.93,2,52.08,5.800000000000011,2.39,2.676161,42.48394
221,1469,2.6759,42.483916,205.3,2.96,2,52.38,4.300000000000011,4.68,2.6759004,42.483877
222,1469,2.675719,42.483864,207.7,2.97,2,52.65,2.3999999999999773,3.59,2.675726,42.483837
223,1469,2.675538,42.483858,207.3,2.99,2,52.93,-0.39999999999997726,3.15,2.6755548,42.483793
224,1462,2.675321,42.483845,208.7,3.01,3,53.3,1.3999999999999773,2.93,2.6752785,42.483879
225,1462,2.675288,42.48382,210.1,3.01,3,53.55,1.4000000000000057,0.93,2.6752785,42.483879
226,1462,2.675293,42.483835,212.5,3.01,3,53.83,2.4000000000000057,0.36,2.6752785,42.483879
227,1462,2.675154,42.483834,215.4,3.02,3,54.12,2.9000000000000057,2.42,2.6750411,42.483841
228,1462,2.675073,42.483871,215.9,3.03,3,54.42,0.5,1.57,2.6750769,42.483847
229,1460,2.674971,42.483836,220.2,3.04,3,54.67,4.299999999999983,2.22,2.6749716,42.483832
230,1460,2.67478,42.48388,219.3,3.06,3,54.97,-0.8999999999999773,3.29,2.6747781,42.483826
231,1460,2.67454,42.483836,219.3,3.08,3,55.3,0.0,3.66,2.6745399,42.483834
232,1463,2.674491,42.483866,221.7,3.08,3,55.57,2.3999999999999773,1.18,2.6745241,42.483875
233,1487,2.674533,42.484003,223.1,3.1,3,56.03,1.4000000000000057,2.01,2.6744944,42.483995
234,1487,2.674528,42.483989,225.5,3.1,3,56.6,2.4000000000000057,0.17,2.674497,42.483982
235,1487,2.674516,42.483969,228.4,3.1,3,57.13,2.9000000000000057,0.27,2.6745006,42.483966
236,1487,2.674475,42.483956,228.9,3.11,3,57.52,0.5,0.57,2.6745015,42.483962
237,1483,2.674419,42.484058,229.8,3.12,3,57.82,0.9000000000000057,2.45,2.6744208,42.484041
238,1483,2.674399,42.484091,228.9,3.12,3,58.12,-0.9000000000000057,0.8,2.6744045,42.484039
239,1486,2.674495,42.484083,227.9,3.13,3,58.52,-1.0,1.19,2.6745037,42.484054
240,1486,2.67469,42.484038,230.3,3.15,3,58.85,2.4000000000000057,3.02,2.6746907,42.484044
241,1451,2.674863,42.484111,236.1,3.16,3,59.18,5.799999999999983,2.95,2.6748614,42.484104
242,1488,2.674982,42.4841,240.4,3.17,3,59.45,4.300000000000011,2.22,2.6749753,42.484076
243,1478,2.675135,42.484116,240.9,3.19,3,59.73,0.5,2.69,2.6751429,42.48409
244,1478,2.675284,42.484172,239.0,3.2,3,60.0,-1.9000000000000057,3.09,2.6752947,42.484138
245,1478,2.675375,42.484252,238.0,3.21,3,60.28,-1.0,2.46,2.6753834,42.484273
246,1476,2.675347,42.4843,239.5,3.22,3,60.6,1.5,1.1,2.6753557,42.48427
247,1477,2.67538,42.484367,242.3,3.23,3,60.9,2.8000000000000114,1.58,2.6754007,42.484361
248,1477,2.675414,42.48437,244.3,3.23,3,61.28,2.0,0.44,2.6754042,42.484373
249,1476,2.675286,42.484294,241.9,3.24,3,61.53,-2.4000000000000057,3.24,2.6752978,42.484253
250,1492,2.67511,42.484289,243.3,3.26,3,61.87,1.4000000000000057,2.61,2.6751684,42.484281
251,1493,2.674995,42.484243,244.3,3.27,3,62.17,1.0,2.15,2.6749975,42.484217
252,1493,2.6748,42.484246,232.7,3.28,3,62.48,-11.600000000000023,3.04,2.6747956,42.484218
253,1493,2.674641,42.484242,227.0,3.3,3,62.75,-5.699999999999989,2.94,2.6746462,42.484253
254,1493,2.674597,42.484285,228.4,3.3,3,62.97,1.4000000000000057,1.66,2.6745936,42.484278
255,11423,2.674586,42.484451,233.7,3.32,3,63.33,5.299999999999983,3.02,2.6745853,42.484464
256,11423,2.674516,42.484483,240.4,3.33,3,63.58,6.700000000000017,1.62,2.6745172,42.484461
257,11423,2.674491,42.484506,247.6,3.33,3,64.07,7.199999999999989,0.41,2.6744695,42.48447
258,11423,2.67455,42.484525,259.2,3.34,3,64.37,11.599999999999994,1.06,2.6745533,42.484463
259,11423,2.674623,42.484517,254.4,3.34,3,64.85,-4.799999999999983,0.75,2.6746257,42.484467
260,11423,2.67453,42.484496,249.1,3.35,3,68.9,-5.300000000000011,0.12,2.6745318,42.484462
261,1450,2.674475,42.484317,248.6,3.37,3,69.53,-0.5,1.93,2.6744728,42.484293
262,1454,2.674346,42.484362,244.7,3.38,3,69.75,-3.9000000000000057,3.25,2.6743089,42.4844
263,1455,2.674156,42.484294,241.4,3.4,3,70.03,-3.299999999999983,3.67,2.6741569,42.48429
264,1455,2.674273,42.484229,226.0,3.41,3,70.47,-15.400000000000006,1.67,2.6742723,42.484302
265,1455,2.674102,42.484319,228.9,3.43,3,70.8,2.9000000000000057,3.11,2.6741108,42.48428
266,1455,2.673908,42.484211,227.0,3.45,3,71.07,-1.9000000000000057,4.49,2.6739161,42.484194
267,1456,2.673741,42.484147,228.4,3.46,3,71.3,1.4000000000000057,3.98,2.6737769,42.484102
268,1456,2.673655,42.483968,222.6,3.49,3,71.63,-5.800000000000011,3.8,2.6736373,42.48399
269,1456,2.673586,42.483969,232.3,3.49,3,71.93,9.700000000000017,1.13,2.6735894,42.483963
270,1456,2.673478,42.483934,232.7,3.5,3,72.23,0.39999999999997726,1.94,2.6734923,42.483909
271,1456,2.673298,42.483872,234.2,3.52,3,72.47,1.5,4.2,2.6733203,42.48382
272,1456,2.67311,42.483788,235.1,3.53,3,72.73,0.9000000000000057,4.06,2.6731173,42.483741
273,1459,2.672906,42.483808,232.7,3.55,3,73.02,-2.4000000000000057,3.58,2.6729002,42.483765
274,1459,2.672859,42.483767,229.4,3.56,3,73.3,-3.299999999999983,1.26,2.6728594,42.48377
275,1459,2.672758,42.483775,227.9,3.57,3,73.52,-1.5,2.31,2.672761,42.483788
276,1459,2.672678,42.483823,227.0,3.57,3,73.62,-0.9000000000000057,5.08,2.6726745,42.483808
277,1459,2.672435,42.483834,233.2,3.59,3,73.85,6.199999999999989,5.15,2.6724343,42.483839
278,1449,2.672252,42.48382,234.2,3.61,3,74.07,1.0,4.19,2.6722526,42.483814
279,1449,2.672182,42.483821,234.2,3.62,3,74.15,0.0,4.14,2.6721837,42.483806
280,1243,2.672113,42.483826,234.2,3.62,3,74.22,0.0,5.13,2.6721141,42.483799
281,1243,2.671993,42.483789,234.7,3.63,3,74.47,0.5,2.57,2.6719928,42.483794
282,1243,2.671771,42.483754,236.1,3.65,3,74.77,1.4000000000000057,3.73,2.6717671,42.483769
283,1243,2.671533,42.483669,237.1,3.67,3,75.07,1.0,4.35,2.6715278,42.483684
284,1243,2.671524,42.483664,237.1,3.67,3,75.08,0.0,3.33,2.6715182,42.483681
285,1243,2.671478,42.483627,236.6,3.68,3,75.15,-0.5,5.03,2.6714657,42.483663
286,1243,2.671286,42.483564,233.2,3.7,3,75.4,-3.4000000000000057,4.14,2.6712746,42.483597
287,1243,2.671146,42.48354,232.7,3.71,3,75.65,-0.5,2.84,2.6711431,42.483553
288,1243,2.670909,42.483503,237.1,3.73,3,75.92,4.400000000000006,4.48,2.6709093,42.483502
289,1243,2.670854,42.483497,238.5,3.73,3,76.13,1.4000000000000057,1.27,2.6708556,42.48349
290,1243,2.670713,42.483457,238.5,3.74,3,76.33,0.0,3.72,2.6707127,42.483458
291,1243,2.670579,42.483429,239.0,3.76,3,76.53,0.5,3.43,2.670579,42.483429
292,1243,2.670374,42.483387,238.5,3.77,3,76.78,-0.5,4.2,2.6703747,42.483384
293,1244,2.67037,42.48347,236.6,3.78,3,76.98,-1.9000000000000057,2.77,2.6703772,42.483437
294,1244,2.670641,42.483579,240.9,3.81,3,77.32,4.300000000000011,4.56,2.6706581,42.483525
295,1244,2.670906,42.483663,241.9,3.83,3,77.65,1.0,4.27,2.6709259,42.483612
296,1244,2.671139,42.483749,246.2,3.85,3,77.95,4.299999999999983,4.28,2.6711573,42.483702
297,1244,2.671415,42.483871,247.6,3.88,3,78.32,1.4000000000000057,4.33,2.6714514,42.48382
298,1244,2.671642,42.483996,248.6,3.9,3,78.63,1.0,4.41,2.6716609,42.483969
299,10225,2.671772,42.484101,251.5,3.92,3,78.92,2.9000000000000057,3.35,2.671765,42.484121
300,10224,2.671988,42.48422,249.6,3.94,3,82.45,-1.9000000000000057,0.38,2.6719804,42.484228
301,11420,2.672078,42.484323,248.1,3.95,3,82.62,-1.5,4.91,2.6720807,42.484334
302,1473,2.672291,42.484474,246.2,3.98,3,82.93,-1.9000000000000057,4.59,2.6723151,42.48441
303,1473,2.672605,42.484629,240.4,4.01,4,83.33,-5.799999999999983,4.65,2.6726404,42.484498
304,6433,2.672915,42.484669,246.2,4.04,4,83.63,5.799999999999983,5.17,2.6729121,42.484681
305,6433,2.673223,42.484708,250.0,4.06,4,84.0,3.8000000000000114,4.2,2.673219,42.484738
306,6433,2.673449,42.484773,249.6,4.08,4,84.3,-0.4000000000000057,3.99,2.6734496,42.484768
307,1246,2.673641,42.484801,252.4,4.1,4,84.58,2.8000000000000114,3.41,2.6736547,42.484742
308,1246,2.673781,42.48483,256.3,4.11,4,84.82,3.9000000000000057,3.07,2.6737939,42.484775
309,1246,2.673855,42.484761,259.2,4.12,4,85.23,2.8999999999999773,1.41,2.6738476,42.484788
310,1246,2.673889,42.484792,259.6,4.12,4,85.52,0.4000000000000341,0.94,2.6738872,42.484799
311,1246,2.673887,42.484791,259.2,4.12,4,85.77,-0.4000000000000341,0.05,2.6738851,42.484798
312,1245,2.674037,42.484864,258.2,4.14,4,86.02,-1.0,3.54,2.6740339,42.484869
313,1245,2.674129,42.484931,258.2,4.15,4,86.15,0.0,4.78,2.6741296,42.48493
314,1248,2.674228,42.484987,256.8,4.16,4,86.43,-1.3999999999999773,2.17,2.6742235,42.484993
315,1498,2.6743,42.48501,255.3,4.17,4,86.53,-1.5,3.87,2.6743141,42.484993
316,1498,2.674381,42.485054,255.3,4.17,4,86.73,0.0,2.48,2.6743838,42.485051
317,1498,2.674455,42.485081,253.9,4.18,4,86.92,-1.4000000000000057,2.22,2.6744409,42.485098
318,1498,2.674491,42.485136,252.4,4.19,4,87.18,-1.5,1.53,2.6744892,42.485138
319,1499,2.674556,42.48518,252.9,4.19,4,87.43,0.5,1.74,2.6745374,42.485187
320,1499,2.674569,42.485284,252.9,4.21,4,87.72,0.0,2.46,2.6745723,42.485283
321,1499,2.674604,42.48544,252.4,4.22,4,88.0,-0.5,3.72,2.6746257,42.485429
322,1499,2.674648,42.485582,250.0,4.24,4,88.23,-2.4000000000000057,4.16,2.674694,42.485558
323,1499,2.674679,42.485651,251.5,4.25,4,88.52,1.5,1.71,2.6747292,42.485625
324,1499,2.674737,42.485712,251.0,4.26,4,88.63,-0.5,4.26,2.674767,42.485696
325,1499,2.674898,42.48589,249.6,4.28,4,88.97,-1.4000000000000057,4.28,2.6749076,42.485882
326,1499,2.675071,42.486093,247.6,4.31,4,89.32,-2.0,4.57,2.6750732,42.486092
327,1499,2.675187,42.486229,250.0,4.32,4,89.6,2.4000000000000057,3.78,2.6751926,42.486213
328,1499,2.675442,42.486292,250.5,4.35,4,89.92,0.5,4.19,2.6754433,42.486245
329,1499,2.675521,42.486278,246.7,4.35,4,90.3,-3.8000000000000114,1.05,2.6755207,42.486245
330,1499,2.675707,42.48629,245.7,4.37,4,90.6,-1.0,3.07,2.6757048,42.486243
331,1499,2.675892,42.486288,243.8,4.38,4,90.83,-1.8999999999999773,3.91,2.6758894,42.486234
332,1499,2.676121,42.486296,241.4,4.4,4,91.08,-2.4000000000000057,4.52,2.6761175,42.486223
333,1499,2.676244,42.486254,239.9,4.41,4,91.28,-1.5,3.34,2.6761965,42.48619
334,1499,2.676219,42.486128,240.9,4.43,4,91.53,1.0,3.4,2.6762063,42.486129
335,1499,2.676178,42.486103,241.4,4.43,4,91.6,0.5,3.93,2.6761788,42.486102
336,1499,2.675921,42.486082,243.8,4.45,4,91.88,2.4000000000000057,4.5,2.675921,42.486069
337,1499,2.67564,42.486076,243.3,4.48,4,92.25,-0.5,3.78,2.67564,42.486069
338,1499,2.675496,42.486064,239.9,4.49,4,92.53,-3.4000000000000057,2.52,2.675496,42.486069
339,1504,2.675475,42.485932,235.6,4.5,4,92.87,-4.300000000000011,2.66,2.6754312,42.485871
340,1504,2.675603,42.485845,236.6,4.52,4,93.15,1.0,3.03,2.675557,42.485781
341,1504,2.675664,42.485762,236.6,4.53,4,93.47,0.0,1.99,2.6756161,42.485718
342,1504,2.67573,42.485671,235.1,4.54,4,93.72,-1.5,2.75,2.6756855,42.485642
343,1504,2.675761,42.485691,233.2,4.54,4,93.93,-1.9000000000000057,0.94,2.6756855,42.485642
344,1504,2.675746,42.485733,228.4,4.55,4,94.15,-4.799999999999983,1.34,2.6756682,42.485661
345,1504,2.675722,42.485788,227.9,4.55,4,94.38,-0.5,1.65,2.6756297,42.485703
346,1504,2.675698,42.485846,227.9,4.56,4,94.57,0.0,2.21,2.6755898,42.485746
347,1504,2.675726,42.485851,227.9,4.56,4,94.75,0.0,0.78,2.6756002,42.485735
348,1503,2.675807,42.485905,227.9,4.57,4,94.98,0.0,2.3,2.6758927,42.485773
349,1499,2.675734,42.485946,228.4,4.58,4,95.23,0.5,1.81,2.675734,42.486069
350,1499,2.67568,42.485947,229.4,4.58,4,95.5,1.0,1.0,2.67568,42.486069
351,1499,2.675615,42.485931,229.8,4.59,4,95.7,0.4000000000000057,1.69,2.675615,42.486069
352,1499,2.675701,42.48597,229.4,4.6,4,96.0,-0.4000000000000057,1.66,2.675701,42.486069
353,1499,2.675837,42.485954,227.9,4.61,4,96.27,-1.5,2.55,2.675837,42.486069
354,1499,2.675824,42.485924,227.0,4.61,4,96.55,-0.9000000000000057,0.74,2.675824,42.486069
355,1499,2.67582,42.485914,226.0,4.61,4,96.93,-1.0,0.18,2.67582,42.486069
356,1503,2.675768,42.485816,227.9,4.63,4,97.52,1.9000000000000057,1.2,2.6758788,42.485749
357,1503,2.675793,42.485803,230.3,4.63,4,98.08,2.4000000000000057,0.27,2.6758797,42.485751
358,1503,2.675737,42.485881,233.2,4.64,4,98.62,2.8999999999999773,1.1,2.675737,42.486069
359,1503,2.675779,42.48587,233.2,4.64,4,99.2,0.0,0.38,2.6758927,42.485773
360,1503,2.675735,42.485855,237.1,4.65,4,99.77,3.9000000000000057,0.42,2.6758873,42.485764
361,1504,2.675689,42.485836,244.3,4.65,4,100.22,7.200000000000017,0.58,2.6755907,42.485745
362,1504,2.675724,42.485809,249.1,4.65,4,100.62,4.799999999999983,0.62,2.6756202,42.485713
363,1503,2.675838,42.485848,243.3,4.67,4,101.23,-5.799999999999983,1.0,2.6758927,42.485773
364,1499,2.675777,42.485915,240.4,4.67,4,101.82,-2.9000000000000057,0.92,2.675777,42.486069
365,1504,2.675585,42.48592,252.4,4.69,4,102.25,12.0,2.19,2.6755096,42.485815
366,1504,2.675675,42.485865,264.0,4.7,4,102.58,11.599999999999994,1.73,2.6755698,42.485768
367,1504,2.67571,42.485801,270.7,4.71,4,102.98,6.699999999999989,1.15,2.6756178,42.485716
368,1503,2.675769,42.48582,258.2,4.71,4,103.52,-12.5,0.6,2.6758809,42.485753
369,1503,2.67581,42.48582,254.4,4.72,4,104.12,-3.799999999999983,0.34,2.6758917,42.485771
370,1503,2.67589,42.485805,245.7,4.72,4,104.6,-8.700000000000017,0.84,2.6759044,42.485779
371,1503,2.675841,42.485837,246.2,4.73,4,105.17,0.5,0.57,2.6758927,42.485773
372,1503,2.675817,42.485855,248.1,4.73,4,105.72,1.9000000000000057,0.31,2.6758927,42.485773
373,1503,2.675845,42.485881,244.3,4.73,4,106.05,-3.799999999999983,0.66,2.6759019,42.485778
374,1503,2.675837,42.485799,246.2,4.74,4,106.83,1.8999999999999773,0.7,2.6758896,42.485767
375,1503,2.675843,42.485764,250.5,4.75,4,107.47,4.300000000000011,0.37,2.6758758,42.485744
376,1503,2.675868,42.485757,252.4,4.75,4,108.28,1.9000000000000057,0.16,2.6758793,42.48575
377,1503,2.675849,42.485767,248.6,4.75,4,108.98,-3.8000000000000114,0.16,2.6758787,42.485749
378,1503,2.675814,42.485803,241.9,4.76,4,109.55,-6.699999999999989,0.52,2.6758853,42.48576
379,1503,2.675707,42.485707,252.0,4.77,4,110.35,10.099999999999994,1.04,2.6756632,42.485667
380,1503,2.67578,42.485727,255.3,4.78,4,111.02,3.3000000000000114,0.58,2.6758578,42.485714
381,1503,2.675823,42.485752,252.4,4.78,4,111.62,-2.9000000000000057,0.45,2.6758652,42.485727
382,1503,2.675874,42.48573,257.2,4.79,4,112.18,4.799999999999983,0.51,2.675869,42.485733
383,1503,2.675811,42.485756,254.4,4.79,4,112.78,-2.799999999999983,0.59,2.6758638,42.485724
384,1503,2.675783,42.48574,254.4,4.8,4,113.3,0.0,0.34,2.6758578,42.485714
385,1503,2.675847,42.485762,250.5,4.8,4,113.9,-3.9000000000000057,0.58,2.6758759,42.485745
386,1503,2.675791,42.485805,252.0,4.81,4,114.53,1.5,0.63,2.6758801,42.485751
387,1503,2.675773,42.485777,250.0,4.81,4,115.12,-2.0,0.35,2.6758629,42.485723
388,1503,2.675812,42.485786,247.2,4.81,4,115.47,-2.8000000000000114,0.58,2.6758773,42.485747
389,1503,2.675916,42.485807,240.9,4.82,4,115.7,-6.299999999999983,2.28,2.6759252,42.48579
390,1503,2.675905,42.485716,242.8,4.83,4,115.92,1.9000000000000057,2.81,2.675871,42.485736
391,1503,2.675977,42.485583,242.3,4.85,4,116.18,-0.5,3.58,2.6758892,42.485544
392,1503,2.676054,42.485449,236.6,4.87,4,116.5,-5.700000000000017,3.06,2.6759512,42.485404
393,1503,2.676132,42.485332,236.1,4.88,4,116.68,-0.5,4.74,2.6759836,42.485301
394,1503,2.676103,42.485293,237.1,4.88,4,116.75,1.0,4.45,2.6759836,42.485301
395,1503,2.675931,42.485155,238.0,4.91,4,117.05,0.9000000000000057,4.17,2.6759054,42.485236
396,1496,2.675875,42.48501,230.8,4.92,4,117.35,-7.199999999999989,3.35,2.675798,42.485
397,1495,2.675824,42.484882,224.6,4.94,4,117.63,-6.200000000000017,3.14,2.6757867,42.484902
398,1495,2.675714,42.484769,225.0,4.95,4,117.88,0.4000000000000057,3.71,2.6757162,42.484768
399,1495,2.675565,42.484681,228.4,4.97,4,118.12,3.4000000000000057,4.03,2.675592,42.484649
400,1494,2.675515,42.484609,225.0,4.98,4,118.3,-3.4000000000000057,2.94,2.6755152,42.484607
401,1477,2.67541,42.48449,216.9,4.99,4,118.6,-8.099999999999994,3.16,2.6754469,42.484458
402,1477,2.675358,42.48459,215.9,5.01,5,118.95,-1.0,2.04,2.6754659,42.484479
403,1477,2.675364,42.484486,218.8,5.02,5,119.35,2.9000000000000057,1.73,2.6754326,42.484441
404,1477,2.675348,42.484426,227.9,5.02,5,119.78,9.099999999999994,0.94,2.675413,42.484403
405,1477,2.675371,42.484359,230.3,5.03,5,120.12,2.4000000000000057,1.38,2.6753979,42.484351
406,1477,2.675355,42.484388,233.7,5.03,5,120.35,3.3999999999999773,0.89,2.6754044,42.484374
407,1477,2.675284,42.484462,232.3,5.04,5,120.62,-1.3999999999999773,2.27,2.6751615,42.484425
408,1477,2.67538,42.484342,234.2,5.06,5,120.87,1.8999999999999773,3.72,2.6753941,42.484338
409,1492,2.675236,42.484323,233.7,5.07,5,121.15,-0.5,2.55,2.6751755,42.484332
410,1492,2.675116,42.484327,235.6,5.08,5,121.38,1.9000000000000057,2.54,2.6751737,42.484319
411,1493,2.67495,42.484277,239.0,5.1,5,121.67,3.4000000000000057,3.12,2.6749561,42.484213
412,1493,2.674804,42.484333,241.9,5.11,5,121.9,2.9000000000000057,3.48,2.6747861,42.48422
413,1493,2.674773,42.484359,244.7,5.11,5,122.08,2.799999999999983,1.26,2.6747519,42.484225
414,11423,2.674674,42.484359,247.6,5.12,5,122.3,2.9000000000000057,2.25,2.6746459,42.484429
415,11423,2.674555,42.484372,244.7,5.13,5,122.52,-2.9000000000000057,2.74,2.6745809,42.484372
416,11423,2.674597,42.484488,239.5,5.15,5,122.87,-5.199999999999989,2.29,2.6745982,42.484465
417,1479,2.674533,42.484544,244.7,5.15,5,123.17,5.199999999999989,1.63,2.6744729,42.484562
418,1480,2.67448,42.484597,247.2,5.16,5,123.43,2.5,1.65,2.6744661,42.484565
419,1480,2.674468,42.484582,258.7,5.16,5,123.85,11.5,0.28,2.6744615,42.484567
420,1479,2.674463,42.484547,267.8,5.17,5,124.4,9.100000000000023,0.43,2.6744618,42.484548
421,1479,2.674484,42.484523,265.9,5.17,5,124.98,-1.900000000000034,0.33,2.6744581,42.484543
422,1479,2.674481,42.484537,267.8,5.17,5,125.37,1.900000000000034,0.25,2.6744638,42.484551
423,11423,2.674502,42.484513,271.7,5.17,5,125.82,3.8999999999999773,0.42,2.6745048,42.48446
424,11424,2.674483,42.484492,270.2,5.18,5,126.33,-1.5,0.33,2.6744697,42.484469
425,1479,2.674471,42.484511,270.7,5.18,5,126.9,0.5,0.25,2.67445,42.484533
426,1479,2.674452,42.484508,271.2,5.18,5,127.42,0.5,0.19,2.6744386,42.484522
427,1479,2.674457,42.484507,267.8,5.18,5,127.9,-3.3999999999999773,0.05,2.6744408,42.484524
428,1479,2.674482,42.484549,267.3,5.19,5,128.1,-0.5,1.53,2.67447,42.484558
429,1479,2.674517,42.484509,264.9,5.19,5,128.53,-2.400000000000034,0.73,2.6745195,42.484461
430,1479,2.674466,42.484542,258.7,5.2,5,128.83,-6.199999999999989,1.11,2.6744605,42.484546
431,1479,2.674498,42.484568,258.2,5.2,5,129.33,-0.5,0.47,2.6744729,42.484562
432,1454,2.674337,42.484458,247.6,5.22,5,129.58,-10.599999999999994,4.32,2.6743522,42.484442
433,1454,2.674254,42.484387,243.3,5.23,5,129.92,-4.299999999999983,1.88,2.6742742,42.484366
434,1454,2.674261,42.484397,243.3,5.23,5,130.13,0.0,0.35,2.6742828,42.484375
435,1455,2.674099,42.484337,240.9,5.25,5,130.42,-2.4000000000000057,3.15,2.6741117,42.48428
436,1455,2.67397,42.484285,241.4,5.26,5,130.73,0.5,2.29,2.6739953,42.484233
437,1455,2.673903,42.484243,242.3,5.27,5,131.07,0.9000000000000057,1.3,2.6739246,42.484199
438,1455,2.67381,42.484187,242.3,5.28,5,131.55,0.0,1.22,2.673838,42.484149
439,1456,2.673718,42.484106,241.4,5.29,5,131.85,-0.9000000000000057,2.35,2.6737429,42.484075
440,1456,2.673531,42.484033,239.5,5.3,5,132.18,-1.9000000000000057,3.13,2.6735748,42.483955
441,1456,2.673487,42.484015,238.5,5.31,5,132.25,-1.0,3.72,2.6735337,42.483932
442,1456,2.673401,42.483866,239.0,5.33,5,132.48,0.5,4.63,2.6734047,42.483859
443,1456,2.673201,42.483786,235.6,5.35,5,132.8,-3.4000000000000057,3.54,2.6732072,42.483772
444,1459,2.673012,42.483785,232.7,5.36,5,133.08,-2.9000000000000057,3.29,2.6730073,42.48375
445,1459,2.672882,42.483842,229.8,5.37,5,133.4,-2.8999999999999773,2.35,2.6728721,42.483768
446,1459,2.672699,42.483853,230.8,5.39,5,133.65,1.0,3.62,2.672688,42.483805
447,1459,2.672624,42.4839,230.3,5.4,5,133.87,-0.5,2.24,2.6726065,42.483823
448,1459,2.672489,42.483894,227.9,5.41,5,134.12,-2.4000000000000057,2.67,2.6724857,42.483843
449,1459,2.672479,42.483925,227.0,5.41,5,134.57,-0.9000000000000057,0.47,2.6724738,42.483844
450,1459,2.672486,42.483914,227.4,5.41,5,135.02,0.4000000000000057,0.18,2.6724815,42.483843
451,1459,2.672455,42.483887,228.9,5.42,5,135.35,1.5,0.71,2.6724621,42.483843
452,1459,2.672461,42.483828,229.8,5.42,5,135.63,0.9000000000000057,1.39,2.6724587,42.483842
453,1459,2.672489,42.483759,234.2,5.43,5,135.83,4.399999999999977,2.4,2.6724943,42.483842
454,1459,2.672493,42.483748,239.9,5.43,5,136.12,5.700000000000017,0.27,2.672499,42.483842
455,1459,2.672506,42.48377,240.4,5.44,5,136.53,0.5,0.38,2.6725106,42.483841
456,1459,2.672515,42.483761,237.1,5.44,5,136.9,-3.3000000000000114,0.2,2.6725201,42.483841
457,1459,2.672627,42.483751,235.1,5.45,5,137.18,-2.0,1.96,2.6726417,42.483815
458,1459,2.672695,42.483809,234.2,5.45,5,137.45,-0.9000000000000057,1.92,2.6726937,42.483803
459,1459,2.67268,42.48385,234.2,5.46,5,137.72,0.0,1.06,2.6726706,42.483809
460,1459,2.672563,42.483858,233.7,5.47,5,137.92,-0.5,2.9,2.6725576,42.483835
461,1459,2.672449,42.483853,234.7,5.48,5,138.12,1.0,2.82,2.6724509,42.483841
462,1459,2.672336,42.483842,234.2,5.49,5,138.32,-0.5,2.81,2.672338,42.483824
463,1459,2.672412,42.483808,233.7,5.49,5,138.58,-0.5,1.64,2.6724078,42.483834
464,1459,2.672414,42.483801,232.7,5.5,5,138.98,-1.0,0.12,2.6724086,42.483834
465,1459,2.672438,42.483811,231.8,5.5,5,139.22,-0.8999999999999773,0.58,2.6724336,42.483838
466,1459,2.672511,42.48384,233.2,5.5,5,139.48,1.3999999999999773,1.53,2.6725111,42.483841
467,1459,2.672657,42.483854,229.8,5.52,5,139.75,-3.3999999999999773,2.72,2.6726478,42.483814
468,1459,2.672844,42.483761,231.8,5.54,5,140.05,2.0,3.7,2.6728455,42.483772
469,1459,2.672855,42.483779,234.7,5.54,5,140.47,2.8999999999999773,0.32,2.6728539,42.483771
470,1459,2.672843,42.483793,235.1,5.54,5,140.85,0.4000000000000057,0.29,2.6728403,42.483773
471,1459,2.672813,42.483825,243.8,5.54,5,141.23,8.700000000000017,0.68,2.6728024,42.483779
472,1459,2.672803,42.483833,245.7,5.54,5,141.65,1.8999999999999773,0.17,2.6727911,42.483781
473,1459,2.672816,42.48382,246.7,5.55,5,142.03,1.0,0.28,2.6728063,42.483778
474,1459,2.672891,42.483809,245.2,5.55,5,142.17,-1.5,2.83,2.6728853,42.483767
475,1459,2.672999,42.483794,243.8,5.56,5,142.45,-1.3999999999999773,1.91,2.6729933,42.483752
476,1456,2.673147,42.483733,241.9,5.58,5,142.73,-1.9000000000000057,2.95,2.6731451,42.483745
477,1475,2.67325,42.483751,237.5,5.58,5,143.0,-4.400000000000006,1.96,2.6732529,42.483742
478,1475,2.67341,42.483786,231.3,5.6,5,143.28,-6.199999999999989,2.9,2.6734089,42.483758
479,1482,2.673536,42.4838,226.0,5.61,5,143.52,-5.300000000000011,2.69,2.6735584,42.483759
480,1482,2.673676,42.483867,225.0,5.62,5,143.82,-1.0,2.74,2.6736905,42.48383
481,1456,2.673699,42.483993,216.9,5.64,5,144.18,-8.099999999999994,2.31,2.6736762,42.484021
482,10593,2.67382,42.483977,212.1,5.65,5,144.38,-4.800000000000011,3.03,2.6738097,42.483997
483,1485,2.673925,42.483997,209.2,5.66,5,144.67,-2.9000000000000057,1.89,2.6739008,42.484044
484,1484,2.674131,42.484049,217.8,5.67,5,144.92,8.600000000000023,4.29,2.6741554,42.48397
485,1483,2.674304,42.484071,220.2,5.69,5,145.23,2.3999999999999773,2.73,2.6743085,42.484029
486,1485,2.674303,42.48412,220.2,5.69,5,145.5,0.0,1.22,2.6742432,42.484086
487,1451,2.674406,42.484145,227.9,5.7,5,145.83,7.700000000000017,1.6,2.6744456,42.484233
488,1486,2.674498,42.484116,229.8,5.71,5,146.17,1.9000000000000057,1.48,2.6745154,42.484057
489,1483,2.674422,42.484073,232.3,5.72,5,146.48,2.5,1.49,2.6744254,42.484041
490,1483,2.674367,42.484096,232.3,5.72,5,146.85,0.0,0.85,2.6743734,42.484036
491,1486,2.674482,42.484089,231.3,5.73,5,147.12,-1.0,2.13,2.6744934,42.484051
492,1486,2.674534,42.484024,230.8,5.74,5,147.37,-0.5,2.01,2.6745235,42.48406
493,1489,2.674616,42.483949,235.1,5.75,5,147.7,4.299999999999983,1.93,2.6746157,42.483944
494,1489,2.674637,42.483992,231.3,5.76,5,148.05,-3.799999999999983,0.87,2.6746339,42.483943
495,1489,2.674634,42.483993,225.0,5.76,5,148.35,-6.300000000000011,0.05,2.6746309,42.483943
496,1489,2.674715,42.48401,222.6,5.76,5,148.73,-2.4000000000000057,1.08,2.6747149,42.484043
497,1489,2.674788,42.483992,217.8,5.77,5,149.1,-4.799999999999983,1.04,2.6747892,42.483945
498,1451,2.674777,42.484094,218.8,5.78,5,149.38,1.0,2.41,2.6747808,42.484122
499,1451,2.674756,42.484126,214.9,5.79,5,149.85,-3.9000000000000057,0.51,2.6747559,42.484126
500,1486,2.674791,42.484011,230.3,5.8,5,150.32,15.400000000000006,1.68,2.6747909,42.484043
501,1486,2.674776,42.484031,227.9,5.8,5,150.65,-2.4000000000000057,0.46,2.674776,42.484043
502,1486,2.67479,42.48401,227.0,5.8,5,151.02,-0.9000000000000057,0.43,2.6747899,42.484043
503,1486,2.674838,42.484015,227.0,5.81,5,151.35,0.0,0.72,2.6748379,42.484043
504,1486,2.674767,42.484069,227.4,5.82,5,151.7,0.4000000000000057,1.43,2.6747671,42.484043
505,1486,2.674834,42.484045,228.4,5.82,5,152.07,1.0,1.0,2.674834,42.484043
506,1489,2.674991,42.484009,232.3,5.84,5,152.38,3.9000000000000057,2.56,2.674991,42.484009
507,1489,2.674988,42.484012,233.2,5.84,5,152.62,0.8999999999999773,0.11,2.674989,42.484008
508,1490,2.67504,42.484041,231.3,5.84,5,152.85,-1.8999999999999773,1.38,2.6750311,42.484039
509,1491,2.67513,42.484064,229.4,5.85,5,153.03,-1.9000000000000057,2.56,2.6751341,42.484049
510,1491,2.675216,42.484075,227.9,5.86,5,153.22,-1.5,2.35,2.6752166,42.484073
511,1491,2.675295,42.484087,228.4,5.86,5,153.35,0.5,2.98,2.6752928,42.484095
512,1491,2.675342,42.484121,227.4,5.87,5,153.52,-1.0,1.95,2.6753453,42.48411
513,1491,2.675453,42.48416,222.2,5.88,5,153.73,-5.200000000000017,2.8,2.6754582,42.484136
514,1491,2.675578,42.484201,221.2,5.89,5,153.98,-1.0,2.7,2.6755888,42.484172
515,1491,2.675581,42.484204,221.7,5.89,5,154.0,0.5,1.49,2.6755924,42.484173
516,1491,2.675738,42.484219,221.7,5.9,5,154.25,0.0,3.12,2.6757269,42.484236
517,1497,2.675858,42.484304,222.6,5.92,5,154.55,0.9000000000000057,2.73,2.6758187,42.484305
518,7097,2.675847,42.484266,221.2,5.92,5,154.8,-1.4000000000000057,1.04,2.6758124,42.484278
519,7097,2.675747,42.484194,216.9,5.93,5,155.13,-4.299999999999983,2.06,2.6757745,42.484176
520,7097,2.675685,42.48412,215.4,5.94,5,155.4,-1.5,2.18,2.6756925,42.484102
521,7097,2.675594,42.484091,217.8,5.95,5,155.63,2.4000000000000057,2.09,2.6756045,42.484066
522,7097,2.675481,42.484038,217.8,5.96,5,155.87,0.0,2.83,2.6754893,42.484018
523,7097,2.675332,42.483979,216.9,5.98,5,156.15,-0.9000000000000057,2.94,2.6753413,42.483957
524,7097,2.675153,42.483904,216.4,5.99,5,156.48,-0.5,3.04,2.6752645,42.483907
525,1462,2.675089,42.483862,214.9,6.0,6,156.73,-1.5,1.69,2.6750911,42.483849
526,1460,2.674963,42.483839,213.5,6.01,6,156.95,-1.4000000000000057,2.95,2.6749642,42.483831
527,1460,2.674957,42.483818,213.0,6.01,6,157.15,-0.5,0.72,2.6749555,42.483829
528,1460,2.674967,42.483826,213.5,6.01,6,157.18,0.5,2.18,2.6749663,42.483831
529,1460,2.67499,42.483847,214.5,6.02,6,157.23,1.0,3.6,2.6749917,42.483834
530,1462,2.675141,42.483912,218.3,6.03,6,157.52,3.8000000000000114,3.04,2.6751495,42.483858
531,4525,2.675344,42.483906,217.8,6.05,6,157.77,-0.5,4.01,2.6753463,42.483887
532,4525,2.675493,42.483922,214.5,6.06,6,158.03,-3.3000000000000114,2.79,2.6754951,42.483905
533,4525,2.675617,42.483935,209.7,6.07,6,158.23,-4.800000000000011,3.09,2.6756188,42.48392
534,4525,2.675733,42.483964,203.9,6.08,6,158.48,-5.799999999999983,2.42,2.6757398,42.48394
535,4525,2.675797,42.48396,200.5,6.09,6,158.67,-3.4000000000000057,1.73,2.6757979,42.483957
536,4525,2.67589,42.484,200.5,6.1,6,158.92,0.0,2.12,2.6758945,42.483984
537,4525,2.675979,42.484076,198.1,6.11,6,159.15,-2.4000000000000057,2.87,2.6760001,42.48402
538,4525,2.676136,42.484145,200.0,6.12,6,159.42,1.9000000000000057,3.38,2.6761605,42.48408
539,4525,2.676359,42.484203,201.5,6.14,6,159.77,1.5,3.33,2.6763751,42.48416
540,4525,2.676543,42.484239,202.0,6.16,6,160.03,0.5,3.52,2.6765489,42.484197
541,4525,2.676575,42.484276,202.4,6.16,6,160.5,0.4000000000000057,0.63,2.6765854,42.484202
542,4526,2.676645,42.484239,206.8,6.17,6,161.02,4.400000000000006,0.82,2.6766572,42.484223
543,4527,2.676632,42.484166,202.9,6.18,6,161.27,-3.9000000000000057,1.96,2.6766152,42.484195
544,4527,2.676527,42.48412,200.0,6.19,6,161.5,-2.9000000000000057,2.58,2.6765162,42.484139
545,4527,2.676351,42.484061,197.2,6.2,6,161.82,-2.8000000000000114,3.01,2.6763582,42.484048
546,4524,2.675999,42.483871,198.6,6.24,6,162.2,1.4000000000000057,5.61,2.676001,42.483867
547,4524,2.675808,42.483769,202.0,6.26,6,162.52,3.4000000000000057,3.67,2.6758046,42.483776
548,4524,2.675573,42.483699,196.7,6.28,6,162.88,-5.300000000000011,3.41,2.6755841,42.483675
549,4524,2.675337,42.483571,194.8,6.3,6,163.23,-1.8999999999999773,4.12,2.6753401,42.483564
550,4524,2.675143,42.483466,195.7,6.32,6,163.57,0.8999999999999773,3.56,2.6751395,42.483474
551,4524,2.674928,42.483402,194.3,6.34,6,163.93,-1.3999999999999773,3.12,2.6749367,42.483383
552,4524,2.674782,42.483414,194.8,6.35,6,164.28,0.5,2.07,2.6748197,42.48333
553,4524,2.674707,42.483318,195.7,6.37,6,164.65,0.8999999999999773,2.02,2.6747214,42.483286
554,4524,2.674569,42.483224,195.7,6.38,6,164.97,0.0,2.92,2.6745715,42.483218
555,4524,2.674392,42.483153,195.7,6.4,6,165.27,0.0,3.31,2.6743988,42.483139
556,4524,2.674095,42.483017,196.7,6.43,6,165.65,1.0,4.49,2.6741037,42.482999
557,4515,2.673917,42.482936,200.5,6.44,6,166.0,3.8000000000000114,2.95,2.6739265,42.482916
558,4515,2.673676,42.482796,201.0,6.47,6,166.38,0.5,3.94,2.6736749,42.482798
559,4515,2.673485,42.482718,201.5,6.49,6,166.72,0.5,3.23,2.6734882,42.482711
560,4515,2.673395,42.482759,202.4,6.5,6,167.13,0.9000000000000057,1.25,2.67343,42.482684
561,1467,2.673206,42.48266,206.8,6.51,6,167.5,4.400000000000006,3.12,2.673157,42.482642
562,1384,2.672955,42.482477,203.9,6.54,6,167.83,-2.9000000000000057,5.21,2.6729592,42.482467
563,1384,2.672845,42.482401,203.9,6.56,6,168.15,0.0,2.34,2.6728387,42.482416
564,1384,2.67266,42.482275,204.4,6.58,6,168.45,0.5,4.13,2.6726362,42.482329
565,1384,2.672481,42.482126,205.8,6.6,6,168.73,1.4000000000000057,4.69,2.6724252,42.482184
566,1384,2.672398,42.482003,208.2,6.61,6,169.08,2.3999999999999773,2.62,2.6723173,42.482065
567,1384,2.672224,42.481848,207.3,6.64,6,169.42,-0.8999999999999773,4.03,2.6721776,42.481883
568,1384,2.672126,42.481706,207.7,6.65,6,169.77,0.39999999999997726,3.04,2.6720796,42.481733
569,1384,2.671914,42.48146,208.7,6.69,6,170.12,1.0,5.56,2.6719339,42.481452
570,1386,2.671831,42.481297,205.8,6.71,6,170.43,-2.8999999999999773,3.67,2.6718778,42.481284
571,10226,2.671745,42.481155,205.8,6.72,6,170.75,0.0,3.28,2.6717433,42.481187
572,10227,2.671766,42.481023,203.4,6.74,6,171.08,-2.4000000000000057,2.66,2.671801,42.481013
573,10227,2.6717,42.48081,207.7,6.76,6,171.52,4.299999999999983,3.36,2.6717554,42.480803
574,10227,2.671606,42.480716,206.3,6.77,6,171.83,-1.3999999999999773,2.46,2.6717452,42.480705
575,10227,2.671621,42.480642,207.3,6.78,6,171.97,1.0,3.74,2.6717397,42.480633
576,10227,2.671665,42.480425,204.9,6.81,6,172.3,-2.4000000000000057,4.39,2.6717253,42.480429
577,10227,2.671699,42.480253,201.5,6.83,6,172.62,-3.4000000000000057,3.66,2.6717365,42.480255
578,10227,2.67167,42.480033,199.6,6.85,6,172.93,-1.9000000000000057,4.65,2.6717523,42.480045
579,10227,2.671741,42.479831,201.5,6.87,6,173.23,1.9000000000000057,4.64,2.6717826,42.479837
580,10227,2.671814,42.479615,198.6,6.9,6,173.57,-2.9000000000000057,4.45,2.6718323,42.47962
581,10227,2.671869,42.47937,198.1,6.93,6,173.9,-0.5,4.97,2.6718987,42.479382
582,10227,2.671945,42.479228,196.7,6.94,6,174.18,-1.4000000000000057,3.59,2.6719585,42.479234
583,10227,2.672011,42.479041,198.1,6.97,6,174.48,1.4000000000000057,4.29,2.6720399,42.479054
584,10227,2.672165,42.478819,198.6,6.99,6,174.85,0.5,4.54,2.6721474,42.478811
585,10227,2.672218,42.478772,195.2,7.0,7,175.18,-3.4000000000000057,1.22,2.6721735,42.478752
586,10227,2.672269,42.478552,194.3,7.02,7,175.57,-0.8999999999999773,3.88,2.6722634,42.47855
587,1383,2.67235,42.478399,195.7,7.04,7,175.88,1.3999999999999773,3.46,2.6723356,42.478392
588,1383,2.672405,42.478436,193.3,7.05,7,176.28,-2.3999999999999773,0.92,2.6723312,42.478402
589,1383,2.672431,42.478263,193.3,7.07,7,176.58,0.0,3.87,2.6724015,42.478249
590,1383,2.672476,42.478115,196.2,7.09,7,176.9,2.8999999999999773,3.19,2.6724657,42.47811
591,1383,2.672468,42.477994,198.1,7.1,7,177.15,1.9000000000000057,3.23,2.6725103,42.478014
592,1383,2.672597,42.477781,196.2,7.12,7,177.5,-1.9000000000000057,4.45,2.672614,42.477789
593,1383,2.672678,42.47755,194.8,7.15,7,177.82,-1.3999999999999773,5.02,2.672716,42.477568
594,1383,2.672793,42.477385,195.2,7.17,7,178.08,0.39999999999997726,4.64,2.6727989,42.477388
595,1382,2.672932,42.477207,194.3,7.19,7,178.4,-0.8999999999999773,4.33,2.6729506,42.477225
596,1382,2.673124,42.477025,194.8,7.22,7,178.72,0.5,4.86,2.6731332,42.477032
597,1382,2.673352,42.476861,196.7,7.25,7,179.03,1.8999999999999773,4.95,2.673284,42.476821
598,1382,2.673477,42.476718,198.1,7.27,7,179.38,1.4000000000000057,3.24,2.6734456,42.476631
599,1382,2.6736,42.4766,199.1,7.28,7,179.7,1.0,3.14,2.6735921,42.476578
600,1382,2.673671,42.476604,195.2,7.29,7,180.1,-3.9000000000000057,0.88,2.6736002,42.476566
601,1379,2.673882,42.476469,196.7,7.31,7,180.5,1.5,3.44,2.6738235,42.476384
602,1378,2.673929,42.476277,197.6,7.33,7,180.83,0.9000000000000057,3.9,2.6739119,42.476267
603,1380,2.67395,42.476017,203.4,7.36,7,181.22,5.800000000000011,4.53,2.6739589,42.476019
604,1380,2.674006,42.475796,203.9,7.39,7,181.57,0.5,4.28,2.6740112,42.475797
605,1380,2.674067,42.475582,203.4,7.41,7,181.88,-0.5,4.6,2.6740634,42.475581
606,1380,2.674195,42.475418,201.5,7.43,7,182.2,-1.9000000000000057,3.99,2.6741079,42.475397
607,1380,2.674244,42.475314,200.5,7.44,7,182.52,-1.0,2.32,2.6741344,42.475288
608,1380,2.674333,42.475318,194.3,7.45,7,182.82,-6.199999999999989,1.47,2.6744425,42.475294
609,1380,2.67413,42.475077,200.0,7.48,7,183.22,5.699999999999989,4.73,2.6741822,42.47509
610,4531,2.674191,42.474887,205.8,7.5,7,183.58,5.800000000000011,3.55,2.6742161,42.474891
611,4531,2.674269,42.474708,202.4,7.53,7,183.92,-3.4000000000000057,3.76,2.6742752,42.474709
612,4531,2.674233,42.474614,197.6,7.54,7,184.28,-4.800000000000011,1.78,2.674219,42.474617
613,4531,2.674186,42.474443,192.8,7.56,7,184.65,-4.799999999999983,3.17,2.6741817,42.474446
614,4531,2.673971,42.474294,199.6,7.58,7,184.98,6.799999999999983,4.36,2.6739741,42.47429
615,1376,2.673799,42.474119,204.9,7.6,7,185.32,5.300000000000011,4.33,2.6737708,42.474168
616,1376,2.673663,42.474015,206.8,7.62,7,185.6,1.9000000000000057,3.4,2.6736372,42.474112
617,1376,2.673666,42.473916,205.8,7.63,7,185.95,-1.0,1.89,2.6736154,42.474106
618,1376,2.673389,42.473848,200.5,7.65,7,186.35,-5.300000000000011,3.6,2.6734099,42.474062
619,1376,2.673212,42.473808,202.9,7.67,7,186.65,2.4000000000000057,3.04,2.6732594,42.474076
620,1376,2.67314,42.473856,206.8,7.68,7,186.97,3.9000000000000057,1.51,2.6732591,42.474077
621,1376,2.673311,42.473991,207.7,7.7,7,187.28,0.8999999999999773,3.9,2.6733188,42.474071
622,1376,2.673171,42.473997,206.8,7.71,7,187.57,-0.8999999999999773,2.44,2.6732242,42.474095
623,1376,2.67301,42.473888,205.8,7.73,7,187.92,-1.0,3.08,2.6731807,42.474119
624,1376,2.67284,42.473762,203.9,7.75,7,188.25,-1.9000000000000057,3.56,2.6731807,42.474119
625,1376,2.672821,42.473799,201.0,7.75,7,188.53,-2.9000000000000057,0.93,2.6731807,42.474119
626,1376,2.672966,42.473901,204.9,7.77,7,188.88,3.9000000000000057,2.82,2.6731807,42.474119
627,1376,2.673183,42.473982,203.9,7.79,7,189.2,-1.0,3.79,2.6732397,42.474087
628,1376,2.673176,42.4741,202.9,7.8,7,189.45,-1.0,3.15,2.673185,42.474117
629,1376,2.672986,42.474281,203.4,7.83,7,189.75,0.5,5.09,2.6729888,42.474297
630,1376,2.672811,42.47424,205.8,7.84,7,190.0,2.4000000000000057,3.62,2.6727989,42.474292
631,1376,2.67257,42.474233,209.2,7.86,7,190.3,3.3999999999999773,3.97,2.6725688,42.474238
632,1376,2.672271,42.474172,209.2,7.89,7,190.6,0.0,5.1,2.6722701,42.474186
633,1376,2.672048,42.474197,207.7,7.91,7,190.9,-1.5,3.71,2.6720482,42.474199
634,1376,2.671742,42.474253,206.8,7.93,7,191.22,-0.8999999999999773,4.91,2.6717397,42.474229
635,1376,2.671413,42.474327,206.3,7.96,7,191.62,-0.5,4.24,2.6714057,42.474281
636,1376,2.671095,42.474384,210.6,7.99,7,191.98,4.299999999999983,4.4,2.6710892,42.474362
637,1376,2.670859,42.474429,212.1,8.01,8,192.28,1.5,4.01,2.6708635,42.474442
638,1252,2.670671,42.47454,212.5,8.03,8,192.6,0.4000000000000057,3.75,2.6706698,42.474538
639,1231,2.670465,42.474462,209.2,8.05,8,192.95,-3.3000000000000114,3.26,2.6704688,42.47444
640,1232,2.670246,42.474418,210.6,8.06,8,193.25,1.4000000000000057,3.73,2.6702584,42.474462
641,1232,2.670045,42.474518,212.5,8.08,8,193.58,1.9000000000000057,3.58,2.6700493,42.474527
642,1232,2.669794,42.474657,214.9,8.11,8,193.97,2.4000000000000057,4.03,2.6697918,42.474652
643,1232,2.66959,42.474815,217.8,8.13,8,194.28,2.9000000000000057,4.6,2.6695655,42.474767
644,1232,2.669429,42.474873,218.3,8.15,8,194.58,0.5,2.94,2.6694139,42.474845
645,1232,2.669248,42.474963,213.0,8.17,8,194.92,-5.300000000000011,3.23,2.6692363,42.474941
646,1232,2.669048,42.475077,214.9,8.19,8,195.2,1.9000000000000057,4.4,2.6690339,42.475051
647,1232,2.66878,42.4752,221.2,8.21,8,195.53,6.299999999999983,4.67,2.6687747,42.47519
648,1232,2.668629,42.475278,220.7,8.23,8,195.92,-0.5,2.37,2.668625,42.475271
649,1232,2.668568,42.475239,222.6,8.24,8,196.48,1.9000000000000057,0.7,2.6685943,42.475287
650,1232,2.668518,42.475291,222.2,8.24,8,197.03,-0.4000000000000057,0.77,2.6685339,42.47532
651,1233,2.668379,42.475468,226.5,8.27,8,197.35,4.300000000000011,4.31,2.6683657,42.475482
652,1228,2.668066,42.475674,227.4,8.3,8,197.68,0.9000000000000057,6.2,2.6680245,42.475593
653,1228,2.667823,42.475747,225.0,8.32,8,198.0,-2.4000000000000057,4.09,2.6678025,42.475707
654,1228,2.667535,42.475815,224.6,8.35,8,198.33,-0.4000000000000057,4.47,2.6675347,42.475814
655,1228,2.667251,42.475888,221.7,8.37,8,198.68,-2.9000000000000057,4.24,2.6672531,42.475896
656,11327,2.667123,42.4758,219.3,8.39,8,198.9,-2.3999999999999773,3.98,2.6671196,42.475788
657,11327,2.667009,42.475813,219.3,8.4,8,199.17,0.0,2.13,2.6670087,42.475811
658,11327,2.666922,42.475651,217.8,8.41,8,199.5,-1.5,3.49,2.66695,42.475821
659,11327,2.667046,42.475464,228.9,8.44,8,199.88,11.099999999999994,3.62,2.667137,42.475783
660,1220,2.666984,42.47542,227.9,8.44,8,200.18,-1.0,1.41,2.6669278,42.47512
661,1220,2.6668,42.475484,227.0,8.46,8,200.5,-0.9000000000000057,3.17,2.6667384,42.475155
662,11323,2.66663,42.475559,231.3,8.48,8,200.78,4.300000000000011,3.45,2.6666522,42.475864
663,11323,2.666432,42.475591,230.3,8.49,8,201.12,-1.0,3.0,2.6664529,42.475878
664,11324,2.666249,42.475662,231.8,8.51,8,201.45,1.5,3.06,2.666194,42.475847
665,11324,2.665932,42.475647,229.4,8.54,8,201.77,-2.4000000000000057,4.95,2.6659213,42.475812
666,11324,2.665964,42.475805,227.9,8.56,8,202.12,-1.5,3.04,2.6659634,42.475815
667,11324,2.66591,42.47589,225.5,8.57,8,202.45,-2.4000000000000057,1.88,2.66591,42.475889
668,11324,2.665503,42.475788,222.6,8.6,8,202.8,-2.9000000000000057,6.06,2.6655091,42.475757
669,11324,2.66536,42.47574,218.3,8.61,8,203.07,-4.299999999999983,2.91,2.6653623,42.475728
670,11324,2.665108,42.475683,219.8,8.64,8,203.4,1.5,3.9,2.6651101,42.475674
671,11324,2.66486,42.475618,219.8,8.66,8,203.65,0.0,5.19,2.6648636,42.475607
672,11324,2.664639,42.475537,220.7,8.68,8,203.93,0.8999999999999773,4.29,2.6646421,42.475565
673,1225,2.664388,42.475543,219.3,8.7,8,204.23,-1.3999999999999773,4.13,2.6643912,42.475537
674,1225,2.664214,42.475495,220.2,8.71,8,204.5,0.8999999999999773,3.44,2.6642383,42.475455
675,1225,2.664042,42.475409,224.1,8.73,8,204.8,3.9000000000000057,3.41,2.6640214,42.47539
676,1225,2.664014,42.475389,227.9,8.73,8,205.15,3.8000000000000114,0.55,2.6640182,42.475393
677,1225,2.663995,42.475375,227.0,8.74,8,205.43,-0.9000000000000057,0.47,2.6640027,42.475364
678,1225,2.664041,42.47541,224.6,8.74,8,205.92,-2.4000000000000057,0.67,2.6640204,42.475391
679,1221,2.663924,42.47528,224.1,8.76,8,206.22,-0.5,3.47,2.663931,42.475285
680,1221,2.664212,42.475072,222.6,8.79,8,206.58,-1.5,5.41,2.6641933,42.475051
681,1221,2.664406,42.474925,223.6,8.81,8,206.9,1.0,4.33,2.664376,42.474891
682,1220,2.664557,42.474837,219.3,8.83,8,207.18,-4.299999999999983,3.35,2.6645676,42.474814
683,1220,2.664585,42.47484,214.9,8.83,8,207.52,-4.400000000000006,0.42,2.6645918,42.474825
684,1222,2.664563,42.474696,213.5,8.85,8,207.8,-1.4000000000000057,3.41,2.6645603,42.474695
685,1222,2.664619,42.474639,209.2,8.86,8,208.07,-4.300000000000011,1.76,2.6645934,42.474627
686,1220,2.66486,42.474784,210.6,8.88,8,208.45,1.4000000000000057,4.0,2.6647972,42.47492
687,1220,2.664918,42.4748,207.7,8.89,8,208.8,-2.9000000000000057,0.87,2.6648512,42.474945
688,1220,2.664908,42.474845,209.7,8.89,8,209.3,2.0,0.61,2.66486,42.474949
