km,next_km,alternate_color,avg_speed,avg_pace,pace_group,pace_color,time,dist,elev_gain,uphill_perc,uphill_perc_group,uphill_perc_color,map_tooltip,map_popup,geometry
0,1.0,#612897,0.9,19.93,From 15 to 30 min/km,#E53888,19.82,1.0,201.0,20.1,From 15% to 22.5%,#478CCF,Kilometer <b>0.00</b> to <b>1.00</b>,"<div style=""font-size: 10px;"">
                        <b>Kilometer 0.00 to kilometer 1.00</b><br>
                        <ul style=""padding-left: 16px; margin: 4px 0;"">
                            <li><b>Distance</b>: 1.00 km</li>
                            <li><b>Time</b>: 19 min</li>
                            <li><b>Average pace</b>: 19:56 min/km</li>
                            <li><b>Elevation gain</b>: 201.00 meters</li>
                            <li><b>Uphill percentage</b>: 20.10 %</li>
                        </ul></div>","LINESTRING (2.347627 41.801088, 2.347635 41.801142, 2.347701 41.801176, 2.34775 41.801204, 2.347812 41.80122, 2.347872 41.801235, 2.347935 41.801221, 2.347975 41.801183, 2.348032 41.8012, 2.348101 41.801224, 2.34814 41.801265, 2.348187 41.801304, 2.348244 41.801323, 2.348309 41.801333, 2.348378 41.801352, 2.348441 41.801379, 2.348501 41.801378, 2.348568 41.801384, 2.348627 41.801403, 2.348626 41.801454, 2.348611 41.801503, 2.348563 41.801538, 2.348519 41.801577, 2.348544 41.801618, 2.348597 41.801646, 2.348648 41.801676, 2.348729 41.801696, 2.348785 41.801713, 2.348849 41.801712, 2.348912 41.801756, 2.348968 41.801779, 2.348946 41.801834, 2.348962 41.801882, 2.348951 41.801942, 2.348946 41.801994, 2.348988 41.802036, 2.349006 41.802087, 2.349016 41.802138, 2.349095 41.802203, 2.349161 41.802221, 2.349231 41.802248, 2.349289 41.802269, 2.349329 41.802325, 2.349389 41.802343, 2.349443 41.802372, 2.349477 41.80241, 2.349515 41.802449, 2.34956 41.802482, 2.349576 41.802527, 2.349619 41.802563, 2.34966 41.802606, 2.349695 41.802643, 2.349746 41.80267, 2.34981 41.802672, 2.349846 41.802714, 2.349908 41.802737, 2.349932 41.802785, 2.349941 41.802835, 2.349952 41.80288, 2.349988 41.80292, 2.350033 41.80295, 2.350084 41.802982, 2.350137 41.803012, 2.350207 41.803035, 2.350245 41.803071, 2.350293 41.803098, 2.350345 41.803124, 2.35039 41.803161, 2.350412 41.803203, 2.350433 41.803249, 2.350482 41.803275, 2.350528 41.803317, 2.350542 41.803364, 2.350586 41.803406, 2.350641 41.803438, 2.350681 41.803488, 2.350745 41.803517, 2.350778 41.803555, 2.350809 41.803601, 2.350821 41.803646, 2.350846 41.803688, 2.350885 41.803737, 2.350939 41.803759, 2.350984 41.803802, 2.351034 41.80384, 2.351027 41.803892, 2.351023 41.803943, 2.351081 41.803969, 2.35114 41.804003, 2.351208 41.804015, 2.351247 41.804054, 2.351301 41.804089, 2.351337 41.804127, 2.351371 41.804164, 2.351408 41.804205, 2.351448 41.80424, 2.351495 41.804272, 2.351516 41.804321, 2.35154 41.804369, 2.351591 41.804409, 2.351636 41.804443, 2.351674 41.804481, 2.351717 41.804524, 2.351744 41.80457, 2.351774 41.804609, 2.351801 41.804662, 2.351829 41.804705, 2.351885 41.804735, 2.351937 41.804775, 2.35197 41.804819, 2.352005 41.804856, 2.352049 41.804888, 2.352082 41.804928, 2.352138 41.804973, 2.352154 41.805025, 2.352212 41.805054, 2.352264 41.805093, 2.352313 41.805148, 2.352358 41.805179, 2.352406 41.80521, 2.35245 41.805247, 2.352498 41.805275, 2.352556 41.805307, 2.352601 41.805339, 2.352648 41.805371, 2.352712 41.805396, 2.352766 41.805427, 2.352811 41.805458, 2.35287 41.805481, 2.352929 41.805499, 2.352992 41.805528, 2.353048 41.80555, 2.353108 41.805572, 2.353157 41.805603, 2.353206 41.805639, 2.35325 41.805673, 2.353312 41.805703, 2.353333 41.805747, 2.353386 41.80577, 2.353454 41.805786, 2.353507 41.805809, 2.353558 41.805848, 2.35363 41.805854, 2.353692 41.805862, 2.353761 41.80587, 2.353823 41.805879, 2.35389 41.805887, 2.35394 41.805924, 2.354008 41.805941, 2.354059 41.80598, 2.354126 41.805998, 2.35418 41.806035, 2.354246 41.806049, 2.354311 41.806055, 2.354363 41.806081, 2.354417 41.806115, 2.354479 41.806118, 2.354533 41.806148, 2.354581 41.806177, 2.354648 41.806199, 2.354698 41.806231, 2.354755 41.80626, 2.354807 41.806284, 2.354852 41.806315, 2.354918 41.806333, 2.354977 41.806354, 2.355017 41.806393, 2.355072 41.806419, 2.355121 41.806445, 2.355154 41.806484, 2.355211 41.806515, 2.355273 41.806532, 2.355337 41.806563, 2.355409 41.806574, 2.355484 41.806567, 2.355554 41.806539, 2.355627 41.806535, 2.355688 41.806531)"
1,2.0,#0C1E7F,1.16,32.34,From 30 to 45 min/km,#F37199,49.28,1.0,129.5,12.95,From 7.5% to 15%,#36C2CE,Kilometer <b>1.00</b> to <b>2.00</b>,"<div style=""font-size: 10px;"">
                        <b>Kilometer 1.00 to kilometer 2.00</b><br>
                        <ul style=""padding-left: 16px; margin: 4px 0;"">
                            <li><b>Distance</b>: 1.00 km</li>
                            <li><b>Time</b>: 49 min</li>
                            <li><b>Average pace</b>: 32:20 min/km</li>
                            <li><b>Elevation gain</b>: 129.50 meters</li>
                            <li><b>Uphill percentage</b>: 12.95 %</li>
                        </ul></div>","LINESTRING (2.355688 41.806531, 2.355746 41.806548, 2.355803 41.806577, 2.355859 41.806599, 2.355905 41.806634, 2.355961 41.806653, 2.356016 41.806683, 2.356097 41.806688, 2.356149 41.806712, 2.356216 41.806711, 2.356281 41.806718, 2.356327 41.806747, 2.356401 41.806746, 2.356461 41.806773, 2.356527 41.806761, 2.3566 41.80675, 2.356622 41.806704, 2.356563 41.806725, 2.356616 41.806698, 2.356648 41.806736, 2.356603 41.806769, 2.356675 41.806783, 2.35674 41.806794, 2.356809 41.806796, 2.356871 41.806802, 2.356936 41.806806, 2.357008 41.806806, 2.357074 41.80681, 2.357138 41.806804, 2.357205 41.806811, 2.357265 41.806818, 2.35733 41.806813, 2.357398 41.806806, 2.357468 41.806796, 2.357542 41.806788, 2.357609 41.806785, 2.357669 41.806775, 2.357738 41.806771, 2.357799 41.806769, 2.357865 41.806756, 2.357921 41.80673, 2.357969 41.806698, 2.358025 41.806673, 2.358078 41.806642, 2.358128 41.806614, 2.358174 41.806584, 2.358224 41.806554, 2.358296 41.806539, 2.358342 41.806498, 2.358392 41.80646, 2.358438 41.80642, 2.358495 41.806395, 2.358553 41.806376, 2.358588 41.806332, 2.358652 41.8063, 2.358703 41.806275, 2.358771 41.806264, 2.358837 41.806268, 2.35889 41.806241, 2.358955 41.806214, 2.359024 41.806206, 2.359095 41.806201, 2.359152 41.806185, 2.359213 41.806175, 2.359273 41.80615, 2.359349 41.806129, 2.359415 41.806122, 2.35949 41.806125, 2.359568 41.806127, 2.359639 41.806136, 2.359699 41.806141, 2.359771 41.806149, 2.359841 41.806157, 2.359905 41.806156, 2.359976 41.806167, 2.360049 41.806179, 2.360114 41.806196, 2.360187 41.806204, 2.360247 41.806225, 2.360323 41.806228, 2.360395 41.806225, 2.360463 41.806243, 2.360534 41.80626, 2.360605 41.806273, 2.36067 41.806291, 2.360749 41.806294, 2.360808 41.806309, 2.360878 41.806335, 2.36092 41.806382, 2.360923 41.806427, 2.360922 41.806475, 2.360945 41.806523, 2.360963 41.806577, 2.361172 41.806481, 2.361242 41.806452, 2.3613 41.806434, 2.361374 41.806437, 2.361439 41.806442, 2.361497 41.806415, 2.361566 41.806429, 2.361631 41.806441, 2.361706 41.806458, 2.361781 41.806468, 2.361856 41.806485, 2.361924 41.806495, 2.361992 41.806497, 2.362047 41.806521, 2.362105 41.806548, 2.362146 41.806581, 2.362203 41.806623, 2.36226 41.806642, 2.362312 41.806667, 2.362369 41.806687, 2.362431 41.806687, 2.362483 41.806713, 2.362543 41.806721, 2.362611 41.806731, 2.362672 41.806744, 2.362741 41.806729, 2.362802 41.806707, 2.362861 41.806693, 2.362925 41.806702, 2.362986 41.806703, 2.363054 41.806701, 2.36312 41.806704, 2.363185 41.806706, 2.363248 41.806694, 2.363307 41.806675, 2.36336 41.80665, 2.363413 41.806628, 2.363474 41.806644, 2.363539 41.806651, 2.363604 41.806667, 2.363671 41.806678, 2.363701 41.806635, 2.363749 41.806594, 2.3638 41.806569, 2.363854 41.806537, 2.363895 41.806503, 2.363931 41.806462, 2.363967 41.806418, 2.364032 41.806411, 2.364096 41.806385, 2.364158 41.80636, 2.364214 41.806342, 2.364257 41.80631, 2.364313 41.80628, 2.364364 41.80625, 2.364402 41.806208, 2.364434 41.80617, 2.364493 41.806139, 2.364536 41.806099, 2.364593 41.806083, 2.364598 41.806034, 2.364638 41.805988, 2.364659 41.805939, 2.364719 41.80595, 2.364776 41.805932, 2.364836 41.80592, 2.364829 41.805873, 2.364848 41.805829, 2.364891 41.805789, 2.364933 41.805751, 2.364978 41.805715, 2.364992 41.805662, 2.365018 41.805611, 2.365071 41.80557, 2.365128 41.805537, 2.365192 41.80551, 2.365213 41.805466, 2.365218 41.805414, 2.365275 41.805392, 2.365328 41.80537, 2.365368 41.805333, 2.365419 41.805308, 2.365482 41.805283)"
2,3.0,#612897,1.3,24.81,From 15 to 30 min/km,#E53888,27.78,1.0,73.4,7.34,Less than 7.5%,#77E4C8,Kilometer <b>2.00</b> to <b>3.00</b>,"<div style=""font-size: 10px;"">
                        <b>Kilometer 2.00 to kilometer 3.00</b><br>
                        <ul style=""padding-left: 16px; margin: 4px 0;"">
                            <li><b>Distance</b>: 1.00 km</li>
                            <li><b>Time</b>: 27 min</li>
                            <li><b>Average pace</b>: 24:49 min/km</li>
                            <li><b>Elevation gain</b>: 73.40 meters</li>
                            <li><b>Uphill percentage</b>: 7.34 %</li>
                        </ul></div>","LINESTRING (2.365482 41.805283, 2.36554 41.805233, 2.365584 41.805192, 2.365624 41.805152, 2.365685 41.805143, 2.365708 41.805088, 2.365764 41.805042, 2.365793 41.805001, 2.365874 41.804954, 2.365924 41.804921, 2.365993 41.804903, 2.366055 41.804873, 2.366089 41.804832, 2.366128 41.80479, 2.366187 41.804745, 2.366262 41.804749, 2.36632 41.804763, 2.36639 41.804775, 2.366465 41.804765, 2.366512 41.804731, 2.366569 41.804715, 2.36659 41.804621, 2.366573 41.804577, 2.366601 41.804621, 2.366624 41.804663, 2.366676 41.804692, 2.366732 41.804656, 2.366795 41.804633, 2.366864 41.804615, 2.366922 41.804588, 2.366978 41.804569, 2.367049 41.804542, 2.367127 41.804526, 2.367184 41.804493, 2.367249 41.804478, 2.367306 41.804463, 2.367366 41.804445, 2.36743 41.804432, 2.367504 41.804415, 2.367566 41.804404, 2.367633 41.804403, 2.367697 41.804387, 2.367758 41.804377, 2.367823 41.804388, 2.367898 41.804391, 2.367964 41.804411, 2.368026 41.804426, 2.368083 41.804448, 2.368136 41.804472, 2.368203 41.804478, 2.368275 41.804499, 2.368336 41.804523, 2.368398 41.80454, 2.368455 41.80456, 2.368513 41.80458, 2.368573 41.804607, 2.368632 41.804639, 2.368691 41.804661, 2.368757 41.804665, 2.368838 41.804653, 2.368914 41.804652, 2.368979 41.804652, 2.369043 41.804658, 2.369112 41.804653, 2.369181 41.804658, 2.369242 41.804671, 2.369315 41.804669, 2.369394 41.804674, 2.36946 41.804687, 2.369527 41.804688, 2.369605 41.804694, 2.369657 41.80466, 2.369722 41.804663, 2.369779 41.80464, 2.369839 41.804624, 2.369907 41.804618, 2.369975 41.804605, 2.370054 41.804602, 2.370126 41.804582, 2.370197 41.804579, 2.370267 41.804564, 2.370331 41.804572, 2.370396 41.804576, 2.370459 41.804566, 2.37052 41.804558, 2.370585 41.80456, 2.370651 41.80454, 2.370718 41.804538, 2.370795 41.804544, 2.370862 41.80454, 2.37093 41.804541, 2.370991 41.804554, 2.371049 41.804573, 2.371115 41.804569, 2.371183 41.804564, 2.371247 41.804549, 2.37131 41.804558, 2.371369 41.804572, 2.371441 41.80456, 2.371508 41.804578, 2.371573 41.804597, 2.371635 41.804613, 2.371698 41.804617, 2.37178 41.804623, 2.371856 41.804639, 2.371917 41.804641, 2.37199 41.804653, 2.372055 41.804661, 2.372118 41.804668, 2.372179 41.804685, 2.37224 41.80469, 2.372309 41.804701, 2.372371 41.804695, 2.372448 41.804697, 2.372521 41.804714, 2.372598 41.804728, 2.372656 41.804749, 2.372705 41.804779, 2.372767 41.804801, 2.372826 41.804819, 2.372879 41.804853, 2.372958 41.804868, 2.373014 41.804889, 2.373075 41.804903, 2.373132 41.804926, 2.373194 41.804947, 2.373249 41.80497, 2.373309 41.804992, 2.373382 41.805001, 2.373448 41.804997, 2.373515 41.804996, 2.373572 41.80502, 2.373643 41.805036, 2.373703 41.805052, 2.37375 41.805081, 2.373809 41.805091, 2.373875 41.805112, 2.373936 41.805115, 2.373999 41.805135, 2.374065 41.805166, 2.374133 41.805178, 2.374195 41.805197, 2.374271 41.805206, 2.37433 41.805215, 2.374404 41.80522, 2.374461 41.805238, 2.374529 41.805249, 2.374598 41.805253, 2.374667 41.805268, 2.37473 41.805295, 2.37479 41.805297, 2.374856 41.805321, 2.374919 41.805333, 2.374997 41.805339, 2.375053 41.805363, 2.375119 41.80536, 2.375184 41.805379, 2.375246 41.805378, 2.375311 41.805407, 2.375372 41.805426, 2.375428 41.805456, 2.37549 41.805466, 2.375553 41.805476, 2.375616 41.805487, 2.375678 41.805494, 2.375739 41.805515, 2.375802 41.80553, 2.375868 41.805536, 2.375931 41.805535, 2.375996 41.805546, 2.376065 41.805532, 2.376126 41.805552, 2.376201 41.805557, 2.376271 41.805556, 2.37635 41.80555)"
3,4.0,#0C1E7F,1.01,68.41,More than 45 min/km,#F7A8C4,84.95,1.0,141.8,14.18,From 7.5% to 15%,#36C2CE,Kilometer <b>3.00</b> to <b>4.00</b>,"<div style=""font-size: 10px;"">
                        <b>Kilometer 3.00 to kilometer 4.00</b><br>
                        <ul style=""padding-left: 16px; margin: 4px 0;"">
                            <li><b>Distance</b>: 1.00 km</li>
                            <li><b>Time</b>: 1 h, 24 min</li>
                            <li><b>Average pace</b>: 68:25 min/km</li>
                            <li><b>Elevation gain</b>: 141.80 meters</li>
                            <li><b>Uphill percentage</b>: 14.18 %</li>
                        </ul></div>","LINESTRING (2.37635 41.80555, 2.37641 41.805558, 2.376479 41.80556, 2.376549 41.805569, 2.376604 41.805589, 2.376675 41.805598, 2.376736 41.805628, 2.376792 41.805646, 2.376846 41.805669, 2.376906 41.805689, 2.376965 41.805718, 2.377028 41.805727, 2.377088 41.805754, 2.377145 41.805769, 2.37721 41.805798, 2.377271 41.805791, 2.377345 41.805788, 2.377421 41.805783, 2.377476 41.805803, 2.377525 41.805836, 2.377521 41.805881, 2.377584 41.805884, 2.377656 41.80588, 2.37773 41.805874, 2.377804 41.805863, 2.377865 41.805868, 2.377523 41.805894, 2.377575 41.805944, 2.377615 41.805981, 2.377647 41.806026, 2.377686 41.806063, 2.377737 41.806093, 2.377783 41.806129, 2.377802 41.806177, 2.377839 41.806219, 2.377866 41.806265, 2.377898 41.806308, 2.377939 41.806353, 2.377988 41.806389, 2.378025 41.806432, 2.378036 41.806478, 2.378094 41.806501, 2.378156 41.806531, 2.378205 41.806565, 2.378214 41.806615, 2.378234 41.80666, 2.378232 41.806711, 2.378286 41.806747, 2.378319 41.806785, 2.378375 41.806806, 2.378432 41.806832, 2.378483 41.806869, 2.378547 41.806885, 2.378627 41.806908, 2.378682 41.806942, 2.378683 41.806988, 2.378748 41.807005, 2.378803 41.807028, 2.378857 41.807053, 2.378916 41.807071, 2.378971 41.807104, 2.379025 41.807135, 2.379092 41.807139, 2.379139 41.80717, 2.379195 41.8072, 2.379258 41.807207, 2.379262 41.807256, 2.37932 41.80727, 2.379386 41.807282, 2.379447 41.807308, 2.379509 41.807323, 2.379575 41.807317, 2.379644 41.807316, 2.379714 41.807307, 2.379777 41.807308, 2.379853 41.807309, 2.379917 41.807312, 2.379973 41.807338, 2.380041 41.80733, 2.380111 41.807327, 2.380164 41.807359, 2.380209 41.807401, 2.380181 41.807446, 2.380142 41.807481, 2.380104 41.807522, 2.380089 41.807571, 2.380156 41.807582, 2.380224 41.807578, 2.380279 41.807602, 2.380341 41.807596, 2.380403 41.807616, 2.380461 41.807638, 2.38052 41.807653, 2.380581 41.807669, 2.380645 41.807688, 2.380699 41.807708, 2.380751 41.807732, 2.380796 41.807769, 2.380847 41.807798, 2.38091 41.807837, 2.380974 41.807847, 2.381039 41.807846, 2.381092 41.807882, 2.381155 41.807886, 2.381221 41.807894, 2.381294 41.807896, 2.381359 41.807885, 2.381415 41.807917, 2.381461 41.807961, 2.38149 41.808006, 2.381542 41.80804, 2.381589 41.808077, 2.381634 41.808117, 2.381687 41.808152, 2.381743 41.808186, 2.381801 41.808207, 2.381857 41.808239, 2.381909 41.808266, 2.381952 41.808312, 2.382011 41.808338, 2.382081 41.808356, 2.382129 41.808384, 2.382188 41.808411, 2.382232 41.808447, 2.382286 41.808477, 2.382342 41.808497, 2.382381 41.808539, 2.382436 41.808593, 2.382487 41.808624, 2.382538 41.808657, 2.382574 41.808709, 2.382634 41.808725, 2.382694 41.808734, 2.38273 41.808772, 2.382697 41.808827, 2.38269 41.808781, 2.382682 41.808841, 2.382669 41.80879, 2.382638 41.808838, 2.382691 41.808868, 2.382701 41.80892, 2.382674 41.808878, 2.382712 41.808927, 2.382686 41.808873, 2.382642 41.808836, 2.382574 41.808838, 2.382514 41.8088, 2.382489 41.808845, 2.38239 41.808839, 2.382325 41.80886, 2.382411 41.808861, 2.382423 41.808908, 2.382502 41.808875, 2.382473 41.808835, 2.382395 41.808842, 2.382326 41.808848, 2.382264 41.808834, 2.382209 41.808815, 2.382149 41.808788, 2.382102 41.808759, 2.38204 41.80874, 2.38199 41.808711, 2.381926 41.808703, 2.381863 41.808711, 2.381791 41.808704, 2.381736 41.808731, 2.381675 41.808733, 2.381616 41.808745, 2.381544 41.808755, 2.381484 41.808749, 2.381427 41.808708, 2.381366 41.808727, 2.381305 41.80874, 2.381236 41.808743)"
4,5.0,#612897,1.31,22.26,From 15 to 30 min/km,#E53888,22.25,1.0,0.5,0.05,Less than 7.5%,#77E4C8,Kilometer <b>4.00</b> to <b>5.00</b>,"<div style=""font-size: 10px;"">
                        <b>Kilometer 4.00 to kilometer 5.00</b><br>
                        <ul style=""padding-left: 16px; margin: 4px 0;"">
                            <li><b>Distance</b>: 1.00 km</li>
                            <li><b>Time</b>: 22 min</li>
                            <li><b>Average pace</b>: 22:16 min/km</li>
                            <li><b>Elevation gain</b>: 0.50 meters</li>
                            <li><b>Uphill percentage</b>: 0.05 %</li>
                        </ul></div>","LINESTRING (2.381236 41.808743, 2.381169 41.808746, 2.381103 41.808751, 2.381045 41.808769, 2.380985 41.808785, 2.380931 41.808809, 2.380878 41.808839, 2.380837 41.808878, 2.380782 41.808906, 2.380726 41.808939, 2.380662 41.808925, 2.380628 41.808969, 2.380597 41.809019, 2.380549 41.809048, 2.38048 41.809069, 2.380412 41.809099, 2.380381 41.80914, 2.38031 41.809148, 2.380239 41.809134, 2.380172 41.80912, 2.380107 41.809106, 2.380043 41.809105, 2.379991 41.809129, 2.379929 41.80914, 2.379864 41.809135, 2.379805 41.809114, 2.379739 41.80909, 2.379678 41.809087, 2.379604 41.809086, 2.379542 41.809096, 2.379473 41.80911, 2.379405 41.809115, 2.379346 41.809123, 2.379279 41.809122, 2.379219 41.809139, 2.379153 41.809143, 2.379083 41.809161, 2.379013 41.809183, 2.378951 41.809212, 2.378886 41.809226, 2.378835 41.809253, 2.378774 41.809276, 2.378719 41.809299, 2.378659 41.809318, 2.378602 41.809335, 2.378545 41.809359, 2.378484 41.809386, 2.378434 41.809411, 2.378403 41.809451, 2.378353 41.809478, 2.378299 41.8095, 2.378248 41.80953, 2.378195 41.809561, 2.378133 41.809591, 2.37807 41.809621, 2.377997 41.809636, 2.377932 41.809648, 2.377873 41.809667, 2.377823 41.809693, 2.377768 41.809725, 2.377699 41.809752, 2.377647 41.809779, 2.377595 41.809802, 2.377546 41.809837, 2.377497 41.809873, 2.37744 41.809902, 2.377395 41.809933, 2.37735 41.809963, 2.377301 41.809998, 2.377272 41.810042, 2.377259 41.810088, 2.377249 41.810136, 2.377216 41.810178, 2.377163 41.810231, 2.377138 41.810279, 2.377106 41.810328, 2.377084 41.810371, 2.377064 41.810426, 2.377063 41.810485, 2.377037 41.810528, 2.377022 41.810579, 2.377031 41.810626, 2.377043 41.810675, 2.377066 41.810723, 2.377081 41.810777, 2.377082 41.810825, 2.37706 41.81088, 2.377096 41.810926, 2.377069 41.810968, 2.376999 41.810988, 2.376991 41.811036, 2.376958 41.811077, 2.376909 41.811109, 2.37687 41.811145, 2.376798 41.811189, 2.37672 41.811217, 2.376669 41.811255, 2.376651 41.811299, 2.376582 41.811341, 2.376534 41.811383, 2.376454 41.811397, 2.376455 41.811346, 2.376411 41.811313, 2.376334 41.811327, 2.376261 41.811321, 2.376194 41.811348, 2.376117 41.811362, 2.376054 41.811388, 2.375989 41.811402, 2.375924 41.811423, 2.375883 41.811461, 2.375824 41.811493, 2.375753 41.811504, 2.375686 41.811507, 2.375625 41.811504, 2.375555 41.811508, 2.37549 41.811517, 2.375437 41.81154, 2.375429 41.811493, 2.37539 41.811458, 2.375327 41.811447, 2.37527 41.811426, 2.375253 41.811381, 2.375245 41.811333, 2.375227 41.811283, 2.375202 41.811235, 2.375168 41.811186, 2.375123 41.811154, 2.375113 41.811107, 2.375065 41.811069, 2.375024 41.811023, 2.374987 41.810975, 2.374948 41.810937, 2.374916 41.810882, 2.374872 41.810834, 2.37484 41.810786, 2.374835 41.81074, 2.374823 41.810693, 2.374821 41.810646, 2.3748 41.810603, 2.374793 41.810545, 2.374833 41.810505, 2.374894 41.810482, 2.374846 41.810403, 2.374738 41.810354, 2.374764 41.810412, 2.37485 41.810411, 2.374729 41.810449, 2.374691 41.81041, 2.374629 41.810408, 2.374587 41.810453, 2.374509 41.810468, 2.374462 41.810499, 2.374387 41.81051, 2.37432 41.810523, 2.374241 41.810524, 2.374182 41.810505, 2.374122 41.810497, 2.374059 41.810475, 2.373994 41.81046, 2.373928 41.810432, 2.373883 41.810398, 2.373825 41.810376, 2.373774 41.810341, 2.373729 41.810295, 2.373671 41.810262, 2.373633 41.81022, 2.373616 41.810171, 2.373617 41.810125, 2.373621 41.810065, 2.373608 41.810013, 2.373573 41.809961, 2.373545 41.809915)"
5,6.0,#0C1E7F,1.79,15.47,From 15 to 30 min/km,#E53888,14.79,1.0,7.7,0.77,Less than 7.5%,#77E4C8,Kilometer <b>5.00</b> to <b>6.00</b>,"<div style=""font-size: 10px;"">
                        <b>Kilometer 5.00 to kilometer 6.00</b><br>
                        <ul style=""padding-left: 16px; margin: 4px 0;"">
                            <li><b>Distance</b>: 1.00 km</li>
                            <li><b>Time</b>: 14 min</li>
                            <li><b>Average pace</b>: 15:28 min/km</li>
                            <li><b>Elevation gain</b>: 7.70 meters</li>
                            <li><b>Uphill percentage</b>: 0.77 %</li>
                        </ul></div>","LINESTRING (2.373545 41.809915, 2.373507 41.809879, 2.373462 41.809845, 2.373402 41.809835, 2.373337 41.809826, 2.373273 41.809824, 2.373199 41.809826, 2.373123 41.809823, 2.373063 41.809813, 2.373001 41.809791, 2.372957 41.809754, 2.372882 41.809747, 2.372822 41.809764, 2.37276 41.8098, 2.372702 41.809812, 2.37264 41.809831, 2.372571 41.809855, 2.372501 41.809877, 2.372435 41.809897, 2.372372 41.80993, 2.372307 41.80996, 2.372247 41.809993, 2.372195 41.810016, 2.37213 41.810049, 2.372073 41.810071, 2.372008 41.8101, 2.371955 41.810122, 2.371892 41.810146, 2.371839 41.810171, 2.371783 41.810207, 2.371735 41.810236, 2.371685 41.810271, 2.371632 41.810299, 2.371576 41.810324, 2.371519 41.810309, 2.371477 41.810349, 2.37145 41.810393, 2.371416 41.810439, 2.371375 41.810473, 2.371339 41.810423, 2.371287 41.810393, 2.371252 41.810339, 2.371197 41.810313, 2.371131 41.810307, 2.371068 41.810315, 2.371008 41.810333, 2.370941 41.810339, 2.370879 41.810348, 2.370819 41.810357, 2.37076 41.810367, 2.370699 41.810387, 2.370639 41.810391, 2.37057 41.810407, 2.3705 41.810433, 2.370434 41.810446, 2.37037 41.810457, 2.370307 41.810477, 2.370243 41.810484, 2.370181 41.810487, 2.370112 41.81049, 2.370043 41.810499, 2.369975 41.810492, 2.369908 41.810505, 2.369847 41.81053, 2.369792 41.810555, 2.369741 41.810583, 2.369676 41.81061, 2.369617 41.81063, 2.369559 41.810664, 2.369493 41.810682, 2.369417 41.810704, 2.36935 41.810713, 2.369293 41.810739, 2.369223 41.810747, 2.369159 41.810778, 2.369099 41.810786, 2.369044 41.810815, 2.368981 41.810832, 2.368932 41.810868, 2.368864 41.810876, 2.368796 41.810893, 2.368741 41.810928, 2.368695 41.810963, 2.368621 41.810969, 2.368558 41.81099, 2.368494 41.811029, 2.368435 41.811064, 2.368379 41.811095, 2.368338 41.811133, 2.368273 41.81116, 2.368214 41.811171, 2.368143 41.811191, 2.368081 41.811216, 2.368019 41.811249, 2.367956 41.811259, 2.367898 41.811281, 2.367821 41.811299, 2.367752 41.81131, 2.367688 41.811302, 2.367628 41.811318, 2.367553 41.811332, 2.367476 41.811351, 2.367406 41.811364, 2.367349 41.811378, 2.367284 41.811395, 2.367208 41.811402, 2.367149 41.811417, 2.367097 41.811448, 2.367031 41.811467, 2.366958 41.811472, 2.366883 41.811473, 2.366819 41.811464, 2.366753 41.811448, 2.366684 41.811447, 2.36662 41.811445, 2.366542 41.811454, 2.366481 41.811457, 2.366416 41.811468, 2.366342 41.81148, 2.366273 41.811501, 2.366206 41.811518, 2.366148 41.811538, 2.36609 41.81155, 2.366025 41.811547, 2.365908 41.811539, 2.365788 41.811558, 2.365705 41.811592, 2.365641 41.811593, 2.365552 41.811598, 2.36551 41.81163, 2.365422 41.811651, 2.365324 41.811652, 2.365241 41.811651, 2.365169 41.811649, 2.365083 41.81162, 2.364998 41.811578, 2.364923 41.811554, 2.364843 41.811587, 2.364741 41.811602, 2.36465 41.811625, 2.364565 41.811625, 2.364499 41.811639, 2.364411 41.811661, 2.36434 41.811716, 2.364277 41.81175, 2.364203 41.81178, 2.364101 41.811806, 2.364014 41.81182, 2.363931 41.811833, 2.363849 41.811858, 2.363752 41.811876, 2.36368 41.811896, 2.363604 41.811906, 2.363525 41.811945, 2.363467 41.811978, 2.363399 41.811994, 2.363341 41.812022, 2.363281 41.812059, 2.363236 41.812104, 2.363175 41.812114, 2.363123 41.812141, 2.363082 41.812182, 2.363027 41.812214, 2.362973 41.812248, 2.362914 41.812268, 2.362866 41.812314, 2.362827 41.812349)"
6,7.0,#612897,1.45,22.4,From 15 to 30 min/km,#E53888,19.18,1.0,0.8,0.08,Less than 7.5%,#77E4C8,Kilometer <b>6.00</b> to <b>7.00</b>,"<div style=""font-size: 10px;"">
                        <b>Kilometer 6.00 to kilometer 7.00</b><br>
                        <ul style=""padding-left: 16px; margin: 4px 0;"">
                            <li><b>Distance</b>: 1.00 km</li>
                            <li><b>Time</b>: 19 min</li>
                            <li><b>Average pace</b>: 22:24 min/km</li>
                            <li><b>Elevation gain</b>: 0.80 meters</li>
                            <li><b>Uphill percentage</b>: 0.08 %</li>
                        </ul></div>","LINESTRING (2.362827 41.812349, 2.362759 41.812368, 2.362716 41.812402, 2.362668 41.812442, 2.362612 41.812469, 2.362565 41.812508, 2.362521 41.812548, 2.362488 41.812597, 2.36249 41.812645, 2.362468 41.812699, 2.362451 41.812747, 2.362446 41.812798, 2.362419 41.812844, 2.362378 41.812891, 2.362316 41.812925, 2.362263 41.812956, 2.362205 41.812971, 2.362151 41.812996, 2.362097 41.813036, 2.362076 41.81308, 2.362048 41.813132, 2.362023 41.813173, 2.361979 41.813208, 2.361963 41.81326, 2.361935 41.813308, 2.36192 41.813352, 2.361903 41.813399, 2.361918 41.813444, 2.361913 41.813498, 2.361921 41.813547, 2.361902 41.813595, 2.361909 41.813643, 2.361918 41.81369, 2.36191 41.813749, 2.361885 41.813791, 2.36185 41.813831, 2.36183 41.813878, 2.361822 41.813933, 2.361782 41.813986, 2.36176 41.814037, 2.361732 41.814094, 2.361688 41.814131, 2.361659 41.814174, 2.36161 41.814203, 2.361556 41.814244, 2.361516 41.814295, 2.361469 41.814332, 2.361435 41.814374, 2.361396 41.814412, 2.361354 41.814448, 2.3613 41.81448, 2.361235 41.814504, 2.361217 41.814551, 2.361188 41.814594, 2.361156 41.81464, 2.361124 41.814687, 2.361087 41.814726, 2.361051 41.814771, 2.361023 41.814818, 2.360999 41.814879, 2.360976 41.814923, 2.360948 41.814965, 2.36091 41.815008, 2.360867 41.81504, 2.360846 41.815095, 2.360835 41.815144, 2.360784 41.815197, 2.360773 41.815245, 2.360767 41.815295, 2.360742 41.815346, 2.360687 41.815391, 2.360629 41.815414, 2.360598 41.815455, 2.360551 41.815498, 2.360513 41.815539, 2.360478 41.815585, 2.360429 41.815619, 2.360377 41.81565, 2.360329 41.815682, 2.360276 41.815705, 2.360207 41.815729, 2.360135 41.815762, 2.360074 41.815797, 2.360063 41.815849, 2.360054 41.815898, 2.360028 41.81594, 2.360012 41.815999, 2.359996 41.816043, 2.359981 41.816097, 2.359963 41.816144, 2.359964 41.816195, 2.359949 41.816247, 2.359931 41.816297, 2.359925 41.816349, 2.359909 41.816402, 2.359891 41.816451, 2.359846 41.816488, 2.359826 41.816537, 2.359831 41.816584, 2.359838 41.816632, 2.359824 41.816682, 2.359832 41.816727, 2.359817 41.816771, 2.359862 41.816801, 2.359886 41.816844, 2.359843 41.816884, 2.359799 41.816918, 2.35977 41.816958, 2.359737 41.816997, 2.359702 41.817036, 2.359679 41.817087, 2.359624 41.817107, 2.359555 41.81713, 2.359489 41.81715, 2.359422 41.817152, 2.359361 41.817158, 2.359299 41.817161, 2.359238 41.817176, 2.359176 41.817184, 2.359103 41.817207, 2.359029 41.817211, 2.358966 41.817243, 2.358892 41.817262, 2.35883 41.817284, 2.358769 41.817298, 2.358707 41.817324, 2.358642 41.817346, 2.358573 41.817368, 2.358514 41.817392, 2.358457 41.817416, 2.35841 41.81745, 2.358356 41.817479, 2.358321 41.817523, 2.358277 41.817556, 2.358226 41.817586, 2.358191 41.817623, 2.358163 41.817666, 2.358157 41.817713, 2.358118 41.817748, 2.35807 41.817781, 2.358092 41.81783, 2.358048 41.817874, 2.357994 41.817912, 2.357996 41.817958, 2.357992 41.818014, 2.357966 41.818057, 2.357931 41.818103, 2.357892 41.818144, 2.357842 41.818176, 2.357796 41.818214, 2.357744 41.818236, 2.357704 41.818281, 2.357704 41.818333, 2.357657 41.818375, 2.357603 41.818402, 2.357571 41.818446, 2.357529 41.818494, 2.357517 41.818542, 2.357462 41.818589, 2.357397 41.818639, 2.357344 41.818698, 2.357285 41.818759, 2.357217 41.818785, 2.357169 41.818815, 2.357155 41.818859, 2.357119 41.818916, 2.357071 41.818974, 2.357007 41.819019, 2.35697 41.819068, 2.356913 41.819112, 2.35685 41.819146, 2.356796 41.81918, 2.356763 41.819224, 2.356733 41.819268)"
7,8.0,#0C1E7F,1.45,35.95,From 30 to 45 min/km,#F37199,41.53,1.0,21.6,2.16,Less than 7.5%,#77E4C8,Kilometer <b>7.00</b> to <b>8.00</b>,"<div style=""font-size: 10px;"">
                        <b>Kilometer 7.00 to kilometer 8.00</b><br>
                        <ul style=""padding-left: 16px; margin: 4px 0;"">
                            <li><b>Distance</b>: 1.00 km</li>
                            <li><b>Time</b>: 41 min</li>
                            <li><b>Average pace</b>: 35:57 min/km</li>
                            <li><b>Elevation gain</b>: 21.60 meters</li>
                            <li><b>Uphill percentage</b>: 2.16 %</li>
                        </ul></div>","LINESTRING (2.356733 41.819268, 2.356697 41.81931, 2.35667 41.819355, 2.35667 41.819409, 2.356655 41.819467, 2.356629 41.819515, 2.356618 41.819564, 2.356609 41.819613, 2.356564 41.819658, 2.356572 41.81971, 2.356552 41.819755, 2.35653 41.819801, 2.356475 41.819836, 2.356457 41.819884, 2.356438 41.819956, 2.356385 41.820005, 2.356328 41.820043, 2.356288 41.820084, 2.356287 41.820139, 2.356281 41.820185, 2.356242 41.820222, 2.356178 41.820244, 2.35613 41.820299, 2.356091 41.82034, 2.35604 41.820374, 2.355989 41.820399, 2.355932 41.820427, 2.355875 41.820444, 2.355812 41.820466, 2.355755 41.820484, 2.355684 41.820487, 2.355625 41.820498, 2.355563 41.820508, 2.355505 41.820531, 2.355454 41.82056, 2.355401 41.820581, 2.355345 41.820608, 2.355283 41.820624, 2.355232 41.820654, 2.355185 41.820682, 2.35513 41.820704, 2.355072 41.820719, 2.354996 41.820741, 2.354944 41.820772, 2.354906 41.820826, 2.354887 41.820871, 2.354855 41.820919, 2.354889 41.820819, 2.3549 41.820876, 2.354831 41.82086, 2.354869 41.820903, 2.354805 41.820923, 2.354804 41.820975, 2.354768 41.820938, 2.354743 41.820896, 2.354705 41.820854, 2.354658 41.820815, 2.354618 41.82078, 2.354557 41.820756, 2.354501 41.820792, 2.354436 41.820812, 2.354397 41.820777, 2.354329 41.820753, 2.354287 41.82079, 2.354216 41.820796, 2.354148 41.820806, 2.354076 41.820807, 2.354008 41.820803, 2.353941 41.820827, 2.353911 41.820881, 2.353866 41.820913, 2.353803 41.820935, 2.353764 41.820973, 2.353691 41.820994, 2.353631 41.820987, 2.353571 41.820997, 2.353511 41.821006, 2.353441 41.820987, 2.353394 41.820956, 2.353396 41.820904, 2.353362 41.820863, 2.353312 41.820832, 2.353288 41.820876, 2.353229 41.820894, 2.353178 41.820862, 2.353116 41.82088, 2.353058 41.820908, 2.352993 41.820921, 2.35294 41.82095, 2.352885 41.820927, 2.352821 41.820916, 2.352764 41.820937, 2.352702 41.820958, 2.352635 41.821001, 2.352599 41.821046, 2.352582 41.821093, 2.352556 41.821135, 2.352516 41.821174, 2.352459 41.82121, 2.352411 41.821242, 2.352307 41.821288, 2.352249 41.821321, 2.352205 41.821283, 2.352268 41.821298, 2.352332 41.821309, 2.3524 41.82132, 2.352458 41.821338, 2.352521 41.821378, 2.352584 41.821383, 2.35256 41.821339, 2.352498 41.821389, 2.35244 41.821405, 2.352439 41.821358, 2.352403 41.821312, 2.352438 41.821354, 2.352482 41.821389, 2.35248 41.821437, 2.352498 41.821393, 2.352453 41.821423, 2.352465 41.821378, 2.35245 41.821326, 2.352451 41.821277, 2.352451 41.821222, 2.352505 41.821201, 2.352542 41.821155, 2.352561 41.821109, 2.352599 41.821072, 2.352623 41.821016, 2.352648 41.820972, 2.352672 41.82093, 2.3527 41.820886, 2.352721 41.820828, 2.352733 41.820784, 2.352739 41.82073, 2.352764 41.820688, 2.352807 41.820649, 2.352823 41.820603, 2.352842 41.820543, 2.352864 41.820489, 2.352895 41.820441, 2.352932 41.820394, 2.352969 41.820358, 2.353019 41.820327, 2.353069 41.820301, 2.353109 41.820259, 2.353167 41.82023, 2.353206 41.820195, 2.353274 41.820174, 2.353316 41.820135, 2.353367 41.820101, 2.353416 41.820068, 2.353454 41.820029, 2.353494 41.81998, 2.353536 41.819943, 2.353585 41.819912, 2.353639 41.819876, 2.353679 41.819824, 2.353713 41.819785, 2.353756 41.819752, 2.353808 41.819727, 2.353845 41.819687, 2.353908 41.819665, 2.353969 41.819634, 2.354028 41.819602, 2.354081 41.819572, 2.354136 41.819542, 2.354196 41.819513, 2.354252 41.819483, 2.354311 41.819447, 2.354344 41.819407, 2.354367 41.819361, 2.354379 41.819307, 2.354378 41.81925, 2.354376 41.819203, 2.354379 41.819156, 2.354368 41.819103)"
8,9.0,#612897,1.5,11.7,Less than 15 min/km,#AC1754,11.65,1.0,67.8,6.78,Less than 7.5%,#77E4C8,Kilometer <b>8.00</b> to <b>9.00</b>,"<div style=""font-size: 10px;"">
                        <b>Kilometer 8.00 to kilometer 9.00</b><br>
                        <ul style=""padding-left: 16px; margin: 4px 0;"">
                            <li><b>Distance</b>: 1.00 km</li>
                            <li><b>Time</b>: 11 min</li>
                            <li><b>Average pace</b>: 11:42 min/km</li>
                            <li><b>Elevation gain</b>: 67.80 meters</li>
                            <li><b>Uphill percentage</b>: 6.78 %</li>
                        </ul></div>","LINESTRING (2.354368 41.819103, 2.35437 41.819047, 2.354366 41.818993, 2.354362 41.818934, 2.354366 41.818881, 2.354379 41.818826, 2.35441 41.818777, 2.354454 41.818731, 2.354484 41.818678, 2.354509 41.818633, 2.354517 41.818574, 2.354551 41.818537, 2.354581 41.818486, 2.354609 41.818435, 2.354629 41.818391, 2.354623 41.818333, 2.354604 41.818288, 2.354567 41.818236, 2.354537 41.818185, 2.354509 41.818135, 2.354483 41.818082, 2.35446 41.818033, 2.354477 41.817989, 2.354486 41.817943, 2.354509 41.817888, 2.354529 41.817836, 2.354554 41.817783, 2.354569 41.817729, 2.354587 41.817677, 2.354602 41.81763, 2.3546 41.817583, 2.354611 41.817527, 2.354606 41.817474, 2.354614 41.81742, 2.354617 41.817364, 2.354625 41.817313, 2.354658 41.817264, 2.354685 41.817222, 2.354726 41.817185, 2.354764 41.817147, 2.354815 41.817111, 2.354868 41.817075, 2.354916 41.817034, 2.354956 41.81699, 2.354983 41.816948, 2.355024 41.816911, 2.355043 41.816865, 2.355064 41.816821, 2.355088 41.816769, 2.355094 41.816716, 2.355114 41.816662, 2.355134 41.816618, 2.355168 41.816567, 2.355157 41.816523, 2.355145 41.816467, 2.355119 41.816416, 2.355099 41.816373, 2.355077 41.81633, 2.355062 41.81628, 2.355047 41.816229, 2.355045 41.816177, 2.355063 41.816121, 2.355097 41.816068, 2.355146 41.816025, 2.355182 41.815985, 2.355224 41.815949, 2.355262 41.815912, 2.355312 41.815876, 2.355368 41.815841, 2.355419 41.815811, 2.355467 41.815784, 2.355523 41.815752, 2.355581 41.815715, 2.355626 41.815679, 2.355665 41.815629, 2.355709 41.815586, 2.35574 41.815541, 2.355786 41.815511, 2.355839 41.815481, 2.355884 41.815446, 2.355928 41.815413, 2.355975 41.815377, 2.356023 41.81534, 2.356077 41.815311, 2.356107 41.815267, 2.356113 41.815215, 2.356079 41.815168, 2.356023 41.815126, 2.355976 41.815092, 2.355939 41.815056, 2.35591 41.815011, 2.355914 41.814964, 2.355926 41.814912, 2.35595 41.814865, 2.355985 41.814817, 2.356015 41.814764, 2.356034 41.814714, 2.356056 41.814668, 2.356093 41.814621, 2.356124 41.814574, 2.356162 41.81452, 2.356208 41.814479, 2.35624 41.814438, 2.35629 41.814401, 2.356343 41.814357, 2.356409 41.814337, 2.356467 41.814312, 2.356516 41.814285, 2.356589 41.814265, 2.356659 41.814255, 2.356718 41.814245, 2.356781 41.814233, 2.356844 41.814221, 2.356894 41.81419, 2.356934 41.814153, 2.356974 41.814099, 2.357014 41.814058, 2.357045 41.814019, 2.357087 41.813974, 2.35713 41.813925, 2.35717 41.813879, 2.357205 41.813833, 2.357255 41.813806, 2.357316 41.813779, 2.357368 41.81374, 2.357418 41.813702, 2.357459 41.813658, 2.357468 41.813612, 2.357419 41.813556, 2.357356 41.813536, 2.357284 41.813507, 2.357217 41.813499, 2.357141 41.813504, 2.357061 41.813508, 2.356986 41.8135, 2.356923 41.813478, 2.356842 41.813502, 2.356773 41.813498, 2.356712 41.813512, 2.356662 41.813545, 2.356603 41.81356, 2.356544 41.813574, 2.356485 41.813565, 2.356424 41.813557, 2.356348 41.813556, 2.356282 41.813574, 2.356226 41.813611, 2.356161 41.813624, 2.356082 41.813634, 2.35602 41.813642, 2.355952 41.813679, 2.355887 41.813686, 2.355826 41.813691, 2.355759 41.813708, 2.355695 41.813717, 2.35562 41.813717, 2.355557 41.813718, 2.35549 41.81373, 2.355425 41.813733, 2.355348 41.81374, 2.355282 41.813753, 2.3552 41.813756, 2.355129 41.81374, 2.355081 41.813702, 2.355038 41.813656, 2.354997 41.813604, 2.354969 41.813561, 2.354943 41.813514, 2.354931 41.813464, 2.35492 41.813411, 2.354915 41.813357, 2.354912 41.813303, 2.354916 41.813252)"
9,10.0,#0C1E7F,1.51,14.2,Less than 15 min/km,#AC1754,14.27,1.0,33.5,3.35,Less than 7.5%,#77E4C8,Kilometer <b>9.00</b> to <b>10.00</b>,"<div style=""font-size: 10px;"">
                        <b>Kilometer 9.00 to kilometer 10.00</b><br>
                        <ul style=""padding-left: 16px; margin: 4px 0;"">
                            <li><b>Distance</b>: 1.00 km</li>
                            <li><b>Time</b>: 14 min</li>
                            <li><b>Average pace</b>: 14:12 min/km</li>
                            <li><b>Elevation gain</b>: 33.50 meters</li>
                            <li><b>Uphill percentage</b>: 3.35 %</li>
                        </ul></div>","LINESTRING (2.354916 41.813252, 2.354916 41.813203, 2.354908 41.81315, 2.354891 41.8131, 2.354874 41.813057, 2.354852 41.813008, 2.354826 41.812965, 2.354808 41.812922, 2.354791 41.812871, 2.354766 41.812826, 2.354748 41.812779, 2.354739 41.812731, 2.354726 41.812676, 2.354716 41.812621, 2.354703 41.812571, 2.354683 41.81252, 2.354662 41.812477, 2.35463 41.812429, 2.354596 41.812386, 2.354569 41.812341, 2.35454 41.812292, 2.354523 41.812247, 2.3545 41.812195, 2.354479 41.81215, 2.354466 41.812097, 2.354466 41.812042, 2.354487 41.811994, 2.354545 41.811957, 2.354591 41.811924, 2.354646 41.811881, 2.35469 41.811842, 2.354732 41.811794, 2.354774 41.811758, 2.354811 41.811712, 2.35486 41.811684, 2.354896 41.811645, 2.354942 41.811614, 2.354981 41.811568, 2.355014 41.81153, 2.355044 41.81148, 2.355078 41.811435, 2.355104 41.81138, 2.355129 41.811338, 2.355168 41.811296, 2.355191 41.811252, 2.355237 41.811211, 2.355288 41.811178, 2.355335 41.811147, 2.355387 41.811106, 2.355437 41.811076, 2.355497 41.811052, 2.355541 41.811013, 2.355601 41.810979, 2.355642 41.81093, 2.355678 41.810873, 2.355713 41.810831, 2.355741 41.810783, 2.355768 41.810741, 2.355803 41.810691, 2.35581 41.810646, 2.355811 41.810595, 2.355792 41.810549, 2.355789 41.810495, 2.355781 41.810449, 2.355764 41.810402, 2.355734 41.810358, 2.355708 41.810305, 2.355704 41.810258, 2.355726 41.810216, 2.355759 41.810173, 2.355802 41.810133, 2.355862 41.810107, 2.355912 41.810078, 2.355977 41.810051, 2.356039 41.810023, 2.356093 41.809996, 2.356151 41.809979, 2.35621 41.809953, 2.356281 41.80994, 2.35634 41.809922, 2.356399 41.809907, 2.356472 41.809897, 2.356528 41.809876, 2.356576 41.809849, 2.356633 41.809828, 2.356699 41.809814, 2.356767 41.809805, 2.356828 41.809789, 2.3569 41.809789, 2.356974 41.809794, 2.357042 41.809801, 2.35711 41.809784, 2.357159 41.809743, 2.357153 41.809695, 2.357127 41.809651, 2.357095 41.809607, 2.357146 41.809577, 2.357076 41.809595, 2.357007 41.809576, 2.356951 41.809555, 2.356897 41.80951, 2.356834 41.809502, 2.356771 41.80949, 2.356709 41.809512, 2.356644 41.809535, 2.356586 41.809555, 2.356523 41.809571, 2.356454 41.80958, 2.356388 41.809595, 2.356319 41.809615, 2.356243 41.809625, 2.356181 41.809627, 2.35611 41.809629, 2.356051 41.809609, 2.355973 41.809594, 2.355897 41.809578, 2.355821 41.80959, 2.355755 41.809594, 2.355697 41.809609, 2.35563 41.809627, 2.355557 41.809641, 2.355491 41.809656, 2.355447 41.809692, 2.355389 41.80971, 2.355333 41.809749, 2.355278 41.809777, 2.355213 41.809801, 2.355145 41.809814, 2.355086 41.809846, 2.355021 41.809879, 2.354974 41.80993, 2.354982 41.809984, 2.354989 41.810038, 2.35498 41.810094, 2.354965 41.810153, 2.354947 41.810207, 2.354937 41.810258, 2.354919 41.810306, 2.354897 41.81035, 2.354867 41.810395, 2.354831 41.810448, 2.354796 41.810498, 2.354743 41.810545, 2.354701 41.810582, 2.354661 41.810616, 2.354614 41.810661, 2.354564 41.810687, 2.354518 41.810727, 2.354461 41.810767, 2.3544 41.810801, 2.35436 41.810842, 2.354311 41.810871, 2.354248 41.810897, 2.354191 41.810935, 2.354127 41.810968, 2.354073 41.810995, 2.354019 41.811022, 2.353957 41.811058, 2.353889 41.811085, 2.353839 41.811134, 2.353783 41.811162, 2.353714 41.811201, 2.353649 41.811229, 2.353587 41.811258, 2.353537 41.811284, 2.353478 41.81131, 2.35342 41.811343, 2.353362 41.811379, 2.353294 41.811407, 2.353238 41.811437, 2.353169 41.811461, 2.353107 41.811475, 2.353042 41.811494, 2.352975 41.811484)"
10,11.0,#612897,1.49,11.38,Less than 15 min/km,#AC1754,11.35,1.0,35.3,3.53,Less than 7.5%,#77E4C8,Kilometer <b>10.00</b> to <b>11.00</b>,"<div style=""font-size: 10px;"">
                        <b>Kilometer 10.00 to kilometer 11.00</b><br>
                        <ul style=""padding-left: 16px; margin: 4px 0;"">
                            <li><b>Distance</b>: 1.00 km</li>
                            <li><b>Time</b>: 11 min</li>
                            <li><b>Average pace</b>: 11:23 min/km</li>
                            <li><b>Elevation gain</b>: 35.30 meters</li>
                            <li><b>Uphill percentage</b>: 3.53 %</li>
                        </ul></div>","LINESTRING (2.352975 41.811484, 2.352903 41.811465, 2.352839 41.81145, 2.352769 41.811437, 2.352709 41.811429, 2.352655 41.811395, 2.352587 41.811381, 2.352533 41.811406, 2.352477 41.811435, 2.352423 41.811473, 2.352395 41.811516, 2.352343 41.811541, 2.352298 41.811572, 2.35226 41.811617, 2.35222 41.811662, 2.352154 41.811702, 2.352121 41.811749, 2.352094 41.811798, 2.352089 41.811848, 2.352073 41.811894, 2.352061 41.811946, 2.352061 41.812003, 2.352055 41.812054, 2.352061 41.812103, 2.352062 41.812153, 2.352059 41.812199, 2.352064 41.812254, 2.352065 41.81231, 2.352062 41.812365, 2.352033 41.812417, 2.351986 41.812447, 2.351926 41.812444, 2.351863 41.812413, 2.351803 41.812373, 2.351758 41.812339, 2.351714 41.812298, 2.351691 41.812251, 2.351664 41.812207, 2.351647 41.812154, 2.351603 41.812102, 2.351565 41.812058, 2.351502 41.812022, 2.351444 41.811998, 2.351382 41.81197, 2.351309 41.811967, 2.351233 41.811962, 2.351169 41.81194, 2.351119 41.811914, 2.351055 41.811894, 2.351003 41.811865, 2.35096 41.811828, 2.350937 41.811778, 2.350922 41.811734, 2.350931 41.811679, 2.35095 41.811615, 2.350985 41.811578, 2.350991 41.81153, 2.350988 41.81148, 2.351019 41.81143, 2.351035 41.811384, 2.351052 41.811328, 2.351063 41.811273, 2.351059 41.811216, 2.35104 41.811173, 2.351025 41.811128, 2.351009 41.811081, 2.350969 41.811034, 2.350929 41.811, 2.350875 41.810973, 2.350806 41.810945, 2.350757 41.810919, 2.350699 41.810893, 2.350636 41.810871, 2.350557 41.810869, 2.35049 41.810868, 2.350421 41.810848, 2.350353 41.810815, 2.350292 41.810788, 2.350245 41.810741, 2.35023 41.810693, 2.350249 41.810644, 2.350272 41.810593, 2.350307 41.810548, 2.350346 41.810512, 2.350376 41.810471, 2.350408 41.810432, 2.350451 41.810393, 2.350491 41.810343, 2.350525 41.810287, 2.350554 41.81023, 2.350576 41.810175, 2.3506 41.810123, 2.350612 41.810076, 2.350637 41.81002, 2.350636 41.809964, 2.350653 41.80992, 2.350666 41.809867, 2.350659 41.809821, 2.35065 41.809775, 2.350635 41.809716, 2.350621 41.80966, 2.350616 41.809607, 2.350604 41.80956, 2.350609 41.809513, 2.350619 41.809456, 2.350625 41.809402, 2.350617 41.809351, 2.350626 41.809297, 2.350645 41.809239, 2.350668 41.809188, 2.350687 41.809137, 2.350714 41.809091, 2.350744 41.809044, 2.35076 41.808992, 2.350792 41.808952, 2.350831 41.808904, 2.350874 41.80886, 2.350909 41.808814, 2.350942 41.808767, 2.350948 41.808712, 2.350946 41.808654, 2.350946 41.808601, 2.350948 41.808554, 2.350945 41.808504, 2.35095 41.808447, 2.350947 41.808399, 2.350938 41.808353, 2.350935 41.8083, 2.350942 41.80825, 2.350954 41.808194, 2.350957 41.808141, 2.350978 41.808092, 2.351016 41.808042, 2.351037 41.807996, 2.351065 41.807953, 2.351097 41.807913, 2.35111 41.807861, 2.351128 41.807814, 2.351148 41.807763, 2.351162 41.807708, 2.351167 41.807653, 2.351174 41.807599, 2.35118 41.807546, 2.351185 41.807489, 2.351195 41.807434, 2.351188 41.807384, 2.351204 41.807333, 2.351213 41.807284, 2.351225 41.807238, 2.351228 41.807181, 2.35123 41.807125, 2.351232 41.807076, 2.351229 41.807022, 2.351237 41.806966, 2.35123 41.806921, 2.35122 41.806867, 2.351221 41.806818, 2.351206 41.806765, 2.351207 41.806718, 2.351206 41.80666, 2.351206 41.806606, 2.351195 41.806556, 2.35119 41.806509, 2.35117 41.80646, 2.351174 41.806414, 2.351176 41.806365, 2.351186 41.80631, 2.351194 41.806252, 2.351199 41.806201, 2.351201 41.806145, 2.3512 41.806091, 2.351201 41.806044, 2.351203 41.805996)"
11,11.84,#0C1E7F,1.8,14.15,Less than 15 min/km,#AC1754,11.03,0.84,0.0,0.0,Less than 7.5%,#77E4C8,Kilometer <b>11.00</b> to <b>11.84</b>,"<div style=""font-size: 10px;"">
                        <b>Kilometer 11.00 to kilometer 11.84</b><br>
                        <ul style=""padding-left: 16px; margin: 4px 0;"">
                            <li><b>Distance</b>: 0.84 km</li>
                            <li><b>Time</b>: 11 min</li>
                            <li><b>Average pace</b>: 14:09 min/km</li>
                            <li><b>Elevation gain</b>: 0.00 meters</li>
                            <li><b>Uphill percentage</b>: 0.00 %</li>
                        </ul></div>","LINESTRING (2.351203 41.805996, 2.351212 41.805942, 2.351219 41.805895, 2.351243 41.80585, 2.351253 41.805804, 2.35126 41.805749, 2.351274 41.805696, 2.351284 41.805645, 2.351286 41.805596, 2.3513 41.80554, 2.351319 41.805497, 2.351346 41.805446, 2.351374 41.805402, 2.351388 41.805344, 2.351411 41.80529, 2.351422 41.805244, 2.351438 41.805192, 2.351451 41.805133, 2.351468 41.805083, 2.351484 41.805028, 2.351494 41.804974, 2.351511 41.804919, 2.351533 41.804874, 2.351563 41.804833, 2.351595 41.804787, 2.351627 41.804734, 2.351619 41.804684, 2.351614 41.804633, 2.351609 41.804573, 2.351611 41.804528, 2.351607 41.804481, 2.351569 41.804424, 2.351538 41.804378, 2.351493 41.804341, 2.351464 41.804287, 2.351427 41.804246, 2.351354 41.804218, 2.351319 41.804167, 2.351306 41.804117, 2.351252 41.804097, 2.351223 41.804037, 2.351165 41.80402, 2.351087 41.803996, 2.351026 41.803971, 2.350994 41.803932, 2.350962 41.803893, 2.350923 41.803837, 2.350902 41.803793, 2.350879 41.803733, 2.350836 41.803688, 2.350799 41.803644, 2.350746 41.803596, 2.350718 41.803549, 2.35071 41.803502, 2.350674 41.803464, 2.350619 41.803427, 2.350572 41.803388, 2.350535 41.803349, 2.350494 41.803302, 2.350439 41.803253, 2.350381 41.803223, 2.350319 41.803197, 2.350267 41.803135, 2.350208 41.803096, 2.350154 41.803049, 2.350107 41.803009, 2.350073 41.802963, 2.350031 41.802917, 2.349981 41.80287, 2.349955 41.802827, 2.349928 41.802774, 2.349894 41.802726, 2.349865 41.802674, 2.349815 41.802632, 2.349756 41.802613, 2.349713 41.802579, 2.349658 41.802558, 2.349594 41.802528, 2.349571 41.802477, 2.349512 41.802462, 2.349466 41.80242, 2.349396 41.802416, 2.349338 41.802374, 2.349326 41.802322, 2.349279 41.802275, 2.349191 41.802252, 2.349148 41.802219, 2.349135 41.802155, 2.349095 41.802111, 2.34904 41.802085, 2.349006 41.802041, 2.34899 41.801987, 2.348926 41.801941, 2.348887 41.801902, 2.348903 41.801855, 2.348863 41.801818, 2.34885 41.80177, 2.348796 41.801733, 2.348713 41.801706, 2.348645 41.80168, 2.348578 41.801644, 2.348516 41.801613, 2.348516 41.801563, 2.348554 41.801511, 2.348626 41.801482, 2.348594 41.801425, 2.34862 41.801383, 2.348558 41.80138, 2.348489 41.801376, 2.348426 41.801377, 2.348381 41.801339, 2.348329 41.801303, 2.348258 41.801291, 2.3482 41.801277, 2.348144 41.801256, 2.348097 41.801213, 2.348025 41.801189, 2.347958 41.801158, 2.347896 41.801183, 2.347832 41.801201, 2.347768 41.801191, 2.347716 41.801166, 2.347661 41.80113, 2.347647 41.801078, 2.347676 41.801037, 2.347623 41.800991, 2.347573 41.801018, 2.347498 41.801042, 2.347441 41.801015, 2.347391 41.801049, 2.347346 41.801084, 2.347286 41.801116, 2.347228 41.801147, 2.347143 41.80115, 2.347074 41.801165, 2.347015 41.801141, 2.346952 41.801122, 2.346881 41.801128, 2.346799 41.801139, 2.346732 41.801138, 2.346669 41.801131, 2.34668 41.801177)"
