lon,lat,u,v
2.3479407,41.801161,666342843.0,1867011849.0
2.3479388,41.801162,666342843.0,1867011849.0
2.3479021,41.801171,666342843.0,1867011849.0
2.3478624,41.801181,666342843.0,1867011849.0
2.3479312,41.801164,666342843.0,1867011849.0
2.3479983,41.801153,666342843.0,7969237901.0
2.3480623,41.801171,666342843.0,7969237901.0
2.3481236,41.801204,666342843.0,7969237901.0
2.3481618,41.801239,666342843.0,7969237901.0
2.3482081,41.801253,666342843.0,7969237901.0
2.3482681,41.801267,666342843.0,7969237901.0
2.3483323,41.801282,666342843.0,7969237901.0
2.3483834,41.801306,666342843.0,7969237901.0
2.3484388,41.801334,666342843.0,7969237901.0
2.3485026,41.80134,666342843.0,7969237901.0
2.3485665,41.801342,666342843.0,7969237901.0
2.3486031,41.801407,842026008.0,7969237901.0
2.3486139,41.801463,7969237899.0,7969237901.0
2.3485774,41.801477,7969237899.0,7969237901.0
2.348517,41.801518,666342869.0,7969237899.0
2.3485141,41.801561,666342869.0,7969237899.0
2.3485428,41.80158,666342869.0,7969237899.0
2.34859,41.801613,666342869.0,7969237899.0
2.348633,41.801635,666342869.0,7969237899.0
2.3486902,41.801657,666342869.0,7969237899.0
2.3487501,41.801675,666342869.0,7969237899.0
2.3488072,41.801692,666342869.0,7969237899.0
2.348858,41.80172,666342869.0,7969237899.0
2.3489049,41.801752,666342869.0,7969237899.0
2.3489368,41.801777,666342869.0,7969237899.0
2.3489553,41.801809,666342869.0,7969237899.0
2.348975,41.801843,666342869.0,7969237899.0
2.3489954,41.801929,666342869.0,7969237899.0
2.3489871,41.801977,666342869.0,7969237899.0
2.3489941,41.802009,666342869.0,7969237899.0
2.3490175,41.802041,666342869.0,7969237899.0
2.3490483,41.802084,666342869.0,7969237899.0
2.3490874,41.802132,666342869.0,7969237899.0
2.3491303,41.802175,666342869.0,7969237899.0
2.3491677,41.802212,666342869.0,7969237899.0
2.3492156,41.80226,666342869.0,7969237899.0
2.3492571,41.802302,666342869.0,7969237899.0
2.3492983,41.802346,666342869.0,7969237899.0
2.3493187,41.802369,666342869.0,7969237899.0
2.3493823,41.802422,666342869.0,7969237899.0
2.349458,41.802469,666342869.0,7969237899.0
2.349502,41.802496,666342869.0,7969237899.0
2.3495511,41.802523,666342869.0,7969237899.0
2.349607,41.802545,666342869.0,7969237899.0
2.34965,41.802562,666342869.0,7969237899.0
2.3497059,41.802589,666342869.0,7969237899.0
2.3497607,41.802619,666342869.0,7969237899.0
2.3497823,41.802649,666342869.0,7969237899.0
2.3498036,41.802694,666342869.0,7969237899.0
2.3498273,41.802744,666342869.0,7969237899.0
2.3499024,41.80282,666342869.0,7969237899.0
2.3499169,41.802829,666342869.0,7969237899.0
2.3499428,41.802844,666342869.0,7969237899.0
2.3499873,41.802872,666342869.0,7969237899.0
2.3500373,41.802902,666342869.0,7969237899.0
2.3500875,41.802933,666342869.0,7969237899.0
2.3501325,41.80296,666342869.0,7969237899.0
2.3501888,41.802992,666342869.0,7969237899.0
2.3502566,41.803029,666342869.0,7969237899.0
2.3503057,41.803056,666342869.0,7969237899.0
2.3503539,41.803087,666342869.0,7969237899.0
2.350404,41.803121,666342869.0,7969237899.0
2.3504293,41.803138,666342869.0,7969237899.0
2.3504904,41.803191,666342869.0,7969237899.0
2.3505169,41.803234,666342869.0,7969237899.0
2.3505464,41.803282,666342869.0,7969237899.0
2.3505722,41.803324,666342869.0,7969237899.0
2.3506003,41.803362,666342869.0,7969237899.0
2.3506326,41.803401,666342869.0,7969237899.0
2.3506709,41.803447,666342869.0,7969237899.0
2.350712,41.803494,666342869.0,7969237899.0
2.3507471,41.803532,666342869.0,7969237899.0
2.3507839,41.803572,666342869.0,7969237899.0
2.3508261,41.803619,666342869.0,7969237899.0
2.3508552,41.803662,666342869.0,7969237899.0
2.3508889,41.803707,666342869.0,7969237899.0
2.3509261,41.803747,666342869.0,7969237899.0
2.3509536,41.80378,666342869.0,7969237899.0
2.3509724,41.803823,666342869.0,7969237899.0
2.3509893,41.803862,666342869.0,7969237899.0
2.3510207,41.803907,666342869.0,7969237899.0
2.3510631,41.803943,666342869.0,7969237899.0
2.3511147,41.803987,666342869.0,7969237899.0
2.3511524,41.80402,666342869.0,7969237899.0
2.3511861,41.804061,666342869.0,7969237899.0
2.3512326,41.804118,666342869.0,7969237899.0
2.351267,41.804159,666342869.0,7969237899.0
2.3513013,41.804201,666342869.0,7969237899.0
2.3513845,41.804259,666342869.0,7969237899.0
2.3514435,41.804287,666342869.0,7969237899.0
2.3514784,41.804303,666342869.0,7969237899.0
2.351531,41.804328,666342869.0,7969237899.0
2.3515796,41.80437,666342869.0,7969237899.0
2.3516191,41.804408,666342869.0,7969237899.0
2.3516612,41.804449,666342869.0,7969237899.0
2.3517042,41.804491,666342869.0,7969237899.0
2.3517362,41.804528,666342869.0,666342886.0
2.3517529,41.804573,666342869.0,666342886.0
2.3517787,41.804629,666342869.0,666342886.0
2.3518129,41.804668,666342869.0,666342886.0
2.3518425,41.804701,666342869.0,666342886.0
2.3518884,41.804741,666342869.0,666342886.0
2.3519341,41.804774,666342869.0,666342886.0
2.3519816,41.804807,666342869.0,666342886.0
2.3520276,41.80484,666342869.0,666342886.0
2.3520655,41.804872,666342869.0,666342886.0
2.3521013,41.804907,666342869.0,666342886.0
2.3521412,41.804946,666342869.0,666342886.0
2.3521779,41.804982,666342869.0,666342886.0
2.3522249,41.805026,666342869.0,666342886.0
2.3522646,41.805057,666342869.0,666342886.0
2.3523109,41.805094,666342869.0,666342886.0
2.3523505,41.805126,666342869.0,666342886.0
2.3523934,41.80516,666342869.0,666342886.0
2.352437,41.805195,666342869.0,666342886.0
2.3524761,41.805226,666342869.0,666342886.0
2.3525307,41.805257,666342869.0,666342886.0
2.3525881,41.805288,666342869.0,666342886.0
2.3526384,41.805315,666342869.0,666342886.0
2.3526943,41.805345,666342869.0,666342886.0
2.3527514,41.805376,666342869.0,666342886.0
2.3528023,41.805404,666342869.0,666342886.0
2.3528574,41.805433,666342869.0,666342886.0
2.3529167,41.805462,666342869.0,666342886.0
2.3529673,41.805485,666342869.0,666342886.0
2.3530263,41.805513,666342869.0,666342886.0
2.353076,41.805537,666342869.0,666342886.0
2.3531258,41.805564,666342869.0,666342886.0
2.3531811,41.805593,666342869.0,666342886.0
2.35324,41.805624,666342869.0,666342886.0
2.3532749,41.805647,666342869.0,666342886.0
2.3533239,41.805678,666342869.0,666342886.0
2.3533685,41.805707,666342869.0,666342886.0
2.3534174,41.805739,666342869.0,666342886.0
2.3534756,41.805766,666342869.0,666342886.0
2.3535364,41.805789,666342869.0,666342886.0
2.3536016,41.80581,666342869.0,666342886.0
2.3536676,41.805823,666342869.0,666342886.0
2.3537388,41.805836,666342869.0,666342886.0
2.3538095,41.805843,666342869.0,666342886.0
2.3538781,41.805851,666342869.0,666342886.0
2.3539317,41.805874,666342869.0,666342886.0
2.3539812,41.805899,666342869.0,666342886.0
2.3540327,41.805925,666342869.0,666342886.0
2.3540878,41.805953,666342869.0,666342886.0
2.3541488,41.805983,666342869.0,666342886.0
2.3542068,41.806003,666342869.0,666342886.0
2.3542727,41.806016,666342869.0,666342886.0
2.3543368,41.806031,666342869.0,666342886.0
2.354387,41.806058,666342869.0,666342886.0
2.3544461,41.806082,666342869.0,666342886.0
2.3545127,41.806101,666342869.0,666342886.0
2.3545641,41.806125,666342869.0,666342886.0
2.3546256,41.806153,666342869.0,666342886.0
2.3546849,41.806181,666342869.0,666342886.0
2.3547466,41.806209,666342869.0,666342886.0
2.3547936,41.806231,666342869.0,666342886.0
2.354844,41.806265,666342869.0,666342886.0
2.3548913,41.806296,666342869.0,666342886.0
2.3549533,41.806324,666342869.0,666342886.0
2.354994,41.806342,666342869.0,666342886.0
2.3550475,41.806384,666342869.0,666342886.0
2.3550764,41.806412,666342869.0,666342886.0
2.3551384,41.80644,666342869.0,666342886.0
2.3551935,41.806475,666342869.0,666342886.0
2.3552481,41.806491,666342869.0,666342886.0
2.3553113,41.806507,666342869.0,666342886.0
2.3553776,41.806525,666342869.0,666342886.0
2.3554339,41.80654,666342869.0,666342886.0
2.3555137,41.806531,666342869.0,666342886.0
2.3555733,41.806509,666342869.0,666342886.0
2.3556487,41.806504,666342869.0,666342886.0
2.3557074,41.806503,666342869.0,666342886.0
2.3557639,41.806523,666342869.0,666342886.0
2.3558217,41.806544,666342869.0,666342886.0
2.3558711,41.806582,666342869.0,666342886.0
2.3559097,41.806622,666342869.0,666342886.0
2.3559753,41.806658,666342869.0,666342886.0
2.3560297,41.80667,666342869.0,666342886.0
2.3560911,41.806677,666342869.0,666342886.0
2.3561643,41.806684,666342869.0,666342886.0
2.3562373,41.806692,666342886.0,12323334092.0
2.3562991,41.806698,666342886.0,12323334092.0
2.3563445,41.806756,666342886.0,4295763196.0
2.3564317,41.806712,666342886.0,12323334092.0
2.3564874,41.806718,666342886.0,12323334092.0
2.3565421,41.806723,666342886.0,12323334092.0
2.3565894,41.806726,666342886.0,12323334092.0
2.3566323,41.80673,666342886.0,12323334092.0
2.3567006,41.806768,2881839011.0,12323334092.0
2.3567721,41.806741,666342896.0,12323334092.0
2.3568363,41.806746,666342896.0,12323334092.0
2.3568991,41.806749,666342896.0,12323334092.0
2.356967,41.806753,666342896.0,12323334092.0
2.3570361,41.806756,666342896.0,12323334092.0
2.3571053,41.80676,666342896.0,12323334092.0
2.3571662,41.806763,666342896.0,12323334092.0
2.3572262,41.806764,666342896.0,12323334092.0
2.3572895,41.80676,666342896.0,12323334092.0
2.3573546,41.806756,666342896.0,12323334092.0
2.3574207,41.806752,666342896.0,12323334092.0
2.3574897,41.806743,666342896.0,12323334092.0
2.3575526,41.806734,666342896.0,12323334092.0
2.3576207,41.806724,666342896.0,12323334092.0
2.3576806,41.806715,666342896.0,12323334092.0
2.3577531,41.806704,666342896.0,12323334092.0
2.3578132,41.806696,666342896.0,12323334092.0
2.3578717,41.806687,666342896.0,12323334092.0
2.3579328,41.806663,666342896.0,12323334092.0
2.357992,41.80664,666342896.0,12323334092.0
2.3580435,41.80662,666342896.0,12323334092.0
2.3580954,41.8066,666342896.0,12323334092.0
2.358145,41.806575,666342896.0,12323334092.0
2.358199,41.806545,666342896.0,12323334092.0
2.3582512,41.806517,666342896.0,12323334092.0
2.358309,41.806485,666342896.0,12323334092.0
2.3583549,41.806448,666342896.0,12323334092.0
2.3583958,41.80641,666342896.0,12323334092.0
2.3584615,41.806375,666342896.0,12323334092.0
2.3585126,41.80635,666342896.0,12323334092.0
2.3585703,41.806312,666342896.0,12323334092.0
2.3586156,41.806282,666342896.0,12323334092.0
2.3586918,41.806246,666342896.0,12323334092.0
2.3587663,41.806233,666342896.0,12323334092.0
2.3588371,41.80622,666342896.0,12323334092.0
2.3589026,41.806206,666342896.0,12323334092.0
2.3589683,41.806193,666342896.0,12323334092.0
2.3590299,41.80618,666342896.0,12323334092.0
2.3590975,41.806166,666342896.0,12323334092.0
2.3591552,41.806154,666342896.0,12323334092.0
2.3592259,41.80614,666342896.0,12323334092.0
2.3592911,41.806126,666342896.0,12323334092.0
2.3593585,41.806112,666342896.0,12323334092.0
2.3594355,41.806111,666342896.0,12323334092.0
2.3595075,41.806112,666342896.0,12323334092.0
2.3595736,41.806119,666342896.0,12323334092.0
2.3596448,41.806127,666342896.0,12323334092.0
2.359723,41.806136,666342896.0,12323334092.0
2.3597967,41.806141,666342896.0,12323334092.0
2.3598637,41.806145,666342896.0,12323334092.0
2.3599356,41.806153,666342896.0,12323334092.0
2.360004,41.806167,666342896.0,12323334092.0
2.360064,41.806178,666342896.0,12323334092.0
2.3601322,41.806192,666342896.0,12323334092.0
2.3602025,41.806205,666342896.0,12323334092.0
2.3602659,41.806218,666342896.0,12323334092.0
2.3603274,41.80623,666342896.0,12323334092.0
2.3603944,41.806243,666342896.0,12323334092.0
2.3604543,41.806254,666342896.0,12323334092.0
2.360524,41.806269,666342896.0,666342924.0
2.3605883,41.806282,666342896.0,666342924.0
2.3606512,41.806296,666342896.0,666342924.0
2.360725,41.806312,666342896.0,666342924.0
2.360791,41.806326,666342896.0,666342924.0
2.3608557,41.806337,666342896.0,666342924.0
2.3609193,41.806346,666342896.0,666342924.0
2.3609791,41.806355,666342896.0,666342924.0
2.3610411,41.806364,666342896.0,666342924.0
2.3611195,41.806376,666342896.0,666342924.0
2.3611946,41.806387,666342896.0,666342924.0
2.3612533,41.806395,666342896.0,666342924.0
2.3613207,41.806405,666342896.0,666342924.0
2.3613832,41.806402,666342896.0,666342924.0
2.3614526,41.806388,666342896.0,666342924.0
2.3615254,41.806385,666342896.0,666342924.0
2.3615829,41.806399,666342896.0,666342924.0
2.3616447,41.806413,666342896.0,666342924.0
2.3617129,41.806421,666342896.0,666342924.0
2.3617826,41.806436,666342896.0,666342924.0
2.3618505,41.806451,666342896.0,666342924.0
2.3618972,41.806485,666342896.0,666342924.0
2.3619454,41.806523,666342896.0,666342924.0
2.3619965,41.806565,666342896.0,666342924.0
2.362064,41.806608,666342896.0,666342924.0
2.3621162,41.806638,666342896.0,666342924.0
2.3621585,41.806663,666342896.0,666342924.0
2.3622137,41.806695,666342896.0,666342924.0
2.3622906,41.806732,666342924.0,9062423752.0
2.3623515,41.806745,666342924.0,9062423752.0
2.3624106,41.806757,666342924.0,9062423752.0
2.3624698,41.806768,666342924.0,9062423752.0
2.3625329,41.806778,666342924.0,9062423752.0
2.3626111,41.806781,666342924.0,9062423752.0
2.3626799,41.806782,666342924.0,9062423752.0
2.3627449,41.806784,666342924.0,9062423752.0
2.362836,41.806764,666342924.0,9062423752.0
2.3628887,41.806757,666342924.0,9062423752.0
2.3629545,41.806747,666342924.0,9062423752.0
2.3630122,41.806739,666342924.0,9062423752.0
2.363075,41.80673,666342924.0,9062423752.0
2.3631495,41.806713,666342924.0,9062423752.0
2.363201,41.806696,666342924.0,9062423752.0
2.3632635,41.806676,666342924.0,9062423752.0
2.3633206,41.806657,666342924.0,9062423752.0
2.363381,41.806637,666342924.0,9062423752.0
2.3634313,41.806621,666342924.0,9062423752.0
2.3634938,41.806604,666342924.0,9062423752.0
2.3635622,41.806588,666342924.0,9062423752.0
2.3636282,41.806576,666342924.0,9062423752.0
2.3636933,41.80657,666342924.0,9062423752.0
2.3637353,41.806567,666342924.0,9062423752.0
2.3637881,41.80656,666342924.0,9062423752.0
2.3638395,41.806549,666342924.0,9062423752.0
2.3638942,41.806538,666342924.0,9062423752.0
2.3639422,41.806528,666342924.0,9062423752.0
2.3639765,41.806521,666342924.0,9062423752.0
2.3640857,41.806436,666342924.0,9062423752.0
2.3641139,41.806404,666342924.0,9062423752.0
2.3641496,41.806372,666342924.0,9062423752.0
2.364196,41.806339,666342924.0,9062423752.0
2.3642464,41.806303,666342924.0,9062423752.0
2.364287,41.806274,666342924.0,9062423752.0
2.3643359,41.806244,666342924.0,9062423752.0
2.3643817,41.806216,666342924.0,9062423752.0
2.3644339,41.806185,666342924.0,9062423752.0
2.3644892,41.806151,666342924.0,9062423752.0
2.3645342,41.806124,666342924.0,9062423752.0
2.364589,41.806085,666342924.0,9062423752.0
2.3646294,41.806043,666342924.0,9062423752.0
2.3646713,41.806,666342924.0,9062423752.0
2.3647065,41.805964,666342924.0,9062423752.0
2.3647474,41.805922,666342924.0,9062423752.0
2.3647974,41.805871,666342924.0,9062423752.0
2.3648354,41.805832,666342924.0,9062423752.0
2.3648684,41.805797,666342924.0,9062423752.0
2.3649054,41.805758,666342924.0,9062423752.0
2.3649364,41.805726,666342924.0,9062423752.0
2.3649727,41.805688,666342924.0,9062423752.0
2.3650124,41.805646,666342924.0,9062423752.0
2.3650435,41.805614,666342924.0,9062423752.0
2.3650757,41.80558,666342924.0,9062423752.0
2.3651123,41.805544,666342924.0,9062423752.0
2.3651565,41.8055,666342924.0,9062423752.0
2.3651932,41.805464,666342924.0,9062423752.0
2.3652319,41.805425,666342924.0,9062423752.0
2.3652654,41.805392,666342924.0,9062423752.0
2.3652971,41.805379,666342924.0,9062423752.0
2.365347,41.805358,666342924.0,9062423752.0
2.3654128,41.805324,666342924.0,9062423752.0
2.3654589,41.805294,666342924.0,9062423752.0
2.3655086,41.805263,666342924.0,9062423752.0
2.3655547,41.805234,666342924.0,9062423752.0
2.3656026,41.805203,666342924.0,9062423752.0
2.3656605,41.805159,666342924.0,9062423752.0
2.3657003,41.805121,666342924.0,9062423752.0
2.365737,41.805087,666342924.0,9062423752.0
2.365773,41.805053,666342924.0,9062423752.0
2.365797,41.805041,666342924.0,9062423752.0
2.3658425,41.80502,666342924.0,9062423752.0
2.3658676,41.805009,666342924.0,9062423752.0
2.3658765,41.80501,666342924.0,9062423752.0
2.3659277,41.805014,666342924.0,9062423752.0
2.3659833,41.805016,666342924.0,9062423752.0
2.3660387,41.805015,666342924.0,9062423752.0
2.3661113,41.805013,666342924.0,9062423752.0
2.3661794,41.805012,666342924.0,9062423752.0
2.3663147,41.804984,666342924.0,9062423752.0
2.3663652,41.804968,666342924.0,9062423752.0
2.3664821,41.80491,666342924.0,9062423752.0
2.3665205,41.804879,666342924.0,9062423752.0
2.3665641,41.804844,666342924.0,9062423752.0
2.3666111,41.804806,666342924.0,9062423752.0
2.3666562,41.80477,666342924.0,9062423752.0
2.3667011,41.804734,666342924.0,9062423752.0
2.3667431,41.8047,666342924.0,9062423752.0
2.3667862,41.804665,666342924.0,9062423752.0
2.366832,41.804635,666342924.0,9062423752.0
2.3668818,41.804602,666342924.0,9062423752.0
2.3669297,41.80457,666342924.0,9062423752.0
2.3669818,41.804536,666342924.0,9062423752.0
2.3670336,41.804509,666342924.0,9062423752.0
2.3671021,41.804484,666342924.0,9062423752.0
2.3671711,41.804459,666342924.0,9062423752.0
2.3672367,41.804439,666342924.0,9062423752.0
2.3672929,41.804423,666342924.0,9062423752.0
2.367351,41.804408,666342924.0,9062423752.0
2.3674263,41.804398,666342924.0,9062423752.0
2.3675038,41.804389,666342924.0,9062423752.0
2.3675658,41.804386,666342924.0,9062423752.0
2.3676414,41.804382,666342924.0,9062423752.0
2.3677035,41.804386,666342924.0,9062423752.0
2.3677665,41.80439,666342924.0,9062423752.0
2.3678335,41.804395,666342924.0,9062423752.0
2.3678954,41.804406,666342924.0,9062423752.0
2.3679503,41.804425,666342924.0,9062423752.0
2.3679998,41.804456,666342924.0,9062423752.0
2.3680781,41.804447,666342924.0,9062423752.0
2.3681555,41.804462,666342924.0,9062423752.0
2.3682132,41.804478,666342924.0,9062423752.0
2.368283,41.804498,666342924.0,9062423752.0
2.3683417,41.804515,666342924.0,9062423752.0
2.3683969,41.804532,666342924.0,9062423752.0
2.3684542,41.80455,666342924.0,9062423752.0
2.3685183,41.80457,666342924.0,9062423752.0
2.3685849,41.804595,666342924.0,9062423752.0
2.3686387,41.80462,666342924.0,9062423752.0
2.368706,41.804647,666342924.0,9062423752.0
2.368768,41.804647,666342924.0,9062423752.0
2.3688311,41.804646,666342924.0,9062423752.0
2.3689011,41.804646,666342924.0,9062423752.0
2.368975,41.804646,666342924.0,9062423752.0
2.3690411,41.804645,666342924.0,9062423752.0
2.3691071,41.804645,666342924.0,9062423752.0
2.3691671,41.804645,666342924.0,9062423752.0
2.369235,41.804645,666342924.0,9062423752.0
2.3692949,41.804646,666342924.0,9062423752.0
2.3693719,41.804646,666342924.0,9062423752.0
2.3694408,41.804647,666342924.0,9062423752.0
2.3695009,41.804648,666342924.0,9062423752.0
2.369575,41.804648,666342924.0,9062423752.0
2.3696441,41.804642,666342924.0,9062423752.0
2.3697038,41.804627,666342924.0,9062423752.0
2.3697583,41.804607,666342924.0,9062423752.0
2.3698206,41.804595,666342924.0,9062423752.0
2.3698872,41.804583,666342924.0,9062423752.0
2.3699484,41.804573,666342924.0,9062423752.0
2.3700114,41.804563,666342924.0,9062423752.0
2.3700696,41.804553,666342924.0,9062423752.0
2.3701382,41.804541,666342924.0,9062423752.0
2.370207,41.804539,666342924.0,9062423752.0
2.370279,41.804538,666342924.0,9062423752.0
2.370345,41.804538,666342924.0,9062423752.0
2.37041,41.804538,666342924.0,9062423752.0
2.3704701,41.804537,666342924.0,9062423752.0
2.3705351,41.804537,666342924.0,9062423752.0
2.3706103,41.804534,666342924.0,9062423752.0
2.3706779,41.804528,666342924.0,9062423752.0
2.3707538,41.804521,666342924.0,9062423752.0
2.3708152,41.804516,666342924.0,9062423752.0
2.3708763,41.80451,666342924.0,9062423752.0
2.3709437,41.804504,666342924.0,9062423752.0
2.3709964,41.804528,666342924.0,9062423752.0
2.3710657,41.804541,666342924.0,9062423752.0
2.3711404,41.804543,666342924.0,9062423752.0
2.371203,41.804539,666342924.0,9062423752.0
2.3712751,41.804534,666342924.0,9062423752.0
2.3713512,41.804545,666342924.0,9062423752.0
2.3714147,41.804555,666342924.0,9062423752.0
2.3714922,41.804567,666342924.0,9062423752.0
2.3715652,41.804579,666342924.0,9062423752.0
2.3716452,41.804592,666342924.0,9062423752.0
2.3717247,41.804598,666342924.0,9062423752.0
2.3717956,41.804604,666342924.0,9062423752.0
2.3718598,41.804612,666342924.0,9062423752.0
2.3719188,41.804623,666342924.0,9062423752.0
2.3719868,41.804635,666342924.0,9062423752.0
2.3720504,41.804647,666342924.0,9062423752.0
2.3721245,41.804656,666342924.0,9062423752.0
2.372186,41.804662,666342924.0,9062423752.0
2.3722533,41.804668,666342924.0,9062423752.0
2.3723259,41.804673,666342924.0,9062423752.0
2.372404,41.804678,666342924.0,9062423752.0
2.3724636,41.804685,666342924.0,9062423752.0
2.3725373,41.804709,666342924.0,9062423752.0
2.3726056,41.804735,666342924.0,9062423752.0
2.3726675,41.804759,666342924.0,9062423752.0
2.3727223,41.804781,666342924.0,9062423752.0
2.3727835,41.804805,666342924.0,9062423752.0
2.3728483,41.80483,666342924.0,9062423752.0
2.3729136,41.804856,666342924.0,9062423752.0
2.3729805,41.804882,666342924.0,9062423752.0
2.3730426,41.804902,666342924.0,9062423752.0
2.3731051,41.804921,666342924.0,9062423752.0
2.3731735,41.804943,666342924.0,9062423752.0
2.3732351,41.804962,666342924.0,9062423752.0
2.373296,41.804981,666342924.0,9062423752.0
2.3733686,41.804997,666342924.0,9062423752.0
2.373433,41.805009,666342924.0,9062423752.0
2.3734974,41.805021,666342924.0,9062423752.0
2.3735616,41.805033,666342924.0,9062423752.0
2.3736269,41.805044,666342924.0,9062423752.0
2.3736937,41.805056,2973465161.0,9062423752.0
2.373749,41.805064,2973465161.0,9062423752.0
2.373817,41.805075,2973465161.0,9062423752.0
2.3738769,41.805084,2973465161.0,9062423752.0
2.3739402,41.805097,2973465161.0,9062423752.0
2.3740002,41.80511,2973465161.0,9062423752.0
2.3740631,41.805123,2973465161.0,9062423752.0
2.3741262,41.805137,2973465161.0,9062423752.0
2.3741993,41.805153,2973465161.0,9062423752.0
2.3742642,41.805167,2973465161.0,9062423752.0
2.3743259,41.80518,2973465161.0,9062423752.0
2.3743882,41.805193,2973465161.0,9062423752.0
2.3744517,41.805207,2973465161.0,9062423752.0
2.374517,41.805221,2973465161.0,9062423752.0
2.3745839,41.805236,2973465161.0,9062423752.0
2.3746482,41.805249,2973465161.0,9062423752.0
2.3747045,41.805261,2973465161.0,9062423752.0
2.3747757,41.805276,2973465161.0,9062423752.0
2.3748351,41.805288,2973465161.0,9062423752.0
2.3748982,41.805302,2973465161.0,9062423752.0
2.3749719,41.805317,2973465161.0,9062423752.0
2.3750325,41.80533,2973465161.0,9062423752.0
2.3750941,41.805343,2973465161.0,9062423752.0
2.3751634,41.805358,2973465161.0,9062423752.0
2.3752246,41.805371,2973465161.0,9062423752.0
2.3752836,41.805385,2973465161.0,9062423752.0
2.3753491,41.805401,2973465161.0,9062423752.0
2.3754225,41.805419,2973465161.0,9062423752.0
2.3754821,41.805433,2973465161.0,9062423752.0
2.3755416,41.805448,2973465161.0,9062423752.0
2.3756078,41.805462,2973465161.0,9062423752.0
2.3756711,41.805473,2973465161.0,9062423752.0
2.375735,41.805485,2973465161.0,9062423752.0
2.3757945,41.805495,2973465161.0,9062423752.0
2.3758645,41.805506,2973465161.0,9062423752.0
2.3759266,41.805509,2973465161.0,9062423752.0
2.3759939,41.805513,2973465161.0,9062423752.0
2.3760667,41.805517,2973465161.0,9062423752.0
2.3761369,41.80552,2973465161.0,9062423752.0
2.3762127,41.805524,2973465161.0,9062423752.0
2.376275,41.805525,2973465161.0,4230230517.0
2.3763515,41.805526,2973465161.0,4230230517.0
2.3764256,41.80553,2973465161.0,4230230517.0
2.376494,41.805534,2973465161.0,4230230517.0
2.37656,41.805538,2973465161.0,4230230517.0
2.3766355,41.80555,2973465161.0,4230230517.0
2.3766905,41.805567,2973465161.0,4230230517.0
2.3767523,41.80559,2973465161.0,4230230517.0
2.3768116,41.805617,2973465161.0,4230230517.0
2.3768672,41.805643,2973465161.0,4230230517.0
2.376927,41.805672,2973465161.0,4230230517.0
2.3769831,41.805695,2973465161.0,4230230517.0
2.3770428,41.805719,2973465161.0,4230230517.0
2.3771029,41.805742,2973465161.0,4230230517.0
2.3771681,41.805773,4230230517.0,12323327071.0
2.3772186,41.805798,4230230517.0,12323327071.0
2.3772732,41.805825,4230230517.0,12323327071.0
2.3773217,41.805849,4230230517.0,12323327071.0
2.3773701,41.805873,4230230517.0,12323327071.0
2.3774287,41.805902,4230230517.0,12323327071.0
2.3774796,41.805927,4230230517.0,12323327071.0
2.3775091,41.805942,4230230517.0,12323327071.0
2.3775562,41.805969,4230230517.0,12323327071.0
2.3775973,41.805994,4230230517.0,12323327071.0
2.3776397,41.80602,4230230517.0,12323327071.0
2.3776842,41.806056,4230230517.0,12323327071.0
2.3777244,41.806093,4230230517.0,12323327071.0
2.3777624,41.806128,4230230517.0,12323327071.0
2.3778047,41.806167,4230230517.0,12323327071.0
2.3778323,41.806209,4230230517.0,12323327071.0
2.3778611,41.806258,4230230517.0,12323327071.0
2.377886,41.8063,4230230517.0,12323327071.0
2.3779262,41.806321,12323327071.0,12323327089.0
2.3779436,41.806396,5339093004.0,12323327071.0
2.3779672,41.806438,5339093004.0,12323327071.0
2.3779915,41.806483,5339093004.0,12323327071.0
2.3780141,41.806525,5339093004.0,12323327071.0
2.3780479,41.806579,5339093004.0,12323327071.0
2.3780838,41.806622,5339093004.0,12323327071.0
2.3781206,41.806667,5339093004.0,12323327071.0
2.3781543,41.806709,5339093004.0,12323327071.0
2.3781886,41.806751,5339093004.0,12323327071.0
2.3782247,41.806795,5339093004.0,12323327071.0
2.3782646,41.806843,5339093004.0,12323327071.0
2.3783009,41.806888,5339093004.0,12323327071.0
2.3783351,41.80693,5339093004.0,12323327071.0
2.3783969,41.80699,5339093004.0,12323327071.0
2.3784423,41.807029,5339093004.0,12323327071.0
2.3784933,41.807072,5339093004.0,12323327071.0
2.3785422,41.807114,5339093004.0,12323327071.0
2.3785902,41.807155,5339093004.0,12323327071.0
2.378637,41.807195,5339093004.0,12323327071.0
2.3787146,41.807257,5339093004.0,12323327071.0
2.3787732,41.807295,5339093004.0,12323327071.0
2.3788253,41.807329,5339093004.0,12323327071.0
2.3788794,41.807364,5339093004.0,12323327071.0
2.3789311,41.807397,5339093004.0,12323327071.0
2.3790151,41.807443,5339093004.0,12323327071.0
2.3790683,41.807469,5339093004.0,12323327071.0
2.379209,41.807508,5339093004.0,12323327071.0
2.3792459,41.807515,5339093004.0,12323327071.0
2.379307,41.807527,5339093004.0,12323327071.0
2.3793308,41.807535,5339093004.0,12323327071.0
2.3793845,41.807557,5339093004.0,12323327071.0
2.3794474,41.807581,5339093004.0,12323327071.0
2.3795068,41.807604,5339093004.0,12323327071.0
2.3796337,41.807636,5339093004.0,12323327071.0
2.3797216,41.807648,5339093004.0,12323327071.0
2.3797821,41.807651,5339093004.0,12323327071.0
2.3798757,41.807652,5339093004.0,12323327071.0
2.3799419,41.80765,5339093004.0,12323327071.0
2.3800042,41.807649,5339093004.0,12323327071.0
2.3800711,41.807647,5339093004.0,12323327071.0
2.380153,41.807642,5339093004.0,12323327071.0
2.3802123,41.807635,5339093004.0,12323327071.0
2.3802686,41.807629,5339093004.0,12323327071.0
2.3802673,41.807629,5339093004.0,12323327071.0
2.3802208,41.807634,5339093004.0,12323327071.0
2.3802111,41.807635,5339093004.0,12323327071.0
2.3802495,41.807631,5339093004.0,12323327071.0
2.3803057,41.807624,5339093004.0,12323327071.0
2.3803631,41.807626,5339093004.0,12323327071.0
2.3804299,41.807628,5339093004.0,12323327071.0
2.3804857,41.807631,5339093004.0,12323327071.0
2.3805541,41.807648,5339093004.0,12323327071.0
2.3806175,41.807671,5339093004.0,12323327071.0
2.3806817,41.807694,5339093004.0,12323327071.0
2.3807398,41.807716,5339093004.0,12323327071.0
2.3807915,41.80775,5339093004.0,12323327071.0
2.3808384,41.80778,5339093004.0,12323327071.0
2.3808869,41.807811,5339093004.0,12323327071.0
2.3809253,41.807828,5339093004.0,12323327071.0
2.3809883,41.807834,5339093004.0,12323327071.0
2.3810629,41.807847,5339093004.0,12323327071.0
2.381119,41.80787,5339093004.0,12323327071.0
2.3811812,41.807895,5339093004.0,12323327071.0
2.3812292,41.807915,5339093004.0,12323327071.0
2.3812798,41.807949,5339093004.0,12323327071.0
2.3813204,41.807977,5339093004.0,12323327071.0
2.3813655,41.808008,5339093004.0,12323327071.0
2.381412,41.80804,5339093004.0,12323327071.0
2.3814644,41.808075,5339093004.0,12323327071.0
2.3815124,41.808108,5339093004.0,12323327071.0
2.3815595,41.80814,5339093004.0,12323327071.0
2.3816058,41.808172,5339093004.0,12323327071.0
2.381659,41.808208,5339093004.0,12323327071.0
2.3817129,41.808245,5339093004.0,12323327071.0
2.3817645,41.80828,5339093004.0,12323327071.0
2.3818134,41.808314,5339093004.0,12323327071.0
2.3818698,41.808351,5339093004.0,12323327071.0
2.3819232,41.808383,5339093004.0,12323327071.0
2.3819732,41.808413,5339093004.0,12323327071.0
2.3820521,41.808452,5339093004.0,12323327071.0
2.3821042,41.808477,5339093004.0,12323327071.0
2.3821563,41.808502,5339093004.0,12323327071.0
2.3821933,41.808519,5339093004.0,12323327071.0
2.3822336,41.808545,5339093004.0,12323327071.0
2.3822736,41.80857,5339093004.0,12323327071.0
2.3823262,41.808604,5339093004.0,12323327071.0
2.3823772,41.808636,5339093004.0,12323327071.0
2.3824253,41.808664,5339093004.0,12323327071.0
2.3824627,41.808684,5339093004.0,12323327071.0
2.3824986,41.808704,5339093004.0,12323327071.0
2.3825398,41.808727,5339093004.0,12323327071.0
2.3826662,41.808735,3090239602.0,5339093004.0
2.3826535,41.808741,3090239602.0,5339093004.0
2.3826368,41.808749,3090239602.0,5339093004.0
2.3826125,41.808761,4230230573.0,5339093004.0
2.3826246,41.808755,3090239602.0,5339093004.0
2.3826448,41.808745,3090239602.0,5339093004.0
2.3826543,41.808741,3090239602.0,5339093004.0
2.3826363,41.80875,3090239602.0,5339093004.0
2.3826731,41.808731,3090239602.0,5339093004.0
2.3826237,41.808756,3090239602.0,5339093004.0
2.3825739,41.808778,4230230573.0,5339093004.0
2.3825154,41.808801,4230230573.0,4230230578.0
2.3825126,41.808802,4230230573.0,4230230578.0
2.3824607,41.808813,4230230573.0,4230230578.0
2.382454,41.808814,4230230573.0,4230230578.0
2.3824383,41.808818,4230230573.0,4230230578.0
2.3823956,41.808827,4230230573.0,4230230578.0
2.3823473,41.808837,4230230573.0,4230230578.0
2.3822962,41.808847,4230230578.0,5460549793.0
2.3822287,41.808753,4230230573.0,4230230577.0
2.3821616,41.808743,4230230573.0,4230230577.0
2.3820973,41.808733,4230230573.0,4230230577.0
2.3820309,41.808723,4230230573.0,4230230577.0
2.38196,41.808713,4230230573.0,4230230577.0
2.3818976,41.808703,4230230573.0,4230230577.0
2.3818347,41.808694,4230230573.0,4230230577.0
2.3817647,41.808683,4230230573.0,4230230577.0
2.3817079,41.808674,4230230573.0,4230230577.0
2.3816488,41.808665,4230230573.0,4230230577.0
2.3815868,41.808656,4230230573.0,4230230577.0
2.381478,41.808659,4230230573.0,4230230577.0
2.3814184,41.808673,4230230573.0,4230230577.0
2.3813601,41.808686,4230230573.0,4230230577.0
2.3812973,41.8087,4230230573.0,4230230577.0
2.3812373,41.808714,4230230573.0,4230230577.0
2.3811948,41.808717,4230230573.0,4230230577.0
2.3811287,41.808719,4230230573.0,4230230577.0
2.3810517,41.808722,4230230573.0,4230230577.0
2.380984,41.808724,4230230573.0,4230230577.0
2.3809348,41.808726,4230230573.0,4230230577.0
2.3808418,41.80874,4230230573.0,4230230577.0
2.3807813,41.808754,4230230573.0,4230230577.0
2.3807666,41.809169,5460549784.0,5460549793.0
2.3807459,41.809168,5460549784.0,5460549793.0
2.3806954,41.809165,5460549784.0,5460549793.0
2.3806269,41.809161,5460549784.0,5460549793.0
2.3805621,41.809157,5460549784.0,5460549793.0
2.3805068,41.809151,5460549784.0,5460549793.0
2.3804515,41.809142,5460549784.0,5460549793.0
2.3804186,41.809137,5460549784.0,5460549793.0
2.3803593,41.809125,5460549784.0,5460549793.0
2.3803039,41.809114,5460549784.0,5460549793.0
2.3802388,41.809097,5460549784.0,5460549793.0
2.3801719,41.809077,5460549784.0,5460549793.0
2.3801043,41.809076,5460549784.0,5460549793.0
2.3800354,41.809129,5460549784.0,5460549793.0
2.3799839,41.809113,5460549784.0,5460549793.0
2.3799124,41.809097,5460549784.0,9062428860.0
2.3798412,41.809086,5460549784.0,9062428860.0
2.3797703,41.809087,5460568230.0,9062428860.0
2.3797017,41.809064,4230230577.0,9062428860.0
2.3796282,41.809059,4230230577.0,9062428860.0
2.3795641,41.809068,4230230577.0,9062428860.0
2.3794974,41.809076,4230230577.0,9062428860.0
2.379432,41.809085,4230230577.0,9062428860.0
2.379372,41.809086,4230230577.0,9062428860.0
2.3793198,41.809081,4230230577.0,9062428860.0
2.3792649,41.809059,4230230577.0,9062428860.0
2.3792207,41.809042,4230230577.0,9062428860.0
2.3790904,41.80904,842025797.0,4230230577.0
2.3790296,41.809054,842025797.0,4230230577.0
2.3789731,41.809067,842025797.0,4230230577.0
2.3789168,41.80908,842025797.0,4230230577.0
2.378816,41.809124,842025797.0,5460549792.0
2.3787367,41.80917,842025797.0,5460549792.0
2.3786728,41.809207,842025797.0,5460549792.0
2.378604,41.809247,842025797.0,5460549792.0
2.3785412,41.809283,842025797.0,5460549792.0
2.3784705,41.809324,842025797.0,5460549792.0
2.3784261,41.80935,842025797.0,5460549792.0
2.3783653,41.809385,842025797.0,5460549792.0
2.3783153,41.809413,842025797.0,5460549792.0
2.378264,41.809438,842025797.0,5460549792.0
2.3782078,41.809466,842025797.0,5460549792.0
2.3781475,41.809495,842025797.0,5460549792.0
2.3780924,41.809522,842025797.0,5460549792.0
2.3780398,41.809548,842025797.0,5460549792.0
2.3779804,41.809577,842025797.0,5460549792.0
2.377916,41.809609,842025797.0,5460549792.0
2.3778566,41.809638,842025797.0,5460549792.0
2.3777939,41.809669,842025797.0,5460549792.0
2.3777381,41.809696,842025797.0,5460549792.0
2.3776835,41.809723,842025797.0,5460549792.0
2.3776236,41.809752,842025797.0,5460549792.0
2.3775541,41.80979,842025797.0,5460549792.0
2.377508,41.809828,842025797.0,5460549792.0
2.3774628,41.809864,842025797.0,5460549792.0
2.3774216,41.809897,842025797.0,5460549792.0
2.377371,41.809938,842025797.0,5460549792.0
2.3773267,41.809974,842025797.0,5460549792.0
2.3772952,41.810028,5460549792.0,5460568230.0
2.3772723,41.810072,5460549792.0,5460568230.0
2.3772495,41.810117,5460549792.0,5460568230.0
2.3772237,41.810167,5460549792.0,5460568230.0
2.3772013,41.81021,5460549792.0,5460568230.0
2.3771739,41.810252,5460549792.0,5460568230.0
2.3771379,41.810286,5460549792.0,5460568230.0
2.3771024,41.810321,5460549792.0,5460568230.0
2.3770681,41.810354,5460549792.0,5460568230.0
2.3770394,41.810381,5460549792.0,5460568230.0
2.3770149,41.810405,5460549792.0,5460568230.0
2.3769716,41.810447,5460549792.0,5460568230.0
2.3769425,41.810475,5460549792.0,5460568230.0
2.3769288,41.810488,5460549792.0,5460568230.0
2.3772072,41.810801,5460568230.0,9062428860.0
2.3771939,41.810816,5460568230.0,9062428860.0
2.3771807,41.81083,5460568230.0,9062428860.0
2.3771768,41.810834,5460568230.0,9062428860.0
2.3771457,41.810868,5460568230.0,9062428860.0
2.3771089,41.8109,5460568230.0,9062428860.0
2.3770829,41.810922,5460568230.0,9062428860.0
2.3770422,41.810957,5460568230.0,9062428860.0
2.3770087,41.810985,5460568230.0,9062428860.0
2.3769773,41.811002,5460568230.0,9062428860.0
2.3769102,41.81109,12323345503.0,12323345505.0
2.3768912,41.811134,12323345503.0,12323345505.0
2.3768684,41.811186,12323345503.0,12323345505.0
2.3768464,41.811237,12323345503.0,12323345505.0
2.376819,41.811299,12323345503.0,12323345505.0
2.3767991,41.811345,12323345503.0,12323345505.0
2.3767769,41.811396,12323345503.0,12323345505.0
2.3767553,41.811446,12323345503.0,12323345505.0
2.3765023,41.811255,5460568230.0,9062428860.0
2.3764588,41.81127,5460568230.0,9062428860.0
2.376454,41.811272,5460568230.0,9062428860.0
2.3763918,41.811294,5460568230.0,9062428860.0
2.3763189,41.811321,5460568230.0,9062428860.0
2.3762502,41.811347,5460568230.0,9062428860.0
2.3761837,41.811367,5460568230.0,9062428860.0
2.3761153,41.811387,5460568230.0,9062428860.0
2.3760552,41.811405,5460568230.0,9062428860.0
2.37599,41.811424,5460568230.0,9062428860.0
2.375924,41.811444,5460568230.0,9062428860.0
2.3758638,41.811473,5460568230.0,9062428860.0
2.375813,41.811482,5460568230.0,9062428860.0
2.3757421,41.811481,5460568230.0,9062428860.0
2.3756741,41.81148,5460568230.0,9062428860.0
2.3756374,41.811476,5460568230.0,5460568244.0
2.3755949,41.811457,5460568230.0,5460568244.0
2.375421,41.811536,5460568244.0,12323930901.0
2.375446,41.811496,5460568244.0,12323930901.0
2.3754403,41.811505,5460568244.0,12323930901.0
2.3754385,41.811508,5460568244.0,12323930901.0
2.3754264,41.811527,5460568244.0,12323930901.0
2.3754349,41.811514,5460568244.0,12323930901.0
2.375431,41.811328,842026023.0,5460568244.0
2.3754292,41.811316,842026023.0,5460568244.0
2.3753887,41.811205,842026023.0,5460568244.0
2.3753558,41.811162,842026023.0,5460568244.0
2.3753543,41.81116,842026023.0,5460568244.0
2.3753522,41.811145,842026023.0,5460568244.0
2.3753464,41.811101,842026023.0,5460568244.0
2.3752602,41.810949,842026023.0,5460568244.0
2.3752208,41.810907,842026023.0,5460568244.0
2.3751801,41.810863,842026023.0,5460568244.0
2.3751379,41.810817,842026023.0,5460568244.0
2.3751072,41.810784,842026023.0,5460568244.0
2.3750733,41.810748,842026023.0,5460568244.0
2.3750358,41.810707,842026023.0,5460568244.0
2.3750075,41.810677,842026023.0,5460568244.0
2.3749716,41.810638,842026023.0,5460568244.0
2.3749253,41.810598,842026023.0,5460568244.0
2.3748781,41.810561,842026023.0,5460568244.0
2.3748559,41.810543,842026023.0,5460568244.0
2.3748261,41.81052,842026023.0,5460568244.0
2.3748208,41.810516,842026023.0,5460568244.0
2.3747718,41.810468,842026023.0,5460568244.0
2.3747478,41.810436,842026023.0,5460568244.0
2.3746602,41.810443,842026023.0,5460568244.0
2.3745931,41.810461,842026023.0,5460568244.0
2.3745365,41.810476,842026023.0,5460568244.0
2.3744705,41.810493,842026023.0,5460568244.0
2.3744042,41.810498,842026023.0,5460568244.0
2.374346,41.8105,842026023.0,5460568244.0
2.3742856,41.810503,842026023.0,5460568244.0
2.374225,41.810505,842026023.0,5460568244.0
2.3741629,41.810508,842026023.0,5460568244.0
2.3741005,41.810493,842026023.0,5460568244.0
2.3740437,41.810473,842026023.0,5460568244.0
2.3739813,41.810452,842026023.0,5460568244.0
2.3739181,41.81043,842026023.0,5460568244.0
2.3738704,41.810414,842026023.0,5460568244.0
2.3738273,41.810384,842026023.0,5460568244.0
2.3737884,41.810344,842026023.0,5460568244.0
2.373752,41.810306,842026023.0,5460568244.0
2.3737088,41.810262,842026023.0,5460568244.0
2.3736713,41.810222,842026023.0,5460568244.0
2.3736442,41.810186,842026023.0,5460568244.0
2.3736299,41.810129,842026023.0,5460568244.0
2.3736262,41.810083,842026023.0,5460568244.0
2.373622,41.81003,842026023.0,5460568244.0
2.3736028,41.809983,842026023.0,5460568244.0
2.3735751,41.809938,842026023.0,5460568244.0
2.3735413,41.809887,842026023.0,5460568244.0
2.3734832,41.809847,842026023.0,5460568244.0
2.3734137,41.809819,842026023.0,5460568244.0
2.3733327,41.809798,842026023.0,5460568244.0
2.3732654,41.809802,842026023.0,5460568244.0
2.3732078,41.809805,842026023.0,5460568244.0
2.373146,41.809799,842026023.0,5460568244.0
2.3730836,41.809793,842026023.0,5460568244.0
2.3730197,41.809787,842026023.0,5460568244.0
2.3729607,41.809777,842026023.0,5460568244.0
2.3728926,41.809765,842026023.0,5460568244.0
2.3728049,41.809756,842026023.0,9062429172.0
2.3727498,41.809774,842026023.0,9062429172.0
2.3726963,41.809791,842026023.0,9062429172.0
2.3726344,41.809811,842026023.0,9062429172.0
2.3725702,41.809839,842026023.0,9062429172.0
2.3725079,41.809868,842026023.0,9062429172.0
2.3724509,41.809894,842026023.0,9062429172.0
2.3723878,41.809923,9062429172.0,9062429192.0
2.3723293,41.809952,9062429172.0,9062429192.0
2.3722704,41.809982,9062429172.0,9062429192.0
2.3722099,41.810012,9062429172.0,9062429192.0
2.3721498,41.810041,9062429172.0,9062429192.0
2.3720877,41.810072,9062429172.0,9062429192.0
2.3720364,41.810098,9062429172.0,9062429192.0
2.3719783,41.810126,9062429172.0,9062429192.0
2.3719134,41.810159,9062429172.0,9062429192.0
2.3718633,41.810183,9062429172.0,9062429192.0
2.3718086,41.810216,9062429172.0,9062429192.0
2.3717568,41.810248,9062429172.0,9062429192.0
2.3717049,41.81028,9062429172.0,9062429192.0
2.3716543,41.810311,9062429172.0,9062429192.0
2.3716041,41.810341,9062429172.0,9062429192.0
2.3715559,41.810371,9062429172.0,9062429192.0
2.3715047,41.810402,9062429172.0,9062429192.0
2.3714609,41.810429,9062429172.0,9062429192.0
2.3714161,41.810457,9062429172.0,9062429192.0
2.3713694,41.810485,9062429172.0,9062429192.0
2.3713234,41.810513,9062429172.0,9062429192.0
2.3712786,41.810541,9062429172.0,9062429192.0
2.371073,41.810135,9062429172.0,9062429192.0
2.3710002,41.810147,9062429172.0,9062429192.0
2.3709365,41.810157,9062429172.0,9062429192.0
2.3708719,41.810168,9062429172.0,9062429192.0
2.370805,41.810179,9062429172.0,9062429192.0
2.3707387,41.810189,9062429172.0,9062429192.0
2.370665,41.810201,9062429172.0,9062429192.0
2.3705995,41.810212,9062429172.0,9062429192.0
2.3705371,41.810222,9062429172.0,9062429192.0
2.3704456,41.810243,9062429172.0,9062429192.0
2.3703797,41.81026,9062429172.0,9062429192.0
2.3703162,41.810274,9062429172.0,9062429192.0
2.370247,41.810289,9062429172.0,9062429192.0
2.3701754,41.810305,9062429172.0,9062429192.0
2.3701125,41.810319,9062429172.0,9062429192.0
2.3700465,41.810332,9062429172.0,9062429192.0
2.3699826,41.810343,9062429172.0,9062429192.0
2.3699158,41.810356,9062429172.0,9062429192.0
2.3698324,41.810376,9062429172.0,9062429192.0
2.3697651,41.810397,9062429172.0,9062429192.0
2.3696998,41.810417,9062429172.0,9062429192.0
2.3696088,41.810449,9062429172.0,9062429192.0
2.3695476,41.810478,9062429172.0,9062429192.0
2.3694889,41.810505,9062429172.0,9062429192.0
2.3694346,41.81053,9062429172.0,9062429192.0
2.3693891,41.810551,9062429172.0,9062429192.0
2.3693335,41.810574,9062429172.0,9062429192.0
2.3692799,41.810597,9062429172.0,9062429192.0
2.3692216,41.810621,9062429172.0,9062429192.0
2.3691626,41.810646,9062429172.0,9062429192.0
2.3690829,41.810686,9062429172.0,9062429192.0
2.3690262,41.810719,9062429172.0,9062429192.0
2.3689749,41.81075,9062429172.0,9062429192.0
2.3689215,41.810781,9062429172.0,9062429192.0
2.3688684,41.810813,9062429172.0,9062429192.0
2.3688159,41.810845,9062429172.0,9062429192.0
2.3687629,41.810877,9062429172.0,9062429192.0
2.3687145,41.810906,9062429172.0,9062429192.0
2.3686646,41.810936,9062429172.0,9062429192.0
2.3686011,41.810968,9062429172.0,9062429192.0
2.3685484,41.810994,9062429172.0,9062429192.0
2.3684965,41.811021,9062429172.0,9062429192.0
2.3684413,41.811048,9062429172.0,9062429192.0
2.3684248,41.81123,9062429172.0,9062429192.0
2.3683796,41.81124,9062429172.0,9062429192.0
2.3683231,41.811256,9062429172.0,9062429192.0
2.3682265,41.811148,9062429172.0,9062429192.0
2.3681692,41.811168,9062429172.0,9062429192.0
2.3681058,41.811191,9062429172.0,9062429192.0
2.3680489,41.811211,9062429172.0,9062429192.0
2.3679979,41.811227,9062429172.0,9062429192.0
2.3679396,41.811242,9062429172.0,9062429192.0
2.3678962,41.811403,9062429172.0,9062429192.0
2.3678085,41.811275,9062429172.0,9062429192.0
2.3677468,41.811289,9062429172.0,9062429192.0
2.3676862,41.811301,9062429172.0,9062429192.0
2.3676269,41.811312,9062429172.0,9062429192.0
2.3675615,41.811325,9062429172.0,9062429192.0
2.3675016,41.811336,9062429172.0,9062429192.0
2.3674409,41.811426,9062429172.0,9062429192.0
2.3673728,41.811427,9062429172.0,9062429192.0
2.3673075,41.81143,9062429172.0,9062429192.0
2.3672441,41.811432,9062429172.0,9062429192.0
2.3671765,41.811435,9062429172.0,9062429192.0
2.3671147,41.811438,9062429172.0,9062429192.0
2.3670474,41.81144,9062429192.0,9062429204.0
2.3669854,41.811443,9062429192.0,9062429204.0
2.3669156,41.811446,9062429192.0,9062429204.0
2.3668418,41.811449,9062429192.0,9062429204.0
2.3667809,41.811451,9062429192.0,9062429204.0
2.3667129,41.81145,9062429192.0,9062429204.0
2.3666468,41.811447,9062429192.0,9062429204.0
2.3665733,41.811444,9062429192.0,9062429204.0
2.3665061,41.81144,9062429192.0,9062429204.0
2.3664324,41.811446,9062429192.0,9062429204.0
2.3663572,41.811461,9062429192.0,9062429204.0
2.3662931,41.811474,9062429192.0,9062429204.0
2.3662048,41.811491,9062429192.0,9062429204.0
2.3661241,41.811507,9062429192.0,9062429204.0
2.3660114,41.81153,9062429192.0,9062429204.0
2.3659091,41.811554,9062429192.0,9062429204.0
2.3658244,41.811575,9062429192.0,9062429204.0
2.3657509,41.811593,9062429192.0,9062429204.0
2.3656708,41.811612,9062429192.0,9062429204.0
2.3655952,41.811631,9062429192.0,9062429204.0
2.3655356,41.811646,9062429192.0,9062429204.0
2.365477,41.811658,9062429192.0,9062429204.0
2.3654153,41.811657,9062429192.0,9062429204.0
2.3653395,41.811656,9062429192.0,9062429204.0
2.3652614,41.811654,9062429192.0,9062429204.0
2.365195,41.811653,9062429192.0,9062429204.0
2.3651376,41.811652,9062429192.0,9062429204.0
2.3650663,41.811651,9062429192.0,9062429204.0
2.3649979,41.81165,9062429192.0,9062429204.0
2.3649258,41.811648,9062429192.0,9062429204.0
2.3648703,41.811647,9062429192.0,9062429204.0
2.3648062,41.811646,9062429192.0,9062429204.0
2.3647346,41.811645,9062429192.0,9062429204.0
2.3646731,41.811644,9062429192.0,9062429204.0
2.3646195,41.811643,9062429192.0,9062429204.0
2.3645615,41.811655,9062429192.0,9062429204.0
2.3645117,41.811672,9062429192.0,9062429204.0
2.3644474,41.811695,9062429192.0,9062429204.0
2.3644028,41.811711,9062429192.0,9062429204.0
2.3643363,41.811734,9062429192.0,9062429204.0
2.3642767,41.811755,9062429192.0,9062429204.0
2.3642112,41.811774,9062429192.0,9062429204.0
2.3641519,41.811782,9062429192.0,9062429204.0
2.3640879,41.81179,9062429192.0,9062429204.0
2.3640168,41.811799,9062429192.0,9062429204.0
2.3639538,41.811807,9062429192.0,9062429204.0
2.3638936,41.811815,9062429192.0,9062429204.0
2.3638154,41.811835,9062429192.0,9062429204.0
2.3637494,41.811857,9062429192.0,9062429204.0
2.3636797,41.81188,9062429192.0,9062429204.0
2.3636227,41.811899,9062429192.0,9062429204.0
2.3635608,41.811919,9062429192.0,9062429204.0
2.3635032,41.811939,9062429192.0,9062429204.0
2.3634458,41.811957,9062429192.0,9062429204.0
2.3633867,41.811977,9062429192.0,9062429204.0
2.3633171,41.812002,9062429192.0,9062429204.0
2.3632526,41.812036,9062429192.0,9062429204.0
2.3631939,41.812068,7256091624.0,9062429204.0
2.3631362,41.812098,7256091624.0,9062429204.0
2.3630768,41.81213,7256091624.0,9062429204.0
2.3630214,41.812159,7256091624.0,9062429204.0
2.362964,41.81219,7256091624.0,9062429204.0
2.3628932,41.812235,7256091624.0,9062429204.0
2.3628524,41.812271,7256091624.0,9062429204.0
2.3628054,41.812312,7256091624.0,9062429204.0
2.3627609,41.81235,7256091624.0,9062429204.0
2.3627168,41.812389,7256091624.0,9062429204.0
2.3626683,41.812431,7256091624.0,9062429204.0
2.3626277,41.812467,7256091624.0,9062429204.0
2.3625858,41.812502,7256091624.0,9062429204.0
2.3625338,41.812555,7256091624.0,9062429204.0
2.3625064,41.812609,7256091624.0,9062429204.0
2.362483,41.812655,7256091624.0,9062429204.0
2.3624605,41.812699,7256091624.0,9062429204.0
2.3624352,41.812749,7256091624.0,9062429204.0
2.3624118,41.812785,7256091624.0,9062429204.0
2.3623818,41.812825,7256091624.0,9062429204.0
2.3623574,41.812857,7256091624.0,9062429204.0
2.3623129,41.812892,7256091624.0,9062429204.0
2.3622616,41.812933,7256091624.0,9062429204.0
2.3622168,41.812968,7256091624.0,9062429204.0
2.3621633,41.813012,7256091624.0,9062429204.0
2.3621262,41.813043,7256091624.0,9062429204.0
2.3620747,41.813093,7256091624.0,9062429204.0
2.3620478,41.813136,7256091624.0,9062429204.0
2.3620203,41.81318,7256091624.0,9062429204.0
2.3619893,41.813229,7256091624.0,9062429204.0
2.3619634,41.813271,7256091624.0,9062429204.0
2.3619351,41.813317,7256091624.0,9062429204.0
2.3619135,41.813387,7256091624.0,9062429204.0
2.3619157,41.813434,7256091624.0,9062429204.0
2.361918,41.813485,7256091624.0,9062429204.0
2.3619122,41.8135,7256091624.0,9062429204.0
2.3619073,41.813594,7256091624.0,9062429204.0
2.3619209,41.813634,7256091624.0,9062429204.0
2.3619193,41.813666,7256091624.0,9062429204.0
2.3619066,41.813719,7256091624.0,9062429204.0
2.3618908,41.81376,7256091624.0,9062429204.0
2.3618691,41.813811,7256091624.0,9062429204.0
2.3618488,41.81386,7256091624.0,9062429204.0
2.3618308,41.813903,7256091624.0,9062429204.0
2.3618085,41.813956,7256091624.0,9062429204.0
2.3617871,41.814007,7256091624.0,9062429204.0
2.3617683,41.814051,7256091624.0,9062429204.0
2.3617512,41.814072,7256091624.0,9062429204.0
2.3617084,41.814111,7256091624.0,9062429204.0
2.3616655,41.814149,7256091624.0,9062429204.0
2.3616185,41.814191,7256091624.0,9062429204.0
2.361576,41.814229,7256091624.0,9062429204.0
2.3615262,41.814274,7256091624.0,9062429204.0
2.3614835,41.814312,7256091624.0,9062429204.0
2.3614432,41.814348,7256091624.0,9062429204.0
2.3613981,41.814389,7256091624.0,9062429204.0
2.3613542,41.814427,7256091624.0,9062429204.0
2.3613074,41.814465,7256091624.0,9062429204.0
2.3612637,41.814501,7256091624.0,9062429204.0
2.3612249,41.814545,7256091624.0,9062429204.0
2.3611951,41.814587,7256091624.0,9062429204.0
2.3611638,41.814632,7256091624.0,9062429204.0
2.3611313,41.814678,7256091624.0,9062429204.0
2.3611025,41.814718,7256091624.0,9062429204.0
2.361071,41.814763,7256091624.0,9062429204.0
2.3610375,41.814811,7256091624.0,9062429204.0
2.3610018,41.814862,7256091624.0,9062429204.0
2.3609684,41.81491,7256091624.0,9062429204.0
2.3609417,41.814948,7256091624.0,9062429204.0
2.3609079,41.814996,7256091624.0,9062429204.0
2.3608759,41.815047,7256091624.0,9062429204.0
2.360858,41.815092,7256091624.0,9062429204.0
2.3608358,41.815149,7256091624.0,9062429204.0
2.3608176,41.815196,7256091624.0,9062429204.0
2.3607998,41.815242,7256091624.0,9062429204.0
2.3607805,41.815291,7256091624.0,9062429204.0
2.3607622,41.815311,7256091624.0,9062429204.0
2.360723,41.815346,7256091624.0,9062429204.0
2.3606828,41.815383,7256091624.0,9062429204.0
2.3606332,41.815428,7256091624.0,9062429204.0
2.3605904,41.815471,7256091624.0,9062429204.0
2.360549,41.815514,7256091624.0,9062429204.0
2.3605133,41.815552,7256091624.0,9062429204.0
2.3604714,41.815596,7256091624.0,9062429204.0
2.3604339,41.815633,7256091624.0,9062429204.0
2.3603782,41.81566,7256091624.0,9062429204.0
2.3603204,41.815687,7256091624.0,9062429204.0
2.3602683,41.815712,7256091624.0,9062429204.0
2.360214,41.815737,7256091624.0,9062429204.0
2.360167,41.81576,7256091624.0,9062429204.0
2.3601043,41.815799,7256091624.0,9062429204.0
2.3600741,41.815849,7256091624.0,9062429204.0
2.3600604,41.815894,7256091624.0,9062429204.0
2.3600455,41.815943,7256091624.0,9062429204.0
2.3600313,41.815989,7256091624.0,9062429204.0
2.3600167,41.816038,7256091624.0,9062429204.0
2.3600013,41.816088,7256091624.0,9062429204.0
2.3599871,41.816135,7256091624.0,9062429204.0
2.3599719,41.816185,7256091624.0,9062429204.0
2.3599569,41.816234,7256091624.0,9062429204.0
2.3599432,41.81628,7256091624.0,9062429204.0
2.359928,41.81633,7256091624.0,9062429204.0
2.3599124,41.816381,7256091624.0,9062429204.0
2.3598959,41.816435,7256091624.0,9062429204.0
2.3598825,41.816482,7256091624.0,9062429204.0
2.3598684,41.816533,7256091624.0,9062429204.0
2.3598543,41.816584,7256091624.0,9062429204.0
2.3598433,41.816624,7256091624.0,9062429204.0
2.359831,41.816668,7256091624.0,9062429204.0
2.3598183,41.816714,7256091624.0,9062429204.0
2.3598275,41.816776,7256091578.0,7256091624.0
2.3597838,41.816806,842026187.0,7256091624.0
2.359761,41.816856,842026187.0,7256091624.0
2.3597393,41.816893,842026187.0,7256091624.0
2.3597162,41.816921,842026187.0,7256091624.0
2.3596892,41.816954,842026187.0,7256091624.0
2.3596536,41.816997,842026187.0,7256091624.0
2.3596186,41.817032,842026187.0,1460507789.0
2.3595745,41.817071,842026187.0,1460507789.0
2.3595322,41.817095,842026187.0,1460507789.0
2.3594745,41.817115,842026187.0,1460507789.0
2.3594113,41.817124,842026187.0,1460507789.0
2.3593439,41.817133,842026187.0,1460507789.0
2.3592819,41.817141,842026187.0,1460507789.0
2.3592152,41.817154,842026187.0,1460507789.0
2.359148,41.817167,842026187.0,1460507789.0
2.3590888,41.817179,842026187.0,1460507789.0
2.3590326,41.817191,842026187.0,1460507789.0
2.358966,41.817209,842026187.0,1460507789.0
2.3589002,41.817231,842026187.0,1460507789.0
2.3588338,41.817254,842026187.0,1460507789.0
2.3587772,41.817273,842026187.0,1460507789.0
2.3587003,41.817299,842026187.0,1460507789.0
2.3586427,41.817319,842026187.0,1460507789.0
2.3585864,41.817338,842026187.0,1460507789.0
2.3585141,41.817365,842026187.0,1460507789.0
2.3584588,41.817403,842026187.0,1460507789.0
2.3584091,41.817438,842026187.0,1460507789.0
2.3583617,41.817471,842026187.0,1460507789.0
2.3583124,41.817505,842026187.0,1460507789.0
2.3582665,41.817547,842026187.0,1460507789.0
2.3582356,41.817587,842026187.0,1460507789.0
2.3582033,41.81764,842026187.0,1460507789.0
2.358178,41.817693,842026187.0,1460507789.0
2.3581568,41.817737,842026187.0,1460507789.0
2.3581253,41.817779,842026187.0,1460507789.0
2.3580961,41.817821,842026187.0,1460507789.0
2.3580861,41.817852,842026187.0,1460507789.0
2.3580446,41.817899,842026187.0,1460507789.0
2.3580201,41.817949,842026187.0,1460507789.0
2.3580075,41.818002,842026187.0,1460507789.0
2.3579876,41.81804,842026187.0,1460507789.0
2.3579604,41.818069,842026187.0,1460507789.0
2.357922,41.818109,842026187.0,1460507789.0
2.3578826,41.818151,842026187.0,1460507789.0
2.3578422,41.818193,842026187.0,1460507789.0
2.3577967,41.818226,842026187.0,1460507789.0
2.3577495,41.818258,842026187.0,1460507789.0
2.3577089,41.818304,842026187.0,1460507789.0
2.3576785,41.818346,842026187.0,1460507789.0
2.3576479,41.818382,842026187.0,1460507789.0
2.3576021,41.818427,842026187.0,1460507789.0
2.3575659,41.818463,842026187.0,1460507789.0
2.3575297,41.818498,842026187.0,1460507789.0
2.3574834,41.818546,842026187.0,1460507789.0
2.3574401,41.818592,842026187.0,1460507789.0
2.3573993,41.818636,842026187.0,1460507789.0
2.3573555,41.818683,842026187.0,1460507789.0
2.3573175,41.818724,842026187.0,1460507789.0
2.3572733,41.81877,842026187.0,1460507789.0
2.3572291,41.818812,842026187.0,1460507789.0
2.3571878,41.818851,842026187.0,1460507789.0
2.3571455,41.818892,842026187.0,1460507789.0
2.3571022,41.818933,842026187.0,1460507789.0
2.3570597,41.818973,842026187.0,1460507789.0
2.3570162,41.819013,842026187.0,1460507789.0
2.3569711,41.819049,842026187.0,1460507789.0
2.3569293,41.819084,842026187.0,1460507789.0
2.3568831,41.819121,842026187.0,1460507789.0
2.356832,41.819163,842026187.0,1460507789.0
2.3567912,41.819202,842026187.0,1460507789.0
2.3567584,41.819238,842026187.0,1460507789.0
2.3567239,41.819298,842026187.0,1460507789.0
2.3567047,41.819344,842026187.0,1460507789.0
2.3566859,41.819389,842026187.0,1460507789.0
2.3566678,41.819436,842026187.0,1460507789.0
2.3566517,41.819479,842026187.0,1460507789.0
2.3566345,41.819525,842026187.0,1460507789.0
2.356616,41.819574,842026187.0,1460507789.0
2.3565964,41.819626,842026187.0,1460507789.0
2.3565777,41.819676,842026187.0,1460507789.0
2.3565623,41.819725,842026187.0,1460507789.0
2.3565476,41.819774,842026187.0,1460507789.0
2.3565152,41.819804,842026187.0,1460507789.0
2.3564728,41.81987,842026187.0,1460507789.0
2.3564581,41.819917,842026187.0,1460507789.0
2.3564479,41.81995,842026187.0,1460507789.0
2.3564152,41.819978,842026187.0,1460507789.0
2.3563655,41.820019,842026187.0,1460507789.0
2.3563194,41.820083,842026187.0,1460507789.0
2.356307,41.82013,842026187.0,1460507789.0
2.356287,41.820158,842026187.0,1460507789.0
2.3562496,41.820189,842026187.0,1460507789.0
2.356195,41.820235,842026187.0,1460507789.0
2.3561528,41.820268,842026187.0,1460507789.0
2.3561103,41.820293,842026187.0,1460507789.0
2.3560623,41.82032,842026187.0,1460507789.0
2.3560081,41.820352,842026187.0,1460507789.0
2.3559568,41.820382,1460507789.0,1460507792.0
2.3559021,41.820419,1460507789.0,1460507792.0
2.3558431,41.820459,1460507789.0,1460507792.0
2.3557979,41.820489,1460507789.0,1460507792.0
2.3557465,41.820523,1460507789.0,1460507792.0
2.3556563,41.820484,1460507789.0,1460507829.0
2.3555997,41.820504,1460507789.0,1460507829.0
2.3555327,41.820527,1460507789.0,1460507829.0
2.3554782,41.820545,1460507789.0,1460507829.0
2.3554198,41.820565,1460507789.0,1460507829.0
2.3553544,41.820594,1460507789.0,1460507829.0
2.3553015,41.820618,1460507789.0,1460507829.0
2.3552513,41.820641,1460507789.0,1460507829.0
2.3551925,41.820667,1460507789.0,1460507829.0
2.35514,41.82069,1460507789.0,1460507829.0
2.3550752,41.820717,1460507789.0,1460507829.0
2.3550187,41.82074,1460507789.0,1460507829.0
2.3549593,41.820763,1460507789.0,1460507829.0
2.3548987,41.820786,1460507789.0,1460507829.0
2.3548418,41.820816,1460507789.0,1460507829.0
2.3548383,41.820929,1460507829.0,1460507847.0
2.3547866,41.820892,1460507820.0,1460507829.0
2.3547552,41.820854,1460507820.0,1460507829.0
2.3547071,41.820822,1460507820.0,1460507829.0
2.3546758,41.820782,1460507820.0,1460507829.0
2.354583,41.820764,1460507820.0,1460507829.0
2.3544803,41.820753,1460507820.0,1460507829.0
2.3544394,41.820773,1460507820.0,1460507829.0
2.3544032,41.8208,1460507820.0,1460507829.0
2.3543666,41.820839,1460507820.0,1460507829.0
2.354259,41.820887,1460507820.0,1460507829.0
2.354237,41.820887,1460507820.0,1460507829.0
2.3540765,41.820891,1460507820.0,1460507829.0
2.3540482,41.820884,1460507820.0,1460507829.0
2.3540482,41.820884,1460507820.0,1460507829.0
2.354012,41.820918,1460507820.0,1460507829.0
2.3539214,41.820977,1460507820.0,1460507829.0
2.353845,41.820991,1460507820.0,1460507829.0
2.3537956,41.820986,1460507820.0,1460507829.0
2.3537517,41.820962,1460507820.0,1460507829.0
2.3536715,41.820962,1460507820.0,1460507829.0
2.353595,41.820961,1460507820.0,1460507829.0
2.3535036,41.820956,1460507820.0,1460507829.0
2.3534935,41.820959,1460507820.0,1460507829.0
2.35344,41.820959,1460507820.0,1460507829.0
2.353393,41.820927,1460507820.0,1460507829.0
2.3533521,41.82088,1460507820.0,1460507829.0
2.3533059,41.820853,1460507820.0,1460507829.0
2.3532801,41.820808,1460507820.0,1460507829.0
2.3531852,41.820788,1460507820.0,1460507829.0
2.353125,41.820815,1460507820.0,1460507829.0
2.3530957,41.820831,1460507820.0,1460507829.0
2.3530191,41.82082,1460507820.0,1460507829.0
2.3529582,41.820773,1460507820.0,1460507829.0
2.3529249,41.820742,1460507820.0,1460507829.0
2.3527982,41.820805,1460507820.0,1460507829.0
2.3527869,41.820826,1460507820.0,1460507829.0
2.3527707,41.820833,1460507820.0,1460507829.0
2.3526965,41.82092,582779617.0,1460507820.0
2.3526723,41.820954,582779617.0,1460507820.0
2.3526403,41.820999,582779617.0,1460507820.0
2.3526066,41.821046,582779617.0,1460507820.0
2.3525779,41.821086,582779617.0,1460507820.0
2.3525448,41.821132,582779617.0,1460507820.0
2.3525013,41.821179,582779617.0,1460507820.0
2.3524597,41.821228,582779617.0,1460507820.0
2.3524521,41.821283,582779614.0,582779617.0
2.352478,41.82131,582779614.0,582779617.0
2.3525165,41.821341,582779614.0,582779617.0
2.3525581,41.82137,582779614.0,582779617.0
2.3526146,41.821396,582779614.0,582779617.0
2.3526659,41.821419,582779614.0,582779617.0
2.3527187,41.821429,582779614.0,582779617.0
2.3527441,41.821433,582779614.0,582779617.0
2.3527111,41.821428,582779614.0,582779617.0
2.3526572,41.821415,582779614.0,582779617.0
2.3526008,41.821389,582779614.0,582779617.0
2.3525432,41.82136,582779614.0,582779617.0
2.3525071,41.821334,582779614.0,582779617.0
2.3524683,41.8213,582779614.0,582779617.0
2.3525015,41.821179,582779617.0,1460507820.0
2.3525393,41.821138,582779617.0,1460507820.0
2.3525713,41.821095,582779617.0,1460507820.0
2.3525994,41.821056,582779617.0,1460507820.0
2.3526278,41.821016,582779617.0,1460507820.0
2.3526569,41.820975,582779617.0,1460507820.0
2.3526908,41.820928,582779617.0,1460507820.0
2.3527114,41.820885,582779617.0,1460507820.0
2.3527472,41.820843,1460507820.0,1460507829.0
2.3527561,41.82078,842026536.0,1460507820.0
2.3527758,41.820734,842026536.0,1460507820.0
2.3527976,41.820683,842026536.0,1460507820.0
2.3528162,41.820639,842026536.0,1460507820.0
2.3528373,41.820586,842026536.0,1460507820.0
2.3528554,41.820538,842026536.0,1460507820.0
2.3528718,41.820494,842026536.0,1460507820.0
2.3528892,41.820447,842026536.0,1460507820.0
2.3529249,41.820387,842026536.0,1460507820.0
2.3529623,41.820345,842026536.0,1460507820.0
2.3530158,41.8203,842026536.0,1460507820.0
2.3530668,41.820261,842026536.0,1460507820.0
2.3531131,41.820225,842026536.0,1460507820.0
2.3531779,41.820182,842026536.0,1460507820.0
2.3532271,41.820154,842026536.0,1460507820.0
2.3532709,41.820129,842026536.0,1460507820.0
2.3533204,41.820101,842026536.0,1460507820.0
2.3533694,41.820073,842026536.0,1460507820.0
2.3534154,41.820041,842026536.0,1460507820.0
2.3534643,41.82,842026536.0,1460507820.0
2.3535106,41.81996,842026536.0,1460507820.0
2.3535481,41.819929,842026536.0,1460507820.0
2.3535869,41.819895,842026536.0,1460507820.0
2.3536295,41.819856,842026536.0,1460507820.0
2.3536703,41.819819,842026536.0,1460507820.0
2.3537191,41.819774,842026536.0,1460507820.0
2.353777,41.819732,842026536.0,1460507820.0
2.3538244,41.819704,842026536.0,1460507820.0
2.3538736,41.819675,842026536.0,1460507820.0
2.3539255,41.819645,842026536.0,1460507820.0
2.3539747,41.819616,842026536.0,1460507820.0
2.3540276,41.819585,842026536.0,1460507820.0
2.3540762,41.819557,842026536.0,1460507820.0
2.354125,41.819528,842026536.0,1460507820.0
2.3541751,41.819498,842026536.0,1460507820.0
2.3542344,41.819464,842026536.0,1460507820.0
2.3542893,41.819432,842026536.0,1460507820.0
2.3543418,41.819401,842026536.0,1460507820.0
2.3543616,41.819376,842026536.0,1460507820.0
2.3543821,41.81935,842026536.0,1460507820.0
2.3543891,41.819314,842026536.0,1460507820.0
2.3543971,41.819272,842026536.0,1460507820.0
2.3543937,41.819235,842026536.0,1460507820.0
2.3543886,41.819179,842026536.0,1460507820.0
2.3543834,41.819122,842026536.0,1460507820.0
2.354379,41.819073,842026536.0,1460507820.0
2.354375,41.819028,842026536.0,1460507820.0
2.3543705,41.818978,842026536.0,1460507820.0
2.3543777,41.818891,842026536.0,1460507820.0
2.3543931,41.818847,842026536.0,1460507820.0
2.3544134,41.81879,842026536.0,1460507820.0
2.3544358,41.818742,842026536.0,1460507820.0
2.3544578,41.818695,842026536.0,1460507820.0
2.3544776,41.818653,842026536.0,1460507820.0
2.3545168,41.818592,842026536.0,1460507820.0
2.3545455,41.818549,842026536.0,1460507820.0
2.3545794,41.818498,842026536.0,1460507820.0
2.3546082,41.818455,842026536.0,1460507820.0
2.3546383,41.818409,842026536.0,1460507820.0
2.3546433,41.818381,842026536.0,1460507820.0
2.3546442,41.81834,842026536.0,1460507820.0
2.3546285,41.818285,842026536.0,1460507820.0
2.3546118,41.818252,842026536.0,1460507820.0
2.3545895,41.81821,842026536.0,1460507820.0
2.3545638,41.818162,842026536.0,1460507820.0
2.3545387,41.818116,842026536.0,1460507820.0
2.3545144,41.81807,842026536.0,1460507820.0
2.3544908,41.817996,842026536.0,1460507820.0
2.3544994,41.817927,842026536.0,1460507820.0
2.3545217,41.817863,842026536.0,1460507820.0
2.354545,41.817815,842026536.0,1460507820.0
2.3545672,41.817769,842026536.0,1460507820.0
2.354587,41.817728,842026536.0,1460507820.0
2.354608,41.817684,842026536.0,1460507820.0
2.3546177,41.81764,842026536.0,1460507820.0
2.3546278,41.817595,842026536.0,1460507820.0
2.3546251,41.817549,842026536.0,1460507820.0
2.3546224,41.817502,842026536.0,1460507820.0
2.3546196,41.817454,842026536.0,1460507820.0
2.3546229,41.817396,842026536.0,1460507820.0
2.354629,41.817342,842026536.0,1460507820.0
2.354639,41.817281,842026536.0,1460507820.0
2.3546747,41.817198,842026536.0,1460507820.0
2.3547032,41.817161,842026536.0,1460507820.0
2.3547562,41.817111,842026536.0,1460507820.0
2.3548128,41.817068,842026536.0,1460507820.0
2.354859,41.817037,842026536.0,1460507820.0
2.3549112,41.817002,842026536.0,1460507820.0
2.354958,41.816968,842026536.0,1460507820.0
2.354985,41.816939,842026536.0,1460507820.0
2.3550134,41.816905,842026536.0,1460507820.0
2.3550345,41.816859,842026536.0,1460507820.0
2.3550547,41.816814,842026536.0,1460507820.0
2.3550756,41.816768,842026536.0,1460507820.0
2.3551011,41.816712,842026536.0,1460507820.0
2.3551311,41.816657,842026536.0,1460507820.0
2.3551569,41.816612,842026536.0,1460507820.0
2.3551782,41.816575,842026536.0,1460507820.0
2.3551919,41.816535,842026536.0,1460507820.0
2.3551931,41.816499,842026536.0,1460507820.0
2.3551728,41.81645,842026536.0,1460507820.0
2.3551517,41.816399,842026536.0,1460507820.0
2.3551319,41.816351,842026536.0,1460507820.0
2.3551108,41.816298,842026536.0,1460507820.0
2.3550967,41.81625,842026536.0,1460507820.0
2.3550844,41.816207,842026536.0,1460507820.0
2.3550806,41.816136,842026536.0,1460507820.0
2.3551142,41.816058,842026536.0,1460507820.0
2.3551465,41.816013,842026536.0,1460507820.0
2.3551987,41.815963,842026536.0,1460507820.0
2.3552375,41.815927,842026536.0,1460507820.0
2.3552829,41.815886,842026536.0,1460507820.0
2.3553298,41.815843,842026536.0,1460507820.0
2.3553954,41.815794,842026536.0,1460507820.0
2.3554474,41.815764,842026536.0,1460507820.0
2.3554998,41.815734,842026536.0,1460507820.0
2.3555555,41.815702,842026536.0,1460507820.0
2.3555946,41.815674,842026536.0,1460507820.0
2.3556394,41.815639,842026536.0,1460507820.0
2.3556654,41.815612,842026536.0,1460507820.0
2.3556966,41.815574,842026536.0,1460507820.0
2.3557317,41.815532,842026536.0,1460507820.0
2.3557863,41.815483,842026536.0,1460507820.0
2.3558324,41.815448,842026536.0,1460507820.0
2.3558854,41.815408,842026536.0,1460507820.0
2.3559326,41.815372,842026536.0,1460507820.0
2.3559924,41.815334,842026536.0,1460507820.0
2.3560426,41.815303,842026536.0,1460507820.0
2.3560913,41.815273,842026536.0,1460507820.0
2.3561321,41.815248,842026536.0,1460507820.0
2.3561321,41.815248,842026536.0,1460507820.0
2.3561344,41.815198,842026536.0,1460507820.0
2.356119,41.815156,842026536.0,1460507820.0
2.3560798,41.815121,842026536.0,1460507820.0
2.3560392,41.815096,842026536.0,1460507820.0
2.3559785,41.815043,842026536.0,1460507820.0
2.3559527,41.81497,842026536.0,1460507820.0
2.3559623,41.814906,842026536.0,1460507820.0
2.3559813,41.814845,842026536.0,1460507820.0
2.3560021,41.814799,842026536.0,1460507820.0
2.3560254,41.814748,842026536.0,1460507820.0
2.3560476,41.814699,842026536.0,1460507820.0
2.3560755,41.814645,842026536.0,1460507820.0
2.3561067,41.814604,842026536.0,1460507820.0
2.3561371,41.814561,842026536.0,1460507820.0
2.3561706,41.814517,842026536.0,1460507820.0
2.3562116,41.814474,842026536.0,1460507820.0
2.3562501,41.814434,842026536.0,1460507820.0
2.3562961,41.814387,842026536.0,1460507820.0
2.3563483,41.81435,842026536.0,1460507820.0
2.356408,41.814309,842026536.0,1460507820.0
2.3564609,41.814277,842026536.0,1460507820.0
2.356548,41.814248,842026536.0,1460507820.0
2.3566239,41.814229,842026536.0,1460507820.0
2.3566889,41.81422,842026536.0,1460507820.0
2.3567568,41.814211,842026536.0,1460507820.0
2.3568122,41.8142,842026536.0,1460507820.0
2.3568697,41.814182,842026536.0,1460507820.0
2.3569126,41.814159,842026536.0,1460507820.0
2.3569502,41.814136,842026536.0,1460507820.0
2.3569937,41.814089,842026536.0,1460507820.0
2.3570319,41.814048,842026536.0,1460507820.0
2.3570659,41.814011,842026536.0,1460507820.0
2.3571014,41.813973,842026536.0,1460507820.0
2.3571417,41.81393,842026536.0,1460507820.0
2.3571789,41.81389,842026536.0,1460507820.0
2.3572211,41.813845,842026536.0,1460507820.0
2.3573926,41.813852,842026187.0,842026536.0
2.3573927,41.81383,842026187.0,842026536.0
2.3574135,41.813783,842026187.0,842026536.0
2.3574351,41.813734,842026187.0,842026536.0
2.3574521,41.813693,842026187.0,842026536.0
2.3574679,41.813633,842026187.0,842026536.0
2.357476,41.813594,842026536.0,9062435812.0
2.3574717,41.813552,842026536.0,9062435812.0
2.3574391,41.813503,842026536.0,9062435812.0
2.35741,41.813479,842026536.0,9062435812.0
2.3573407,41.813445,842026536.0,9062435812.0
2.3572981,41.81344,842026536.0,9062435812.0
2.3572362,41.813433,842026536.0,9062435812.0
2.3571651,41.813425,842026536.0,9062435812.0
2.357095,41.813429,842026536.0,9062435812.0
2.3570188,41.813433,842026536.0,9062435812.0
2.3569571,41.813437,842026536.0,9062435812.0
2.3568966,41.813444,842026536.0,9062435812.0
2.3568293,41.813453,842026536.0,9062435812.0
2.3567682,41.813462,842026536.0,9062435812.0
2.3567078,41.81347,842026536.0,9062435812.0
2.3566445,41.81348,842026536.0,9062435812.0
2.3565765,41.813491,842026536.0,9062435812.0
2.3565172,41.813501,842026536.0,9062435812.0
2.3564471,41.813513,842026536.0,9062435812.0
2.3563815,41.813528,842026536.0,9062435812.0
2.3563124,41.813549,842026536.0,9062435812.0
2.3562405,41.81357,842026536.0,9062435812.0
2.3561863,41.813587,842026536.0,9062435812.0
2.3561163,41.813608,842026536.0,9062435812.0
2.356049,41.813628,842026536.0,9062435812.0
2.3559915,41.813642,842026536.0,9062435812.0
2.3559287,41.81365,842026536.0,9062435812.0
2.3558639,41.813658,842026536.0,9062435812.0
2.3557999,41.813666,842026536.0,9062435812.0
2.3557384,41.813671,842026536.0,9062435812.0
2.3556624,41.813673,842026536.0,9062435812.0
2.3556031,41.813675,842026536.0,9062435812.0
2.3555422,41.813676,842026536.0,9062435812.0
2.3554752,41.813678,842026536.0,9062435812.0
2.3554076,41.81368,842026536.0,9062435812.0
2.3553409,41.81369,842026536.0,9062435812.0
2.3552708,41.813706,842026536.0,9062435812.0
2.3552042,41.813712,842026536.0,9062435812.0
2.3551572,41.813701,842026536.0,9062435812.0
2.355112,41.813672,842026536.0,9062435812.0
2.3550736,41.813623,842026536.0,9062435812.0
2.3550442,41.813571,842026536.0,9062435812.0
2.3550228,41.813533,842026536.0,9062435812.0
2.3549943,41.813482,842026536.0,9062435812.0
2.3549684,41.813436,842026536.0,9062435812.0
2.3549552,41.813373,842026536.0,9062435812.0
2.3549487,41.813318,842026536.0,9062435812.0
2.354942,41.813261,842026536.0,9062435812.0
2.3549373,41.813202,842026536.0,9062435812.0
2.3549346,41.813147,842026536.0,9062435812.0
2.3549321,41.813099,842026536.0,9062435812.0
2.3549183,41.813056,842026536.0,9062435812.0
2.3548925,41.813,842026536.0,9062435812.0
2.3548726,41.812957,842026536.0,9062435812.0
2.3548518,41.812913,842026536.0,9062435812.0
2.3548304,41.812867,842026536.0,9062435812.0
2.3548065,41.812812,842026536.0,9062435812.0
2.3547949,41.81277,842026536.0,9062435812.0
2.3547827,41.812725,842026536.0,9062435812.0
2.3547683,41.812672,842026536.0,9062435812.0
2.3547515,41.81261,842026536.0,9062435812.0
2.3547385,41.812566,842026536.0,9062435812.0
2.3547176,41.812523,842026536.0,9062435812.0
2.3546951,41.812477,842026536.0,9062435812.0
2.3546736,41.812433,842026536.0,9062435812.0
2.3546486,41.812381,842026536.0,9062435812.0
2.3546262,41.812335,842026536.0,9062435812.0
2.3545983,41.812293,842026536.0,9062435812.0
2.3545667,41.812246,842026536.0,9062435812.0
2.354539,41.812204,842026536.0,9062435812.0
2.3545103,41.812161,842026536.0,9062435812.0
2.354485,41.812106,842026536.0,9062435812.0
2.354475,41.812036,842026536.0,9062435812.0
2.3545348,41.811948,842026536.0,9062435812.0
2.3545901,41.811913,842026536.0,9062435812.0
2.3546276,41.811879,842026536.0,9062435812.0
2.3546717,41.811838,842026536.0,9062435812.0
2.3547116,41.811802,842026536.0,9062435812.0
2.3547501,41.811767,842026536.0,9062435812.0
2.3547926,41.811728,842026536.0,9062435812.0
2.3548392,41.811685,842026536.0,9062435812.0
2.3548777,41.81165,842026536.0,9062435812.0
2.3549152,41.811614,842026536.0,9062435812.0
2.3549514,41.811577,842026536.0,9062435812.0
2.3549901,41.811538,842026536.0,9062435812.0
2.3550312,41.811496,842026536.0,9062435812.0
2.3550603,41.811459,842026536.0,9062435812.0
2.3550954,41.811413,842026536.0,9062435812.0
2.3551212,41.811373,842026536.0,9062435812.0
2.3551478,41.811332,842026536.0,9062435812.0
2.355178,41.811286,5460568216.0,9062435812.0
2.3552072,41.811241,5460568216.0,9062435812.0
2.3552584,41.811183,5460568216.0,9062435812.0
2.3553037,41.811144,5460568216.0,9062435812.0
2.3553612,41.811099,5460568216.0,9062435812.0
2.3554137,41.811068,5460568216.0,9062435812.0
2.3554627,41.81104,5460568216.0,9062435812.0
2.3555104,41.81101,5460568216.0,9062435812.0
2.3555707,41.810972,5460568216.0,9062435812.0
2.3556052,41.81094,5460568216.0,9062435812.0
2.3556451,41.810899,5460568216.0,9062435812.0
2.3556825,41.810858,5460568216.0,9062435812.0
2.3557217,41.81081,5460568216.0,9062435812.0
2.3557444,41.810773,5460568216.0,9062435812.0
2.3557694,41.810722,5460568216.0,9062435812.0
2.3557941,41.810672,5460568216.0,9062435812.0
2.3558026,41.810645,5460568216.0,9062435812.0
2.3558097,41.810597,5460568216.0,9062435812.0
2.3558166,41.81055,5460568216.0,9062435812.0
2.3558153,41.810517,5460568216.0,9062435812.0
2.3558024,41.810467,5460568216.0,9062435812.0
2.3557891,41.810415,5460568216.0,9062435812.0
2.355779,41.810375,5460568216.0,9062435812.0
2.3557522,41.810334,5460568216.0,9062435812.0
2.3557228,41.810289,5460568216.0,9062435812.0
2.3557259,41.810175,5460568216.0,9062435812.0
2.355793,41.810108,5460568216.0,9062435812.0
2.3558607,41.810074,5460568216.0,9062435812.0
2.3559195,41.810048,5460568216.0,9062435812.0
2.3559717,41.810025,5460568216.0,9062435812.0
2.3560261,41.810001,5460568216.0,9062435812.0
2.3561059,41.809973,5460568216.0,9062435812.0
2.3561647,41.809958,5460568216.0,9062435812.0
2.3562412,41.809938,5460568216.0,9062435812.0
2.3563126,41.80992,5460568216.0,9062435812.0
2.3563729,41.809897,5460568216.0,9062435812.0
2.3564474,41.809868,5460568216.0,9062435812.0
2.356506,41.809845,5460568216.0,9062435812.0
2.3565744,41.809816,5460568216.0,9062435812.0
2.3566311,41.809791,5460568216.0,9062435812.0
2.3566939,41.809762,5460568216.0,9062435812.0
2.3567712,41.809751,5460568216.0,9062435812.0
2.3568562,41.809749,5460568216.0,9062435812.0
2.3569289,41.809752,5460568216.0,9062435812.0
2.3570039,41.809754,5460568216.0,9062435812.0
2.3570799,41.809757,5460568216.0,9062435812.0
2.3571293,41.809745,5460568216.0,9062435812.0
2.357153,41.809714,842026052.0,5460568216.0
2.357152,41.80968,842026052.0,5460568216.0
2.357143,41.809648,842026052.0,5460568216.0
2.3571061,41.809612,842026052.0,5460568216.0
2.3570471,41.80957,842026052.0,5460568216.0
2.3570059,41.809543,842026052.0,5460568216.0
2.3569555,41.80951,842026052.0,5460568216.0
2.3568867,41.809473,842026052.0,5460568216.0
2.3568213,41.809456,842026052.0,5460568216.0
2.3567191,41.809452,842026052.0,5460568231.0
2.3566583,41.809483,842026052.0,5460568231.0
2.3565913,41.809507,842026052.0,5460568231.0
2.3565171,41.80953,842026052.0,5460568231.0
2.3564459,41.809552,842026052.0,5460568231.0
2.3563892,41.809568,842026052.0,5460568231.0
2.3563171,41.809589,842026052.0,5460568231.0
2.3562509,41.809605,842026052.0,5460568231.0
2.3561778,41.809594,842026052.0,5460568231.0
2.3561172,41.809585,842026052.0,5460568231.0
2.3560392,41.809572,842026052.0,5460568231.0
2.3559807,41.809562,842026052.0,5460568231.0
2.3559098,41.809553,842026052.0,5460568231.0
2.3558399,41.809547,842026052.0,5460568231.0
2.3557701,41.80956,842026052.0,5460568231.0
2.3557116,41.80957,842026052.0,5460568231.0
2.3556425,41.809584,842026052.0,5460568231.0
2.3555849,41.809602,842026052.0,5460568231.0
2.3555155,41.809624,842026052.0,5460568231.0
2.3554449,41.80965,842026052.0,5460568231.0
2.3553815,41.809682,842026052.0,5460568231.0
2.3553308,41.809707,842026052.0,5460568231.0
2.3552706,41.809738,842026052.0,5460568231.0
2.355216,41.809765,842026052.0,5460568231.0
2.3551402,41.809804,842026052.0,5460568231.0
2.3550888,41.809829,842026052.0,5460568231.0
2.3550303,41.809858,842026052.0,5460568231.0
2.3549996,41.809874,842026052.0,5460568231.0
2.3549595,41.810009,842026052.0,5460568231.0
2.3549634,41.810045,842026052.0,5460568231.0
2.3549563,41.81009,842026052.0,5460568231.0
2.3549485,41.810138,842026052.0,5460568231.0
2.3549385,41.8102,842026052.0,5460568231.0
2.3549302,41.810252,842026052.0,5460568231.0
2.3549111,41.8103,842026052.0,5460568231.0
2.3548855,41.810342,842026052.0,5460568231.0
2.3548601,41.810384,842026052.0,5460568231.0
2.3548348,41.810426,842026052.0,5460568231.0
2.3547909,41.810469,842026052.0,5460568231.0
2.3547501,41.810509,842026052.0,5460568231.0
2.3547131,41.810544,842026052.0,5460568231.0
2.3546614,41.810585,842026052.0,5460568231.0
2.3546077,41.810627,842026052.0,5460568231.0
2.3545671,41.810659,842026052.0,5460568231.0
2.3545183,41.810697,842026052.0,5460568231.0
2.3544776,41.810727,842026052.0,5460568231.0
2.354427,41.81076,842026052.0,5460568231.0
2.3543699,41.810798,842026052.0,5460568231.0
2.3543205,41.810827,842026052.0,5460568231.0
2.3542673,41.810857,842026052.0,5460568231.0
2.3542155,41.810885,842026052.0,5460568231.0
2.3541651,41.810912,842026052.0,5460568231.0
2.3541021,41.810936,842026052.0,5460568231.0
2.3540417,41.810958,842026052.0,5460568231.0
2.3539759,41.810999,842026052.0,5460568231.0
2.3539267,41.81103,842026052.0,5460568231.0
2.3538823,41.811058,842026052.0,5460568231.0
2.3538217,41.811097,842026052.0,5460568231.0
2.3537725,41.811123,842026052.0,5460568231.0
2.3537173,41.811151,842026052.0,5460568231.0
2.3536633,41.811179,842026052.0,5460568231.0
2.3536073,41.811208,842026052.0,5460568231.0
2.3535433,41.811241,842026052.0,5460568231.0
2.3534805,41.811274,842026052.0,5460568231.0
2.3534252,41.811302,842026052.0,5460568231.0
2.353373,41.811329,842026052.0,5460568231.0
2.3533165,41.811358,842026052.0,5460568231.0
2.3532641,41.811385,842026052.0,5460568231.0
2.3532088,41.811411,842026052.0,5460568231.0
2.3531548,41.811433,842026052.0,5460568231.0
2.3530823,41.811446,842026052.0,5460568231.0
2.3530192,41.811449,842026052.0,5460568231.0
2.3529489,41.811441,842026052.0,5460568231.0
2.352885,41.811424,842026052.0,5460568231.0
2.3528287,41.811406,842026052.0,5460568231.0
2.3527361,41.811369,842026052.0,5460568231.0
2.3526677,41.811348,842026052.0,5460568231.0
2.3526011,41.811333,842026052.0,5460568231.0
2.352538,41.811342,842026052.0,5460568231.0
2.3524523,41.811397,842026052.0,5460568231.0
2.352377,41.81147,842026052.0,5460568231.0
2.3523272,41.811519,842026052.0,5460568231.0
2.3522764,41.811571,842026052.0,5460568231.0
2.3522356,41.811612,842026052.0,5460568231.0
2.3521973,41.811651,842026052.0,5460568231.0
2.3521614,41.811687,842026052.0,5460568231.0
2.3521184,41.811748,842026052.0,5460568231.0
2.3520874,41.811803,842026052.0,5460568231.0
2.3520607,41.81187,842026052.0,5460568231.0
2.3520456,41.811947,842026052.0,5460568231.0
2.3520438,41.812001,842026052.0,5460568231.0
2.3520421,41.812051,842026052.0,5460568231.0
2.3520401,41.812112,842026052.0,5460568231.0
2.3520383,41.812165,842026052.0,5460568231.0
2.3520368,41.81221,842026052.0,5460568231.0
2.3520349,41.812269,842026052.0,5460568231.0
2.3520353,41.812326,842026052.0,5460568231.0
2.3520325,41.812375,842026052.0,5460568231.0
2.3520093,41.812426,842026052.0,5460568231.0
2.351985,41.81247,842026052.0,5460568231.0
2.3519511,41.812508,842026052.0,5460568231.0
2.3519177,41.812544,842026052.0,5460568231.0
2.3518744,41.812592,842026052.0,5460568231.0
2.3518266,41.812628,842026052.0,5460568231.0
2.3517624,41.812639,842026021.0,5460568231.0
2.3516851,41.812565,842026021.0,842026318.0
2.3516798,41.8125,842026021.0,842026318.0
2.3516838,41.812453,842026021.0,842026318.0
2.351688,41.812403,842026021.0,842026318.0
2.3516926,41.812347,842026021.0,842026318.0
2.3516828,41.812304,842026021.0,842026318.0
2.3516683,41.812247,842026021.0,842026318.0
2.3516533,41.812189,842026021.0,842026318.0
2.3516395,41.812135,842026021.0,842026318.0
2.3516088,41.812089,842026021.0,842026318.0
2.3515673,41.812044,842026021.0,842026318.0
2.3515205,41.812002,842026021.0,842026318.0
2.3514602,41.811971,842026021.0,842026318.0
2.3513891,41.811945,842026021.0,842026318.0
2.3513204,41.811927,842026021.0,842026318.0
2.3512576,41.81191,842026021.0,842026318.0
2.3511916,41.811891,842026021.0,842026318.0
2.3511288,41.811873,842026021.0,842026318.0
2.35106,41.811853,842026021.0,842026318.0
2.3510035,41.811818,842026021.0,842026318.0
2.3509657,41.811772,842026021.0,842026318.0
2.3509445,41.811714,842026021.0,842026318.0
2.3509371,41.81165,842026021.0,842026318.0
2.3509445,41.811597,842026021.0,842026318.0
2.3509518,41.811545,842026021.0,842026318.0
2.3509775,41.811485,842026021.0,842026318.0
2.3510053,41.811433,842026021.0,842026318.0
2.3510362,41.811378,842026021.0,842026318.0
2.3510564,41.81134,842026021.0,842026318.0
2.351076,41.811283,842026021.0,842026318.0
2.3510903,41.811241,842026021.0,842026318.0
2.3510866,41.811188,842026021.0,842026318.0
2.3510758,41.811133,842026021.0,842026318.0
2.3510425,41.811077,842026021.0,842026318.0
2.351013,41.811034,842026021.0,842026318.0
2.3509671,41.810985,842026021.0,842026318.0
2.3509075,41.810945,842026021.0,842026318.0
2.3508464,41.810922,842026021.0,842026318.0
2.3507768,41.810901,842026021.0,842026318.0
2.3507061,41.810881,842026021.0,842026318.0
2.3506459,41.810865,842026021.0,842026318.0
2.3505749,41.810846,842026021.0,842026318.0
2.3505119,41.810828,842026021.0,842026318.0
2.3504329,41.81081,842026021.0,842026318.0
2.3503615,41.810791,842026021.0,842026318.0
2.3502939,41.81077,842026021.0,842026318.0
2.3502475,41.81074,842026021.0,842026318.0
2.3502176,41.810699,842026021.0,842026318.0
2.3502192,41.810651,842026021.0,842026318.0
2.3502378,41.810601,842026021.0,842026318.0
2.3502761,41.810548,842026021.0,842026318.0
2.3503133,41.8105,842026021.0,842026318.0
2.3503543,41.810455,842026021.0,842026318.0
2.3503982,41.810406,842026021.0,842026318.0
2.3504728,41.81038,842026318.0,8287065037.0
2.3504677,41.81035,842026318.0,8287065037.0
2.3505026,41.810286,666342870.0,842026318.0
2.3505399,41.810239,666342870.0,842026318.0
2.3505663,41.810191,666342870.0,842026318.0
2.3505896,41.810144,666342870.0,842026318.0
2.3506074,41.810102,666342870.0,842026318.0
2.3506224,41.810054,666342870.0,842026318.0
2.3506364,41.810009,666342870.0,842026318.0
2.3506471,41.809965,666342870.0,842026318.0
2.3506553,41.809908,666342870.0,842026318.0
2.3506624,41.809858,666342870.0,842026318.0
2.3506658,41.80981,666342870.0,842026318.0
2.3506627,41.809761,666342870.0,842026318.0
2.3506586,41.809714,666342870.0,842026318.0
2.3506485,41.809666,666342870.0,842026318.0
2.3506426,41.809614,666342870.0,842026318.0
2.3506398,41.809565,666342870.0,842026318.0
2.3506371,41.809516,666342870.0,842026318.0
2.3506341,41.809457,666342870.0,842026318.0
2.3506374,41.809407,666342870.0,842026318.0
2.3506413,41.809347,666342870.0,842026318.0
2.3506453,41.809294,666342870.0,842026318.0
2.3506553,41.809249,666342870.0,842026318.0
2.3506657,41.809203,666342870.0,842026318.0
2.3506834,41.809139,666342870.0,842026318.0
2.3507059,41.809085,666342870.0,842026318.0
2.3507325,41.809027,666342870.0,842026318.0
2.3507649,41.808972,666342870.0,842026318.0
2.3507983,41.808935,666342870.0,842026318.0
2.3508353,41.808894,666342870.0,842026318.0
2.3508778,41.808845,666342870.0,842026318.0
2.3509172,41.808801,666342870.0,842026318.0
2.3509485,41.808765,666342870.0,842026318.0
2.3509652,41.808726,666342870.0,842026318.0
2.3509744,41.808684,666342870.0,842026318.0
2.3509721,41.808637,666342870.0,842026318.0
2.35097,41.80859,666342870.0,842026318.0
2.3509673,41.808529,666342870.0,842026318.0
2.3509652,41.808479,666342870.0,842026318.0
2.3509614,41.808426,666342870.0,842026318.0
2.350955,41.808367,666342870.0,842026318.0
2.3509501,41.808322,666342870.0,842026318.0
2.3509558,41.808268,666342870.0,842026318.0
2.3509671,41.808222,666342870.0,842026318.0
2.3509788,41.808174,666342870.0,842026318.0
2.350988,41.808127,666342870.0,842026318.0
2.3509988,41.808073,666342870.0,842026318.0
2.3510189,41.808015,666342870.0,842026318.0
2.3510406,41.807967,666342870.0,842026318.0
2.3510614,41.80792,666342870.0,842026318.0
2.351085,41.807868,666342870.0,842026318.0
2.3511064,41.80782,666342870.0,842026318.0
2.3511275,41.807773,666342870.0,842026318.0
2.3511417,41.807731,666342870.0,842026318.0
2.3511536,41.807684,666342870.0,842026318.0
2.3511681,41.807626,666342870.0,842026318.0
2.3511804,41.807577,666342870.0,842026318.0
2.3511922,41.80753,666342870.0,842026318.0
2.3512033,41.807485,666342870.0,842026318.0
2.35121,41.807431,666342870.0,842026318.0
2.3512148,41.807385,666342870.0,842026318.0
2.3512195,41.80734,666342870.0,842026318.0
2.3512246,41.807291,666342870.0,842026318.0
2.3512297,41.807241,666342870.0,842026318.0
2.3512346,41.807195,666342870.0,842026318.0
2.3512393,41.80715,666342870.0,842026318.0
2.3512443,41.807101,666342870.0,842026318.0
2.351249,41.807055,666342870.0,842026318.0
2.351255,41.806998,666342870.0,842026318.0
2.35126,41.80695,666342870.0,842026318.0
2.3512583,41.8069,666342870.0,842026318.0
2.3512515,41.806848,666342870.0,842026318.0
2.3512451,41.806798,666342870.0,842026318.0
2.3512377,41.806741,666342870.0,842026318.0
2.3512309,41.806687,666342870.0,842026318.0
2.3512274,41.806631,666342870.0,842026318.0
2.3512243,41.806583,666342870.0,842026318.0
2.3512207,41.806525,666342870.0,842026318.0
2.3512173,41.806472,666342870.0,842026318.0
2.3512136,41.806413,666342870.0,842026318.0
2.3512108,41.806368,666342870.0,842026318.0
2.3512075,41.806317,666342870.0,842026318.0
2.3512046,41.80626,666342870.0,842026318.0
2.3512116,41.806202,666342870.0,842026318.0
2.3512173,41.806154,666342870.0,842026318.0
2.3512236,41.806102,666342870.0,842026318.0
2.35123,41.806049,666342870.0,842026318.0
2.3512358,41.806,666342870.0,842026318.0
2.3512414,41.805954,666342870.0,842026318.0
2.3512475,41.805903,666342870.0,842026318.0
2.3512529,41.805857,666342870.0,842026318.0
2.3512588,41.805808,666342870.0,842026318.0
2.3512644,41.805761,666342870.0,842026318.0
2.3512706,41.80571,666342870.0,842026318.0
2.3512762,41.805663,666342870.0,842026318.0
2.3512955,41.805593,666342870.0,842026318.0
2.3513195,41.805537,666342870.0,842026318.0
2.3513389,41.805492,666342870.0,842026318.0
2.3513605,41.805442,666342870.0,842026318.0
2.3513743,41.805404,666342870.0,842026318.0
2.3513885,41.805356,666342870.0,842026318.0
2.3514018,41.805311,666342870.0,842026318.0
2.3514144,41.805268,666342870.0,842026318.0
2.3514282,41.805222,666342870.0,842026318.0
2.3514412,41.805178,666342870.0,842026318.0
2.3514545,41.805133,666342870.0,842026318.0
2.3514717,41.805078,666342870.0,842026318.0
2.3514861,41.805034,666342870.0,842026318.0
2.3515006,41.80499,666342870.0,842026318.0
2.3515153,41.804945,666342870.0,842026318.0
2.3515303,41.804899,666342870.0,842026318.0
2.3515567,41.804829,666342870.0,842026318.0
2.3515911,41.804778,666342870.0,842026318.0
2.3516261,41.804726,666342870.0,842026318.0
2.3517526,41.804704,666342870.0,2881839011.0
2.3517425,41.804687,666342870.0,2881839011.0
2.3517685,41.804615,666342869.0,666342886.0
2.3517504,41.804566,666342869.0,666342886.0
2.3517258,41.804514,666342869.0,842026575.0
2.3516795,41.804484,666342869.0,842026575.0
2.3516323,41.80447,666342869.0,842026575.0
2.3516127,41.804402,666342869.0,7969237899.0
2.3515702,41.804361,666342869.0,7969237899.0
2.3515224,41.804324,666342869.0,7969237899.0
2.351471,41.8043,666342869.0,7969237899.0
2.3514152,41.804273,666342869.0,7969237899.0
2.3513545,41.804245,666342869.0,7969237899.0
2.3512952,41.804194,666342869.0,7969237899.0
2.3512622,41.804153,666342869.0,7969237899.0
2.351226,41.80411,666342869.0,7969237899.0
2.3511921,41.804068,666342869.0,7969237899.0
2.3511577,41.804026,666342869.0,7969237899.0
2.3511206,41.803992,666342869.0,7969237899.0
2.3510714,41.80395,666342869.0,7969237899.0
2.3510274,41.803913,666342869.0,7969237899.0
2.3509927,41.80387,666342869.0,7969237899.0
2.3509725,41.803824,666342869.0,7969237899.0
2.3509533,41.803779,666342869.0,7969237899.0
2.3509095,41.803729,666342869.0,7969237899.0
2.350876,41.803693,666342869.0,7969237899.0
2.3508419,41.803643,666342869.0,7969237899.0
2.3508017,41.803591,666342869.0,7969237899.0
2.3507681,41.803555,666342869.0,7969237899.0
2.3507264,41.80351,666342869.0,7969237899.0
2.3506867,41.803466,666342869.0,7969237899.0
2.3506515,41.803424,666342869.0,7969237899.0
2.3506144,41.803379,666342869.0,7969237899.0
2.3505807,41.803338,666342869.0,7969237899.0
2.350557,41.803299,666342869.0,7969237899.0
2.3505283,41.803253,666342869.0,7969237899.0
2.3505033,41.803212,666342869.0,7969237899.0
2.3504197,41.803132,666342869.0,7969237899.0
2.3503671,41.803096,666342869.0,7969237899.0
2.3503197,41.803064,666342869.0,7969237899.0
2.3502617,41.803032,666342869.0,7969237899.0
2.3502198,41.803009,666342869.0,7969237899.0
2.3501727,41.802983,666342869.0,7969237899.0
2.3501251,41.802956,666342869.0,7969237899.0
2.3500928,41.802936,666342869.0,7969237899.0
2.3500416,41.802905,666342869.0,7969237899.0
2.3499936,41.802875,666342869.0,7969237899.0
2.3499567,41.802853,666342869.0,7969237899.0
2.3499203,41.802831,666342869.0,7969237899.0
2.3498807,41.802806,666342869.0,7969237899.0
2.3498188,41.802726,666342869.0,7969237899.0
2.349795,41.802676,666342869.0,7969237899.0
2.349773,41.80263,666342869.0,7969237899.0
2.3497364,41.802606,666342869.0,7969237899.0
2.349684,41.802577,666342869.0,7969237899.0
2.3496169,41.802549,666342869.0,7969237899.0
2.3495799,41.802534,666342869.0,7969237899.0
2.3495122,41.802502,666342869.0,7969237899.0
2.3494664,41.802474,666342869.0,7969237899.0
2.3494172,41.802444,666342869.0,7969237899.0
2.3493566,41.802406,666342869.0,7969237899.0
2.3492969,41.802344,666342869.0,7969237899.0
2.3492604,41.802305,666342869.0,7969237899.0
2.3491976,41.802242,666342869.0,7969237899.0
2.3491582,41.802203,666342869.0,7969237899.0
2.3491203,41.802165,666342869.0,7969237899.0
2.3490918,41.802136,666342869.0,7969237899.0
2.3490472,41.802082,666342869.0,7969237899.0
2.3490059,41.802025,666342869.0,7969237899.0
2.3489921,41.801948,666342869.0,7969237899.0
2.3490007,41.801898,666342869.0,7969237899.0
2.3489792,41.80185,666342869.0,7969237899.0
2.3489573,41.801812,666342869.0,7969237899.0
2.3489341,41.801772,666342869.0,7969237899.0
2.3488962,41.801746,666342869.0,7969237899.0
2.3488418,41.801709,666342869.0,7969237899.0
2.3487769,41.801683,666342869.0,7969237899.0
2.3487182,41.801665,666342869.0,7969237899.0
2.3486605,41.801646,666342869.0,7969237899.0
2.3485948,41.801616,666342869.0,7969237899.0
2.3485468,41.801583,666342869.0,7969237899.0
2.3485467,41.801583,666342869.0,7969237899.0
2.348604,41.801467,7969237899.0,7969237901.0
2.3486429,41.801451,7969237899.0,7969237901.0
2.3486595,41.801423,7969237899.0,7969237901.0
2.3486121,41.801406,842026008.0,7969237901.0
2.3485333,41.801416,842026008.0,7969237901.0
2.3484602,41.801338,666342843.0,7969237901.0
2.3484198,41.801325,666342843.0,7969237901.0
2.3483655,41.801297,666342843.0,7969237901.0
2.3483018,41.801275,666342843.0,7969237901.0
2.3482375,41.80126,666342843.0,7969237901.0
2.3481746,41.801244,666342843.0,7969237901.0
2.3481384,41.801217,666342843.0,7969237901.0
2.3480878,41.801176,666342843.0,7969237901.0
2.3480227,41.80116,666342843.0,7969237901.0
2.347943,41.801161,666342843.0,1867011849.0
2.3478824,41.801176,666342843.0,1867011849.0
2.3478353,41.801181,666342843.0,1867011849.0
2.3477734,41.801158,666342843.0,1867011849.0
2.3477249,41.801139,666342843.0,1867011849.0
2.347673,41.801119,666342843.0,1867011849.0
2.3476481,41.801055,666342843.0,1867011849.0
2.3476669,41.801026,666342843.0,1867011849.0
2.347649,41.801053,666342843.0,1867011849.0
2.3474898,41.800986,2973507432.0,11663530099.0
2.3474406,41.801032,2973507432.0,11663530099.0
2.347408,41.80108,2973507432.0,11663530099.0
2.3473648,41.801098,2973507432.0,9062945110.0
2.3472932,41.801143,318177249.0,8261477987.0
2.3472311,41.801136,318177249.0,8261477987.0
2.3471664,41.801129,318177249.0,8261477987.0
