edge_id,avg_speed,avg_pace,pace_group,pace_color,time,dist,elev_gain,uphill_perc,uphill_perc_group,uphill_perc_color,geometry
257,0.5,26.16,From 15 to 30 min/km,#E53888,0.62,0.02,2.4,12.0,From 7.5% to 15%,#36C2CE,"LINESTRING (2.347752 41.801228, 2.34781 41.801245, 2.34788 41.801228, 2.347945 41.80122, 2.348008 41.801218)"
258,0.8,23.14,From 15 to 30 min/km,#E53888,0.76,0.03,3.4,11.33,From 7.5% to 15%,#36C2CE,"LINESTRING (2.348008 41.801218, 2.348065 41.801241, 2.34811 41.801276, 2.348153 41.801308, 2.348228 41.801333, 2.34829 41.80136, 2.348353 41.801382)"
410,0.99,19.08,From 15 to 30 min/km,#E53888,0.65,0.04,9.1,22.75,More than 22.5%,#4535C1,"LINESTRING (2.348353 41.801382, 2.348411 41.801404, 2.348481 41.801407, 2.348551 41.801397, 2.348583 41.80144, 2.34859 41.801495, 2.348562 41.801547)"
261,0.86,21.02,From 15 to 30 min/km,#E53888,10.14,0.48,131.1,27.31,More than 22.5%,#4535C1,"LINESTRING (2.348562 41.801547, 2.348512 41.801577, 2.348499 41.801627, 2.348537 41.801669, 2.348592 41.801696, 2.348655 41.801713, 2.348717 41.80173, 2.348775 41.80176, 2.348835 41.801768, 2.348897 41.80178, 2.348905 41.801827, 2.348918 41.801874, 2.348938 41.801924, 2.348941 41.801976, 2.348973 41.802021, 2.349001 41.802079, 2.348999 41.802124, 2.349004 41.802169, 2.349034 41.802214, 2.349121 41.802242, 2.349191 41.802272, 2.349214 41.802314, 2.349244 41.802369, 2.349316 41.802382, 2.349381 41.802397, 2.349444 41.80241, 2.349511 41.80244, 2.349534 41.802492, 2.349581 41.802527, 2.349619 41.802564, 2.349674 41.802589, 2.349724 41.802621, 2.349766 41.802658, 2.349818 41.802686, 2.349866 41.802721, 2.349878 41.802768, 2.349888 41.802821, 2.349911 41.802869, 2.349953 41.802906, 2.350006 41.802941, 2.350054 41.802973, 2.350089 41.803011, 2.350141 41.803036, 2.350193 41.803059, 2.350238 41.803096, 2.3503 41.803111, 2.350335 41.803149, 2.350363 41.803196, 2.350405 41.803241, 2.350458 41.803268, 2.35048 41.803315, 2.350503 41.803357, 2.350533 41.803397, 2.350588 41.803429, 2.350623 41.803469, 2.350645 41.803514, 2.350685 41.803552, 2.350732 41.803582, 2.350752 41.803625, 2.350792 41.803663, 2.350814 41.803713, 2.350847 41.803755, 2.350894 41.803788, 2.350952 41.803816, 2.350964 41.803866, 2.350976 41.803918, 2.351031 41.803955, 2.351081 41.803993, 2.351141 41.804016, 2.351193 41.804041, 2.351225 41.804086, 2.351272 41.804123, 2.351304 41.804166, 2.351357 41.804203, 2.351414 41.804231, 2.351464 41.804259, 2.351486 41.804309, 2.351521 41.804356, 2.351571 41.804399, 2.351619 41.804439, 2.351652 41.804481, 2.35168 41.804523, 2.351715 41.804566, 2.35173 41.804613, 2.351762 41.80466, 2.351792 41.804702, 2.351844 41.804727)"
262,1.03,19.28,From 15 to 30 min/km,#E53888,8.7,0.45,81.1,18.02,From 15% to 22.5%,#478CCF,"LINESTRING (2.351844 41.804727, 2.351899 41.80476, 2.351937 41.804802, 2.351975 41.804844, 2.352028 41.804874, 2.352055 41.804916, 2.352095 41.804954, 2.352122 41.804996, 2.352169 41.805029, 2.352214 41.805062, 2.352259 41.805092, 2.352307 41.80513, 2.352352 41.805163, 2.35239 41.805201, 2.352433 41.805241, 2.352471 41.805276, 2.352539 41.805286, 2.352596 41.805318, 2.352648 41.805356, 2.352701 41.805381, 2.352746 41.805413, 2.352794 41.805446, 2.352844 41.805476, 2.352897 41.805498, 2.35295 41.805526, 2.353015 41.805544, 2.353078 41.805551, 2.353136 41.805579, 2.353189 41.805612, 2.353222 41.80565, 2.353277 41.805675, 2.353319 41.805712, 2.353352 41.805752, 2.3534 41.805785, 2.353463 41.805797, 2.353525 41.80582, 2.353588 41.805842, 2.353666 41.80585, 2.353726 41.805875, 2.353793 41.805873, 2.353865 41.805876, 2.353932 41.805899, 2.353979 41.805934, 2.354032 41.805966, 2.354099 41.805994, 2.354147 41.806022, 2.354205 41.806039, 2.354283 41.806047, 2.354343 41.806065, 2.354393 41.806103, 2.354456 41.806115, 2.354503 41.806147, 2.354566 41.806154, 2.354629 41.806181, 2.354677 41.806213, 2.35474 41.806236, 2.354797 41.806261, 2.354845 41.806289, 2.354902 41.806324, 2.354974 41.806334, 2.355011 41.806374, 2.355053 41.806409, 2.355096 41.806442, 2.355136 41.806477, 2.355193 41.806505, 2.35526 41.80652, 2.355323 41.80655, 2.355393 41.806562, 2.35546 41.80656, 2.355522 41.80654, 2.355582 41.806523, 2.35565 41.806518, 2.355717 41.806533, 2.355775 41.806558, 2.355833 41.806583, 2.355875 41.80662, 2.355948 41.806643, 2.356015 41.806666, 2.356075 41.806678, 2.356137 41.806688, 2.356197 41.806693, 2.356257 41.8067)"
266,0.88,36.21,From 30 to 45 min/km,#F37199,1.61,0.04,5.5,13.75,From 7.5% to 15%,#36C2CE,"LINESTRING (2.356257 41.8067, 2.356334 41.80671, 2.356397 41.806722, 2.356464 41.806715, 2.356524 41.806703, 2.356532 41.806753, 2.356529 41.806806, 2.356534 41.806856, 2.356524 41.806904)"
265,0.49,575.62,More than 45 min/km,#F7A8C4,26.0,0.03,17.4,58.0,More than 22.5%,#4535C1,"LINESTRING (2.356524 41.806904, 2.356502 41.806949, 2.356564 41.806949, 2.356552 41.806897, 2.356565 41.806852, 2.356597 41.806804, 2.356614 41.806757)"
266,0.3,252.1,More than 45 min/km,#F7A8C4,5.4,0.03,0.6,2.0,Less than 7.5%,#77E4C8,"LINESTRING (2.356614 41.806757, 2.356587 41.80671, 2.356525 41.806698, 2.356568 41.806733, 2.356611 41.806775)"
1083,1.44,11.58,Less than 15 min/km,#AC1754,0.2,0.01,0.8,8.0,From 7.5% to 15%,#36C2CE,"LINESTRING (2.356611 41.806775, 2.356673 41.806798, 2.35674 41.80679, 2.356795 41.806812)"
268,1.43,12.07,Less than 15 min/km,#AC1754,4.04,0.34,15.8,4.65,Less than 7.5%,#77E4C8,"LINESTRING (2.356795 41.806812, 2.356857 41.806817, 2.356922 41.806832, 2.356984 41.806834, 2.357046 41.806837, 2.357114 41.806837, 2.357187 41.806819, 2.357259 41.806822, 2.357322 41.806825, 2.357397 41.80683, 2.357469 41.806818, 2.357527 41.806805, 2.357592 41.806795, 2.357659 41.806783, 2.357727 41.806765, 2.357789 41.806757, 2.357862 41.806749, 2.357929 41.806722, 2.357977 41.806684, 2.35804 41.806664, 2.358088 41.806631, 2.358156 41.806604, 2.358206 41.806572, 2.358258 41.806545, 2.358311 41.806518, 2.358361 41.806483, 2.358406 41.806443, 2.358458 41.806411, 2.35851 41.806388, 2.358573 41.806358, 2.358608 41.806316, 2.35867 41.806281, 2.358745 41.806266, 2.358805 41.806254, 2.358867 41.806239, 2.358925 41.806212, 2.358987 41.806205, 2.35905 41.806202, 2.35911 41.80619, 2.359168 41.806177, 2.359223 41.806152, 2.35929 41.806137, 2.359362 41.806137, 2.359432 41.806132, 2.359497 41.806134, 2.35957 41.806139, 2.359653 41.806151, 2.359728 41.806163, 2.359791 41.80617, 2.359864 41.806185, 2.359939 41.806193, 2.360007 41.806211, 2.360065 41.806224, 2.360135 41.806232, 2.360193 41.806252, 2.360256 41.806254, 2.360323 41.806266, 2.360391 41.806271, 2.360456 41.806283, 2.360534 41.806288)"
267,1.38,12.94,Less than 15 min/km,#AC1754,2.05,0.16,21.6,13.5,From 7.5% to 15%,#36C2CE,"LINESTRING (2.360534 41.806288, 2.360587 41.80631, 2.360655 41.806325, 2.36073 41.806338, 2.36079 41.806343, 2.360862 41.806356, 2.36093 41.806363, 2.360992 41.80638, 2.361064 41.806388, 2.361141 41.806393, 2.361213 41.806405, 2.361286 41.806422, 2.361343 41.806442, 2.361408 41.80644, 2.361475 41.806425, 2.361547 41.806433, 2.361627 41.806443, 2.361694 41.806443, 2.361761 41.806443, 2.361829 41.806465, 2.361891 41.806488, 2.361953 41.806505, 2.362018 41.806518, 2.362085 41.806531, 2.362155 41.806558, 2.362185 41.806601, 2.362242 41.806633, 2.362297 41.806658)"
270,1.03,30.02,From 30 to 45 min/km,#F37199,33.5,1.12,168.7,15.06,From 15% to 22.5%,#478CCF,"LINESTRING (2.362297 41.806658, 2.362354 41.806685, 2.362419 41.806673, 2.362487 41.80666, 2.362572 41.806688, 2.362629 41.806705, 2.362691 41.806683, 2.362761 41.806678, 2.362819 41.806658, 2.362869 41.806695, 2.362939 41.80669, 2.363006 41.806688, 2.363076 41.80668, 2.363141 41.806688, 2.363203 41.806686, 2.363266 41.806681, 2.363319 41.806654, 2.363376 41.806634, 2.363438 41.806607, 2.363501 41.806634, 2.363548 41.806666, 2.363606 41.806686, 2.363666 41.806681, 2.363716 41.806651, 2.363766 41.806618, 2.363808 41.806585, 2.363853 41.806552, 2.363898 41.806515, 2.363936 41.80647, 2.363969 41.806428, 2.364027 41.806415, 2.364079 41.806392, 2.364132 41.806369, 2.364189 41.806349, 2.364251 41.806329, 2.364289 41.806289, 2.364334 41.806256, 2.364366 41.806216, 2.364408 41.806178, 2.364446 41.806143, 2.364506 41.806125, 2.364551 41.806093, 2.364606 41.806068, 2.364664 41.80604, 2.364704 41.806003, 2.364744 41.805963, 2.364787 41.80593, 2.36484 41.8059, 2.364872 41.805858, 2.364912 41.805815, 2.364942 41.805773, 2.364965 41.805725, 2.364987 41.80568, 2.364992 41.80563, 2.365027 41.80559, 2.36506 41.805552, 2.365093 41.805509, 2.365136 41.805471, 2.365181 41.805436, 2.365231 41.805398, 2.365271 41.805363, 2.365304 41.805321, 2.365362 41.805294, 2.365415 41.805269, 2.36546 41.805236, 2.365523 41.805213, 2.365561 41.805178, 2.365623 41.805156, 2.365688 41.805128, 2.36573 41.805095, 2.365773 41.805053, 2.365806 41.805013, 2.365843 41.804965, 2.365885 41.804927, 2.36593 41.804892, 2.365972 41.804859, 2.366005 41.804817, 2.36605 41.804777, 2.3661 41.80475, 2.366148 41.804722, 2.36621 41.80472, 2.366272 41.80471, 2.366342 41.804717, 2.366407 41.804735, 2.366445 41.80477, 2.366382 41.804782, 2.366442 41.804757, 2.366467 41.804714, 2.366522 41.804687, 2.366575 41.804657, 2.36663 41.804634, 2.366585 41.804666, 2.36663 41.804636, 2.366683 41.804614, 2.366741 41.804592, 2.366799 41.804577, 2.366862 41.804562, 2.366929 41.804535, 2.366994 41.804517, 2.367049 41.80449, 2.367109 41.804465, 2.367181 41.804445, 2.367243 41.80442, 2.367305 41.80441, 2.367368 41.8044, 2.367425 41.804382, 2.367487 41.804377, 2.367552 41.804375, 2.367619 41.804373, 2.367689 41.80437, 2.367762 41.804377, 2.36783 41.804384, 2.36789 41.804391, 2.367958 41.804399, 2.368016 41.804414, 2.368088 41.804411, 2.368136 41.804441, 2.368183 41.804473, 2.368246 41.804491, 2.368313 41.804514, 2.36837 41.804539, 2.36844 41.804557, 2.3685 41.804574, 2.368572 41.804601, 2.36862 41.804633, 2.368682 41.804646, 2.36874 41.804663, 2.368813 41.804666, 2.368876 41.804661, 2.368936 41.804656, 2.368996 41.804641, 2.369061 41.804633, 2.369133 41.804651, 2.369205 41.804648, 2.369275 41.804638, 2.369335 41.804631, 2.369398 41.804638, 2.369473 41.804643, 2.369538 41.804626, 2.369596 41.804606, 2.369659 41.804576, 2.369729 41.804568, 2.369804 41.804563, 2.369881 41.80457, 2.369949 41.804565, 2.370021 41.804545, 2.370099 41.804537, 2.370161 41.80453, 2.370236 41.80453, 2.370314 41.804537, 2.370387 41.80454, 2.370455 41.804532, 2.37052 41.80453, 2.370587 41.804518, 2.370652 41.804511, 2.370715 41.804506, 2.370792 41.804509, 2.370857 41.804507, 2.37093 41.804504, 2.370983 41.804531, 2.371063 41.804529, 2.371123 41.804536, 2.371191 41.804541, 2.371251 41.804549, 2.371319 41.804577, 2.371387 41.804574, 2.371462 41.804574, 2.371534 41.804592, 2.371606 41.804595, 2.371678 41.804597, 2.371755 41.804599, 2.371815 41.804611, 2.37187 41.804633, 2.371943 41.804646, 2.372011 41.804666, 2.372089 41.804676, 2.372152 41.804676, 2.372219 41.804681, 2.372291 41.804676, 2.372366 41.804684, 2.372438 41.804699, 2.372498 41.804712, 2.372558 41.804735, 2.37263 41.80476, 2.372688 41.804782, 2.372745 41.804805, 2.372812 41.804833, 2.372877 41.804861, 2.372934 41.804884, 2.372994 41.804901, 2.373061 41.804923, 2.373123 41.804931, 2.373191 41.804961, 2.373256 41.804974, 2.373311 41.804994, 2.373369 41.805014, 2.373427 41.805032, 2.373494 41.80503, 2.373569 41.80504, 2.373637 41.805042, 2.373699 41.805039)"
1253,1.13,15.2,From 15 to 30 min/km,#E53888,3.36,0.22,27.0,12.27,From 7.5% to 15%,#36C2CE,"LINESTRING (2.373699 41.805039, 2.373769 41.805052, 2.373817 41.805089, 2.373882 41.805082, 2.373949 41.805104, 2.374006 41.805122, 2.374071 41.805135, 2.374126 41.805158, 2.374188 41.805178, 2.374251 41.805193, 2.374319 41.805206, 2.374379 41.805196, 2.374439 41.805218, 2.374502 41.805225, 2.374567 41.805238, 2.374634 41.80525, 2.374689 41.805273, 2.374751 41.805295, 2.374819 41.805302, 2.374892 41.805312, 2.374972 41.805324, 2.375047 41.805341, 2.375117 41.805356, 2.375182 41.805356, 2.375247 41.805373, 2.37531 41.8054, 2.375373 41.805425, 2.375435 41.805437, 2.375502 41.80545, 2.375564 41.805463, 2.375626 41.80548, 2.375698 41.805492, 2.375758 41.805502, 2.375828 41.805519, 2.375895 41.805522, 2.375978 41.805525, 2.376045 41.805537, 2.376115 41.805542, 2.376183 41.805539, 2.37625 41.805529)"
1252,1.36,13.12,Less than 15 min/km,#AC1754,1.09,0.08,5.1,6.38,Less than 7.5%,#77E4C8,"LINESTRING (2.37625 41.805529, 2.37631 41.805536, 2.376375 41.805534, 2.376438 41.805532, 2.3765 41.80554, 2.376578 41.80555, 2.376645 41.805568, 2.376695 41.805595, 2.37675 41.805617, 2.376812 41.80565, 2.376872 41.805677, 2.376924 41.8057, 2.376999 41.805712, 2.377052 41.805735, 2.37711 41.805753, 2.377175 41.805766)"
1542,1.09,106.68,More than 45 min/km,#F7A8C4,12.31,0.1,17.3,17.3,From 15% to 22.5%,#478CCF,"LINESTRING (2.377175 41.805766, 2.377243 41.805768, 2.37731 41.80579, 2.377373 41.805802, 2.377426 41.805824, 2.377463 41.805871, 2.377503 41.805914, 2.377523 41.805957, 2.377571 41.805989, 2.377636 41.806019, 2.377681 41.806052, 2.377693 41.806104, 2.37774 41.806134, 2.377777 41.806171, 2.377795 41.806214, 2.377828 41.806252, 2.377846 41.806295, 2.377883 41.806335, 2.37792 41.806377)"
1766,0.89,20.01,From 15 to 30 min/km,#E53888,10.4,0.52,123.2,23.69,More than 22.5%,#4535C1,"LINESTRING (2.37792 41.806377, 2.377943 41.806424, 2.37796 41.806471, 2.378 41.806508, 2.378025 41.806558, 2.378062 41.806605, 2.3781 41.806652, 2.37814 41.80669, 2.37819 41.806718, 2.378235 41.806755, 2.378298 41.806777, 2.378348 41.806804, 2.378398 41.806841, 2.378446 41.806883, 2.378513 41.806898, 2.378571 41.806923, 2.378623 41.80695, 2.37867 41.806992, 2.378733 41.807015, 2.378786 41.807043, 2.378851 41.80705, 2.378909 41.807072, 2.378952 41.807104, 2.379 41.807139, 2.379065 41.807147, 2.37913 41.807157, 2.379192 41.807172, 2.379229 41.807209, 2.379267 41.807256, 2.379345 41.807271, 2.379402 41.807288, 2.379449 41.807318, 2.379516 41.807341, 2.379581 41.807343, 2.379649 41.807321, 2.379709 41.807313, 2.379771 41.807315, 2.379839 41.807308, 2.379897 41.807325, 2.379962 41.807347, 2.380024 41.807337, 2.380082 41.807352, 2.380134 41.807379, 2.380206 41.807392, 2.380194 41.807439, 2.380164 41.807482, 2.380116 41.807517, 2.380164 41.807554, 2.380211 41.807586, 2.380273 41.807603, 2.380341 41.807601, 2.380411 41.807621, 2.380464 41.807648, 2.380522 41.807663, 2.380585 41.807673, 2.380642 41.8077, 2.380684 41.807738, 2.380731 41.807773, 2.380798 41.807785, 2.380828 41.80783, 2.380875 41.807867, 2.380942 41.80786, 2.381007 41.807873, 2.381074 41.807881, 2.381134 41.807894, 2.381196 41.807916, 2.381243 41.807951, 2.381316 41.807954, 2.381374 41.807972, 2.381429 41.808, 2.381474 41.808037, 2.381539 41.808055, 2.381587 41.808087, 2.381642 41.808117, 2.381699 41.808139, 2.381762 41.808167, 2.381812 41.808195, 2.381867 41.808222, 2.381909 41.808259, 2.381957 41.808289, 2.382002 41.808322, 2.382057 41.808345, 2.382102 41.80838, 2.382162 41.8084, 2.382214 41.808428, 2.382266 41.808455, 2.382309 41.808487, 2.382349 41.808525, 2.382377 41.808567, 2.382419 41.808604, 2.382466 41.808641, 2.382508 41.808679, 2.382551 41.808711, 2.382604 41.808738, 2.382662 41.808763)"
1312,0.42,195.55,More than 45 min/km,#F7A8C4,5.55,0.03,3.8,12.67,From 7.5% to 15%,#36C2CE,"LINESTRING (2.382662 41.808763, 2.382685 41.808805, 2.382712 41.808855, 2.382724 41.808902, 2.382694 41.808862, 2.382627 41.808857)"
1544,0.1,370.92,More than 45 min/km,#F7A8C4,19.05,0.04,5.6,14.0,From 7.5% to 15%,#36C2CE,"LINESTRING (2.382627 41.808857, 2.382607 41.808812, 2.382624 41.808855, 2.382692 41.808842, 2.38263 41.808852, 2.382625 41.808807, 2.382667 41.80884, 2.382644 41.808797, 2.382587 41.808819, 2.382527 41.808814)"
1545,0.57,156.56,More than 45 min/km,#F7A8C4,2.3,0.02,0.6,3.0,Less than 7.5%,#77E4C8,"LINESTRING (2.382527 41.808814, 2.38247 41.808846, 2.382412 41.808861, 2.382749 41.808874)"
1312,5.08,8.45,Less than 15 min/km,#AC1754,3.29,0.27,2.9,1.07,Less than 7.5%,#77E4C8,"LINESTRING (2.382749 41.808874, 2.382856 41.808961, 2.382949 41.809078, 2.383024 41.809128, 2.382716 41.80891, 2.382566 41.808868, 2.382491 41.808848, 2.383188 41.809196, 2.383241 41.809253, 2.383329 41.80932, 2.383381 41.809355, 2.383328 41.80932, 2.38324 41.80928, 2.383013 41.809173, 2.382845 41.809086, 2.38278 41.809058, 2.382577 41.808985)"
1545,1.65,41.37,From 30 to 45 min/km,#F37199,13.25,0.3,13.5,4.5,Less than 7.5%,#77E4C8,"LINESTRING (2.382577 41.808985, 2.382487 41.80891, 2.382387 41.808855, 2.382454 41.808902, 2.382542 41.808955, 2.382604 41.809002, 2.382657 41.809032, 2.382729 41.809034, 2.382787 41.809049, 2.382734 41.808979, 2.382522 41.808917, 2.382462 41.808912, 2.382432 41.80886, 2.382397 41.8089, 2.382484 41.808923, 2.382366 41.808966, 2.382443 41.808918, 2.382373 41.808865, 2.38234 41.80881, 2.38234 41.808752, 2.38238 41.808819, 2.382428 41.808859, 2.382428 41.808914, 2.38244 41.808962, 2.38256 41.808902, 2.382487 41.808895, 2.382529 41.808932, 2.382419 41.808934, 2.382471 41.808969, 2.382518 41.809039, 2.382578 41.809062, 2.382631 41.809089, 2.382676 41.809129, 2.382644 41.809081, 2.382551 41.808984, 2.382509 41.808942, 2.382467 41.808982, 2.382425 41.80903, 2.382362 41.80905)"
1548,3.33,6.3,Less than 15 min/km,#AC1754,0.28,0.05,1.0,2.0,Less than 7.5%,#77E4C8,"LINESTRING (2.382362 41.80905, 2.382295 41.80907, 2.382235 41.809078, 2.382325 41.809141, 2.382392 41.809203, 2.382455 41.809225, 2.382528 41.809237)"
1545,1.98,8.44,Less than 15 min/km,#AC1754,0.15,0.01,0.0,0.0,Less than 7.5%,#77E4C8,"LINESTRING (2.382528 41.809237, 2.382506 41.809185, 2.382529 41.809138, 2.382612 41.808968)"
1544,2.9,8.0,Less than 15 min/km,#AC1754,0.38,0.05,0.0,0.0,Less than 7.5%,#77E4C8,"LINESTRING (2.382612 41.808968, 2.38273 41.809085, 2.382702 41.809127, 2.38266 41.80917)"
1545,3.56,8.0,Less than 15 min/km,#AC1754,0.24,0.02,0.0,0.0,Less than 7.5%,#77E4C8,"LINESTRING (2.38266 41.80917, 2.382557 41.8091, 2.382484 41.809075, 2.382417 41.809082)"
1548,3.07,5.47,Less than 15 min/km,#AC1754,0.11,0.02,0.0,0.0,Less than 7.5%,#77E4C8,"LINESTRING (2.382417 41.809082, 2.382315 41.809132, 2.382368 41.809095, 2.382858 41.808725)"
1312,1.52,15.02,From 15 to 30 min/km,#E53888,0.87,0.08,0.0,0.0,Less than 7.5%,#77E4C8,"LINESTRING (2.382858 41.808725, 2.382873 41.808667, 2.38291 41.808615, 2.382947 41.80857, 2.382989 41.808522, 2.382431 41.808814)"
1545,0.26,424.28,More than 45 min/km,#F7A8C4,10.03,0.07,17.9,25.57,More than 22.5%,#4535C1,"LINESTRING (2.382431 41.808814, 2.382488 41.808849, 2.382413 41.808842, 2.38241 41.808797)"
1546,1.11,45.16,More than 45 min/km,#F7A8C4,5.7,0.17,1.7,1.0,Less than 7.5%,#77E4C8,"LINESTRING (2.38241 41.808797, 2.3823 41.8088, 2.382182 41.808765, 2.38212 41.808743, 2.382027 41.808713, 2.381965 41.808705, 2.381797 41.808725, 2.381692 41.808723, 2.381595 41.80874, 2.381465 41.808712, 2.381372 41.80872, 2.38121 41.80872, 2.381128 41.80873, 2.381068 41.80874, 2.380998 41.808757, 2.380931 41.808792, 2.380866 41.80881, 2.380821 41.80884, 2.380786 41.808883, 2.380643 41.808938, 2.380601 41.808983)"
1860,1.42,12.38,Less than 15 min/km,#AC1754,1.09,0.08,0.0,0.0,Less than 7.5%,#77E4C8,"LINESTRING (2.380601 41.808983, 2.380559 41.809021, 2.380492 41.809058, 2.380442 41.809086, 2.380394 41.809114, 2.380347 41.809167, 2.380275 41.809134, 2.380212 41.809101, 2.380144 41.809084, 2.380062 41.809087, 2.379987 41.8091, 2.379925 41.809112, 2.37986 41.80911, 2.379773 41.8091, 2.379696 41.809088)"
1547,1.45,11.68,Less than 15 min/km,#AC1754,0.55,0.05,0.0,0.0,Less than 7.5%,#77E4C8,"LINESTRING (2.379696 41.809088, 2.379633 41.809071, 2.37957 41.809066, 2.379488 41.809071, 2.379431 41.809089, 2.379371 41.809099, 2.379308 41.809099, 2.379218 41.809106, 2.379155 41.809103)"
407,1.48,12.55,Less than 15 min/km,#AC1754,0.33,0.03,0.1,0.33,Less than 7.5%,#77E4C8,"LINESTRING (2.379155 41.809103, 2.37909 41.809135, 2.379005 41.809167, 2.378942 41.8092, 2.378879 41.809225)"
408,1.5,11.6,Less than 15 min/km,#AC1754,1.85,0.15,0.0,0.0,Less than 7.5%,#77E4C8,"LINESTRING (2.378879 41.809225, 2.378822 41.809258, 2.37876 41.809283, 2.378698 41.809296, 2.378625 41.809313, 2.378567 41.809325, 2.37851 41.809348, 2.378462 41.809388, 2.37842 41.809423, 2.378372 41.809455, 2.378319 41.80949, 2.378269 41.80953, 2.378187 41.80956, 2.378065 41.809608, 2.377998 41.809631, 2.377945 41.809668, 2.377873 41.809695, 2.377818 41.809718, 2.377765 41.809758, 2.37771 41.809778, 2.377647 41.8098, 2.377532 41.809848, 2.377477 41.809875, 2.377437 41.809917, 2.377399 41.809959, 2.377339 41.809996)"
1862,1.33,13.01,Less than 15 min/km,#AC1754,1.22,0.09,0.0,0.0,Less than 7.5%,#77E4C8,"LINESTRING (2.377339 41.809996, 2.377282 41.810026, 2.377234 41.810059, 2.377192 41.810129, 2.377177 41.810174, 2.377162 41.810222, 2.377129 41.810264, 2.377094 41.810311, 2.377077 41.810354, 2.377047 41.810394, 2.377029 41.810444, 2.377061 41.810499, 2.377019 41.810564, 2.376986 41.810622, 2.376988 41.81068, 2.377038 41.810767)"
1865,1.2,21.22,From 15 to 30 min/km,#E53888,0.76,0.04,0.0,0.0,Less than 7.5%,#77E4C8,"LINESTRING (2.377038 41.810767, 2.377086 41.810845, 2.377069 41.810892, 2.377051 41.810942, 2.376994 41.811085)"
2839,1.15,30.65,From 30 to 45 min/km,#F37199,2.14,0.04,2.0,5.0,Less than 7.5%,#77E4C8,"LINESTRING (2.376994 41.811085, 2.376947 41.811122, 2.376905 41.811157, 2.376808 41.811234, 2.376746 41.811251, 2.376701 41.811283)"
1865,1.47,12.85,Less than 15 min/km,#AC1754,1.45,0.11,2.3,2.09,Less than 7.5%,#77E4C8,"LINESTRING (2.376701 41.811283, 2.376656 41.811321, 2.376553 41.811404, 2.376448 41.811419, 2.376435 41.811369, 2.376365 41.811371, 2.376295 41.811381, 2.37623 41.811361, 2.376165 41.811369, 2.376105 41.811402, 2.375977 41.811444, 2.375915 41.811464, 2.375857 41.811484, 2.375807 41.811531, 2.375734 41.811541, 2.375674 41.811534, 2.375611 41.811527, 2.375529 41.811532)"
1868,0.96,113.25,More than 45 min/km,#F7A8C4,4.96,0.04,0.0,0.0,Less than 7.5%,#77E4C8,"LINESTRING (2.375529 41.811532, 2.375459 41.811555, 2.375399 41.811562, 2.375354 41.811494, 2.375281 41.811489, 2.375248 41.811437, 2.375251 41.811369)"
415,1.49,20.08,From 15 to 30 min/km,#E53888,8.6,0.35,25.0,7.14,Less than 7.5%,#77E4C8,"LINESTRING (2.375251 41.811369, 2.375269 41.811317, 2.375257 41.81127, 2.375224 41.811227, 2.375167 41.81111, 2.375127 41.811072, 2.375095 41.81102, 2.375052 41.81098, 2.374934 41.810853, 2.374852 41.810735, 2.374834 41.810673, 2.374801 41.8106, 2.374786 41.810552, 2.374904 41.810512, 2.374789 41.81048, 2.374656 41.810453, 2.374471 41.810553, 2.374404 41.810565, 2.374332 41.810568, 2.374247 41.810551, 2.374182 41.810538, 2.374122 41.81053, 2.373969 41.810492, 2.373922 41.810447, 2.373869 41.810404, 2.373811 41.810384, 2.373756 41.810322, 2.373714 41.810285, 2.373672 41.810242, 2.37365 41.810195, 2.373647 41.810143, 2.37366 41.810095, 2.373665 41.810047, 2.373635 41.809997, 2.373567 41.809909, 2.373519 41.809877, 2.373449 41.809869, 2.373386 41.809857, 2.373321 41.809864, 2.373258 41.809862, 2.373186 41.809872, 2.373126 41.809862, 2.373066 41.809835, 2.373008 41.809803, 2.37288 41.809705, 2.372825 41.80974, 2.37278 41.80977)"
414,1.68,10.01,Less than 15 min/km,#AC1754,0.37,0.04,2.4,6.0,Less than 7.5%,#77E4C8,"LINESTRING (2.37278 41.80977, 2.372715 41.809798, 2.372618 41.809811, 2.372558 41.809843, 2.372511 41.809883, 2.372461 41.80991, 2.372406 41.809938)"
2556,1.48,14.2,Less than 15 min/km,#AC1754,7.65,0.51,13.1,2.57,Less than 7.5%,#77E4C8,"LINESTRING (2.372406 41.809938, 2.372333 41.80996, 2.372268 41.809997, 2.372211 41.810034, 2.372151 41.810057, 2.372096 41.810102, 2.372043 41.810129, 2.371983 41.810154, 2.371923 41.810184, 2.371865 41.810221, 2.371803 41.810238, 2.371743 41.810261, 2.371651 41.810323, 2.371591 41.810356, 2.371501 41.810363, 2.371434 41.81043, 2.371406 41.810472, 2.371353 41.810509, 2.371311 41.810542, 2.371276 41.810502, 2.371253 41.810392, 2.371168 41.81038, 2.371081 41.810358, 2.370944 41.810386, 2.370877 41.810394, 2.370715 41.810422, 2.370652 41.81043, 2.370597 41.81045, 2.370535 41.810463, 2.370468 41.810476, 2.370403 41.810496, 2.370336 41.810499, 2.370263 41.810497, 2.370203 41.810505, 2.370136 41.810518, 2.370074 41.810521, 2.369999 41.810521, 2.369932 41.810531, 2.369869 41.810548, 2.369816 41.810573, 2.369741 41.810613, 2.369688 41.81064, 2.369571 41.810682, 2.369491 41.810717, 2.369328 41.810794, 2.369256 41.810799, 2.369191 41.810819, 2.369128 41.810837, 2.36904 41.810865, 2.368972 41.810888, 2.368857 41.810933, 2.368795 41.810953, 2.36874 41.810973, 2.368688 41.811006, 2.368551 41.811039, 2.368499 41.811066, 2.368409 41.811133, 2.368347 41.811173, 2.368284 41.811213, 2.368217 41.81122, 2.368152 41.811238, 2.368087 41.811255, 2.368025 41.811277, 2.367953 41.81129, 2.36789 41.81131, 2.36782 41.811325, 2.367742 41.811338, 2.367674 41.811355, 2.367602 41.811367, 2.367519 41.811375, 2.367434 41.81138, 2.367362 41.811395, 2.367292 41.811393, 2.367222 41.811393, 2.36717 41.811431, 2.367108 41.811444)"
2557,1.67,10.64,Less than 15 min/km,#AC1754,3.72,0.35,2.8,0.8,Less than 7.5%,#77E4C8,"LINESTRING (2.367108 41.811444, 2.367026 41.811472, 2.366971 41.811499, 2.366903 41.811494, 2.36684 41.811496, 2.36673 41.811491, 2.366662 41.811491, 2.366594 41.811496, 2.366517 41.811498, 2.366454 41.811503, 2.366369 41.811511, 2.366301 41.811494, 2.366223 41.811502, 2.366151 41.811522, 2.366094 41.811539, 2.366017 41.811562, 2.365959 41.811574, 2.365886 41.811589, 2.365814 41.811604, 2.365739 41.811622, 2.365662 41.811639, 2.365602 41.811657, 2.365539 41.811667, 2.365479 41.811685, 2.365414 41.8117, 2.365329 41.811707, 2.365267 41.811709, 2.36519 41.811696, 2.365127 41.811679, 2.36506 41.811651, 2.364998 41.811636, 2.364928 41.811618, 2.364868 41.811601, 2.36481 41.811584, 2.36474 41.811587, 2.364682 41.811599, 2.364614 41.811614, 2.364551 41.811626, 2.364489 41.811651, 2.364437 41.811676, 2.364399 41.811711, 2.364349 41.811756, 2.364276 41.811778, 2.364211 41.811805, 2.364151 41.811823, 2.364089 41.811833, 2.364027 41.811838, 2.363949 41.811843, 2.363876 41.811843, 2.363793 41.811885, 2.363733 41.811898, 2.363671 41.811915, 2.363588 41.811948, 2.363518 41.811958, 2.363451 41.811965, 2.363384 41.811977, 2.363334 41.812015, 2.363259 41.812055, 2.363192 41.812078)"
2113,1.52,11.93,Less than 15 min/km,#AC1754,8.35,0.65,0.1,0.02,Less than 7.5%,#77E4C8,"LINESTRING (2.363192 41.812078, 2.363139 41.812106, 2.363092 41.812148, 2.363052 41.812186, 2.362989 41.812216, 2.362927 41.812228, 2.36288 41.812258, 2.362808 41.812306, 2.362758 41.812339, 2.362715 41.812377, 2.362675 41.812415, 2.362623 41.812457, 2.362566 41.812487, 2.362523 41.812532, 2.362505 41.81258, 2.362473 41.812635, 2.362456 41.812683, 2.362434 41.812735, 2.362399 41.812783, 2.362391 41.812835, 2.362358 41.812887, 2.36223 41.81301, 2.362147 41.81306, 2.362102 41.813108, 2.362077 41.813155, 2.362055 41.813202, 2.36201 41.813235, 2.361953 41.813267, 2.361915 41.813314, 2.361895 41.813361, 2.361855 41.813401, 2.361832 41.813448, 2.361864 41.813578, 2.361849 41.813643, 2.361849 41.813701, 2.361844 41.813751, 2.361826 41.813809, 2.361791 41.813862, 2.361789 41.813914, 2.361782 41.813961, 2.36175 41.814006, 2.361728 41.814051, 2.361695 41.814101, 2.361677 41.814146, 2.361627 41.814183, 2.361584 41.81423, 2.361532 41.814273, 2.361494 41.814318, 2.361456 41.814353, 2.361409 41.814391, 2.361366 41.814426, 2.361308 41.814466, 2.361263 41.814504, 2.361206 41.814541, 2.361163 41.814576, 2.361141 41.814626, 2.361128 41.814671, 2.361096 41.814721, 2.361064 41.814764, 2.361029 41.814809, 2.360982 41.814844, 2.360935 41.814877, 2.36089 41.814915, 2.360848 41.814958, 2.360838 41.81501, 2.360831 41.815062, 2.360798 41.815117, 2.360775 41.81516, 2.360757 41.81521, 2.360729 41.81525, 2.360717 41.815302, 2.360699 41.815349, 2.360671 41.815389, 2.360618 41.815422, 2.360566 41.815457, 2.360519 41.815504, 2.360467 41.815556, 2.360439 41.815608, 2.360392 41.815643, 2.36034 41.815681, 2.360292 41.815709, 2.360215 41.815747, 2.360138 41.815779, 2.360096 41.815812, 2.360033 41.81584, 2.360011 41.815893, 2.359993 41.815941, 2.35997 41.816004, 2.359958 41.816052, 2.359945 41.816105, 2.359938 41.816158, 2.359928 41.81622, 2.359873 41.816332, 2.359846 41.81638, 2.359829 41.816433, 2.359796 41.816478, 2.359774 41.816541, 2.359764 41.816598, 2.359779 41.816658, 2.359782 41.816715, 2.359772 41.81676, 2.359732 41.816808, 2.359637 41.816941, 2.359637 41.817023)"
421,1.54,25.07,From 15 to 30 min/km,#E53888,12.8,0.52,10.8,2.08,Less than 7.5%,#77E4C8,"LINESTRING (2.359637 41.817023, 2.359619 41.817071, 2.359549 41.817098, 2.359484 41.817121, 2.359386 41.817134, 2.359316 41.817137, 2.359239 41.817139, 2.359167 41.817162, 2.359102 41.817182, 2.35904 41.817192, 2.35897 41.817207, 2.358893 41.817227, 2.358828 41.817242, 2.35877 41.817264, 2.358717 41.817289, 2.358659 41.817306, 2.358576 41.817343, 2.358508 41.817373, 2.358438 41.817383, 2.358388 41.817411, 2.358336 41.817446, 2.358291 41.817493, 2.358256 41.817531, 2.358194 41.817613, 2.358172 41.817656, 2.358125 41.817724, 2.358073 41.817752, 2.358011 41.817839, 2.357998 41.817952, 2.35798 41.818002, 2.357952 41.818045, 2.357934 41.818093, 2.357879 41.818123, 2.357814 41.818178, 2.357759 41.818218, 2.357701 41.81827, 2.357653 41.818318, 2.357606 41.818363, 2.357561 41.81841, 2.357526 41.818457, 2.357504 41.8185, 2.357464 41.818542, 2.357421 41.818587, 2.357373 41.818619, 2.357336 41.818662, 2.357291 41.818699, 2.357239 41.818739, 2.357177 41.818769, 2.35714 41.818816, 2.357112 41.818864, 2.357075 41.818912, 2.357035 41.818959, 2.356983 41.818994, 2.356953 41.819039, 2.356905 41.819082, 2.356858 41.819115, 2.356796 41.819152, 2.356751 41.81921, 2.356718 41.819265, 2.356696 41.819308, 2.356653 41.819345, 2.356653 41.819397, 2.35665 41.819444, 2.356628 41.819494, 2.356613 41.819539, 2.356593 41.819594, 2.356565 41.819637, 2.356557 41.819692, 2.356544 41.819742, 2.356521 41.819792, 2.356481 41.81984, 2.356461 41.819902, 2.356441 41.819945, 2.356391 41.819985, 2.356354 41.820035, 2.356312 41.820075, 2.356292 41.820128, 2.356247 41.820175, 2.356195 41.820198, 2.356137 41.820235, 2.356097 41.820273, 2.356072 41.820316, 2.356 41.820348, 2.355942 41.820383)"
443,1.42,14.0,Less than 15 min/km,#AC1754,2.25,0.14,2.1,1.5,Less than 7.5%,#77E4C8,"LINESTRING (2.355942 41.820383, 2.355869 41.820416, 2.355797 41.820441, 2.355724 41.820448, 2.355661 41.820468, 2.355589 41.820473, 2.355526 41.820483, 2.355468 41.8205, 2.355411 41.82053, 2.355358 41.820558, 2.355288 41.820581, 2.355228 41.820609, 2.35513 41.820639, 2.355082 41.820674, 2.355032 41.820704, 2.354979 41.820729, 2.354927 41.820752, 2.354857 41.820784, 2.3548 41.820824, 2.354792 41.820937, 2.354954 41.820999, 2.354932 41.821076)"
217,0.73,59.66,More than 45 min/km,#F7A8C4,4.11,0.07,0.0,0.0,Less than 7.5%,#77E4C8,"LINESTRING (2.354932 41.821076, 2.354894 41.821113, 2.354891 41.821183, 2.354884 41.821251, 2.354942 41.821238, 2.354915 41.821185, 2.354908 41.821138, 2.354955 41.821065, 2.354858 41.820987, 2.354756 41.820879)"
446,0.61,32.58,From 30 to 45 min/km,#F37199,6.72,0.21,15.5,7.38,Less than 7.5%,#77E4C8,"LINESTRING (2.354756 41.820879, 2.354609 41.820802, 2.354531 41.820764, 2.354381 41.820737, 2.354254 41.820749, 2.354101 41.820772, 2.353953 41.820799, 2.353863 41.820869, 2.35382 41.820907, 2.353665 41.820994, 2.35348 41.820977, 2.353358 41.820922, 2.353283 41.82085, 2.353156 41.820822, 2.353058 41.820814, 2.353001 41.820791, 2.352896 41.820711, 2.352844 41.820744, 2.352772 41.820854, 2.352704 41.820952)"
219,1.23,28.84,From 15 to 30 min/km,#E53888,1.6,0.06,0.0,0.0,Less than 7.5%,#77E4C8,"LINESTRING (2.352704 41.820952, 2.352686 41.821, 2.352631 41.821033, 2.352589 41.821078, 2.352541 41.821113, 2.352524 41.821163, 2.352469 41.8212, 2.352427 41.821285, 2.352444 41.821337)"
216,0.46,538.0,More than 45 min/km,#F7A8C4,21.82,0.04,0.0,0.0,Less than 7.5%,#77E4C8,"LINESTRING (2.352444 41.821337, 2.352481 41.821457, 2.352428 41.821375, 2.352421 41.821265, 2.352479 41.821198)"
219,1.27,13.99,Less than 15 min/km,#AC1754,0.78,0.05,13.5,27.0,More than 22.5%,#4535C1,"LINESTRING (2.352479 41.821198, 2.352542 41.821138, 2.352595 41.821086, 2.352635 41.821048, 2.352668 41.820985, 2.35269 41.820942, 2.352717 41.820892, 2.352744 41.820842, 2.352742 41.820784)"
424,1.5,12.46,Less than 15 min/km,#AC1754,12.35,0.99,90.0,9.09,From 7.5% to 15%,#36C2CE,"LINESTRING (2.352742 41.820784, 2.352725 41.820741, 2.352765 41.820693, 2.352797 41.820645, 2.352832 41.820603, 2.352842 41.820556, 2.35285 41.820509, 2.352883 41.820466, 2.35293 41.820413, 2.352968 41.820376, 2.353001 41.820334, 2.353061 41.820312, 2.353128 41.820294, 2.353183 41.820244, 2.353221 41.820201, 2.353273 41.820159, 2.35333 41.820134, 2.353385 41.820101, 2.353448 41.820051, 2.353506 41.820021, 2.353538 41.819973, 2.353578 41.819933, 2.353623 41.819898, 2.353668 41.819868, 2.353716 41.81983, 2.353776 41.819787, 2.353826 41.819744, 2.353919 41.819677, 2.353971 41.81964, 2.354041 41.819593, 2.354108 41.819558, 2.354206 41.819513, 2.354259 41.819481, 2.354314 41.819444, 2.354357 41.819399, 2.354407 41.819364, 2.354405 41.819312, 2.354382 41.819259, 2.354419 41.819216, 2.354399 41.819169, 2.354401 41.819089, 2.354399 41.819009, 2.354421 41.818954, 2.354438 41.818901, 2.35445 41.818849, 2.354452 41.818797, 2.354469 41.818719, 2.354516 41.818674, 2.354524 41.818624, 2.354547 41.818561, 2.35458 41.818513, 2.354592 41.818466, 2.354627 41.818398, 2.354637 41.818341, 2.354619 41.818289, 2.354596 41.818237, 2.354563 41.818189, 2.354506 41.818139, 2.354498 41.818091, 2.354501 41.818034, 2.354521 41.817984, 2.354538 41.817937, 2.354536 41.817885, 2.354543 41.817837, 2.354561 41.817784, 2.354581 41.817741, 2.354596 41.817693, 2.354621 41.817608, 2.354626 41.817558, 2.354634 41.817506, 2.354634 41.817456, 2.354636 41.817411, 2.354636 41.817359, 2.354656 41.817302, 2.354656 41.817255, 2.354704 41.817213, 2.354737 41.81716, 2.354789 41.817122, 2.354832 41.817085, 2.354884 41.817052, 2.354932 41.817009, 2.354972 41.816957, 2.355 41.81691, 2.355055 41.816868, 2.355073 41.81682, 2.355081 41.816763, 2.355104 41.816718, 2.355122 41.816675, 2.355142 41.816632, 2.35517 41.816592, 2.355175 41.816519, 2.35516 41.816472, 2.355138 41.816427, 2.355123 41.816382, 2.355116 41.816329, 2.355101 41.816284, 2.355089 41.816231, 2.355089 41.816178, 2.355102 41.816126, 2.355107 41.816078, 2.35515 41.816031, 2.355197 41.815991, 2.355292 41.815894, 2.355344 41.815854, 2.355399 41.815829, 2.355442 41.815796, 2.355499 41.815758, 2.355557 41.81573, 2.355609 41.815688, 2.355651 41.81565, 2.355703 41.815602, 2.355746 41.815552, 2.355781 41.815509, 2.355834 41.815477, 2.355889 41.815439, 2.355941 41.815394, 2.355986 41.815364, 2.356038 41.815336, 2.356096 41.815313, 2.356134 41.815276, 2.356157 41.815221, 2.356129 41.815173, 2.356087 41.815128, 2.356024 41.8151, 2.355974 41.815067, 2.355997 41.815022, 2.355989 41.814975, 2.355996 41.814928, 2.355994 41.814878, 2.356031 41.814818, 2.356066 41.814776, 2.356093 41.814734, 2.356131 41.814696, 2.356139 41.814641, 2.356159 41.814588, 2.356177 41.814535, 2.356212 41.81449, 2.356279 41.814435, 2.356336 41.814372, 2.356408 41.814329, 2.356466 41.814311, 2.356529 41.814286, 2.356596 41.814254, 2.356673 41.814232, 2.356756 41.814232, 2.356829 41.81421, 2.356892 41.814187, 2.356925 41.814144, 2.35698 41.814122, 2.357018 41.814079, 2.357043 41.814037, 2.357086 41.813994, 2.357124 41.813947, 2.357164 41.813895, 2.357206 41.81385, 2.357268 41.81379, 2.357316 41.813757, 2.357363 41.813724, 2.357415 41.813674, 2.357455 41.813629, 2.357487 41.813584)"
425,1.7,10.39,Less than 15 min/km,#AC1754,5.38,0.5,15.2,3.04,Less than 7.5%,#77E4C8,"LINESTRING (2.357487 41.813584, 2.357489 41.813531, 2.357387 41.813486, 2.357189 41.813469, 2.357044 41.813464, 2.356977 41.813474, 2.356897 41.813472, 2.356814 41.813487, 2.356694 41.813494, 2.356614 41.813492, 2.356529 41.813505, 2.356452 41.813518, 2.356377 41.813536, 2.356327 41.813564, 2.356165 41.813626, 2.356105 41.813633, 2.35602 41.813661, 2.35596 41.813678, 2.355897 41.813688, 2.35583 41.813686, 2.35575 41.813674, 2.35568 41.813684, 2.355453 41.813692, 2.355378 41.813702, 2.355308 41.81371, 2.355241 41.81373, 2.355164 41.813723, 2.355112 41.8137, 2.35499 41.813592, 2.354968 41.81353, 2.354953 41.813472, 2.354931 41.81342, 2.354919 41.813368, 2.354927 41.813311, 2.354934 41.813258, 2.354929 41.813163, 2.354912 41.813106, 2.354897 41.813038, 2.354865 41.812988, 2.354848 41.812941, 2.354825 41.812888, 2.354797 41.812823, 2.354782 41.812761, 2.354742 41.812601, 2.35472 41.812544, 2.354685 41.812499, 2.354678 41.812452, 2.354656 41.812397, 2.354623 41.812355, 2.354591 41.81231, 2.354516 41.812175, 2.354509 41.812122, 2.354507 41.812075, 2.354509 41.812028, 2.354531 41.811981, 2.354573 41.811936, 2.35463 41.811899, 2.354695 41.811869, 2.35473 41.811824, 2.354773 41.811787, 2.354806 41.811749, 2.354856 41.811704, 2.354903 41.811666, 2.354938 41.811626, 2.354961 41.811566, 2.355003 41.811521, 2.355041 41.811449, 2.355078 41.811407, 2.355115 41.811362, 2.35516 41.811299)"
1864,1.55,11.18,Less than 15 min/km,#AC1754,3.17,0.28,18.3,6.54,Less than 7.5%,#77E4C8,"LINESTRING (2.35516 41.811299, 2.355197 41.811254, 2.355235 41.811212, 2.35532 41.811157, 2.355365 41.811127, 2.35541 41.811094, 2.355458 41.811059, 2.355513 41.811026, 2.35555 41.810986, 2.355675 41.810918, 2.355702 41.810871, 2.355755 41.810808, 2.355772 41.810748, 2.355812 41.810676, 2.355822 41.810621, 2.355805 41.810513, 2.355783 41.81045, 2.355761 41.8104, 2.355738 41.81035, 2.355705 41.810265, 2.35571 41.810207, 2.355732 41.810162, 2.355775 41.810125, 2.355828 41.8101, 2.355891 41.810073, 2.355956 41.810048, 2.356006 41.81001, 2.356061 41.809987, 2.356121 41.809975, 2.356189 41.809958, 2.356269 41.809931, 2.356332 41.809909, 2.356395 41.809891, 2.356458 41.809863, 2.356541 41.809828, 2.356603 41.8098, 2.35666 41.809782, 2.356723 41.809764, 2.356811 41.809767, 2.356909 41.809774, 2.357037 41.809774, 2.357169 41.809689)"
417,1.42,65.02,More than 45 min/km,#F7A8C4,4.23,0.06,5.2,8.67,From 7.5% to 15%,#36C2CE,"LINESTRING (2.357169 41.809689, 2.357131 41.809651, 2.357033 41.809616, 2.357116 41.809606, 2.357014 41.809564, 2.356951 41.809544, 2.356873 41.809502, 2.35681 41.809487, 2.356732 41.809485)"
419,1.72,10.04,Less than 15 min/km,#AC1754,6.47,0.64,37.9,5.92,Less than 7.5%,#77E4C8,"LINESTRING (2.356732 41.809485, 2.356652 41.809497, 2.356595 41.809534, 2.35654 41.809557, 2.356472 41.809585, 2.356372 41.809608, 2.356309 41.809626, 2.356231 41.809644, 2.356169 41.809647, 2.356101 41.80964, 2.356029 41.80962, 2.355961 41.809613, 2.355888 41.809611, 2.355816 41.809631, 2.355646 41.809628, 2.355566 41.809651, 2.355498 41.809653, 2.355411 41.809686, 2.355351 41.809704, 2.355294 41.809722, 2.355142 41.809787, 2.35508 41.809815, 2.355008 41.80983, 2.354963 41.809867, 2.354965 41.809959, 2.354965 41.810021, 2.354963 41.810081, 2.354953 41.810148, 2.354935 41.810206, 2.354912 41.810266, 2.354894 41.810311, 2.354872 41.810354, 2.354832 41.810389, 2.354797 41.810432, 2.354755 41.81048, 2.35471 41.810532, 2.354678 41.810575, 2.354636 41.810618, 2.354571 41.810651, 2.354519 41.810683, 2.354466 41.810726, 2.354431 41.810764, 2.354381 41.810792, 2.354334 41.810832, 2.354262 41.810877, 2.354194 41.810902, 2.354139 41.810927, 2.354092 41.810957, 2.354002 41.810967, 2.353944 41.811004, 2.353886 41.811034, 2.353819 41.811069, 2.353771 41.811101, 2.353718 41.811138, 2.353666 41.811175, 2.353613 41.811207, 2.353558 41.811244, 2.353505 41.811271, 2.353467 41.811308, 2.353414 41.811335, 2.353356 41.81136, 2.353296 41.811398, 2.353234 41.811425, 2.353174 41.811458, 2.353107 41.811465, 2.353012 41.811467, 2.352929 41.811462, 2.352842 41.811437, 2.352765 41.811409, 2.352675 41.811384, 2.352597 41.811372, 2.352534 41.811374, 2.352466 41.811387, 2.352399 41.811429, 2.352364 41.811479, 2.352342 41.811522, 2.352305 41.811574, 2.352252 41.811619, 2.352205 41.811661, 2.35216 41.811699, 2.352125 41.811744, 2.35208 41.811809, 2.352047 41.811854, 2.352019 41.811909, 2.352021 41.811962, 2.352029 41.812017, 2.352034 41.81207, 2.352037 41.812115, 2.352034 41.812165, 2.352032 41.812218, 2.352035 41.812266, 2.35204 41.812321, 2.352018 41.812366, 2.351998 41.812413, 2.351971 41.812458, 2.351931 41.812498, 2.351903 41.812548, 2.351851 41.812593, 2.351798 41.81262, 2.351726 41.81263, 2.351673 41.812607, 2.351663 41.812557)"
411,1.64,10.4,Less than 15 min/km,#AC1754,3.48,0.33,27.2,8.24,From 7.5% to 15%,#36C2CE,"LINESTRING (2.351663 41.812557, 2.351671 41.812489, 2.351674 41.812429, 2.351679 41.812384, 2.351671 41.812329, 2.351656 41.812272, 2.351646 41.812225, 2.351618 41.812177, 2.351588 41.812129, 2.351551 41.812077, 2.351499 41.812049, 2.351434 41.812016, 2.351364 41.811989, 2.351299 41.811966, 2.351226 41.811951, 2.351168 41.811929, 2.351106 41.811902, 2.351046 41.811887, 2.350994 41.81185, 2.350951 41.811812, 2.350919 41.811762, 2.350901 41.811689, 2.350923 41.811637, 2.350926 41.811582, 2.350936 41.81153, 2.350956 41.811475, 2.350979 41.81143, 2.351006 41.81138, 2.351023 41.811335, 2.351026 41.81128, 2.351019 41.811228, 2.351004 41.811183, 2.350982 41.811133, 2.350969 41.811081, 2.350939 41.811031, 2.350891 41.810998, 2.350824 41.810963, 2.350769 41.810936, 2.350692 41.810914, 2.350629 41.810896, 2.350557 41.810879, 2.35049 41.810869, 2.350422 41.810859, 2.350364 41.810844, 2.350292 41.810819, 2.350229 41.810782, 2.350197 41.810742, 2.350179 41.810687, 2.350212 41.810604, 2.350247 41.810559, 2.350294 41.810522, 2.350336 41.810472, 2.350376 41.81042, 2.350426 41.810382, 2.350458 41.810339, 2.350483 41.810296)"
263,1.82,9.6,Less than 15 min/km,#AC1754,6.45,0.67,4.4,0.66,Less than 7.5%,#77E4C8,"LINESTRING (2.350483 41.810296, 2.350525 41.810234, 2.350538 41.810189, 2.350565 41.810144, 2.35059 41.810091, 2.35062 41.810029, 2.350633 41.809972, 2.350641 41.80992, 2.350649 41.809862, 2.350654 41.809809, 2.350649 41.809761, 2.350636 41.809701, 2.350639 41.809643, 2.350642 41.809591, 2.350632 41.809546, 2.35063 41.809498, 2.350633 41.809448, 2.350631 41.809403, 2.350626 41.809353, 2.350643 41.809296, 2.350656 41.809238, 2.350661 41.809188, 2.350676 41.809136, 2.350694 41.809086, 2.350726 41.809039, 2.350758 41.809001, 2.350791 41.808954, 2.350819 41.808901, 2.350857 41.808866, 2.350895 41.808829, 2.35093 41.808784, 2.350965 41.808724, 2.350967 41.808677, 2.350955 41.80863, 2.35094 41.808582, 2.350933 41.808525, 2.350925 41.808473, 2.350933 41.808423, 2.350931 41.808378, 2.350924 41.808328, 2.350927 41.80827, 2.350937 41.808213, 2.350954 41.808163, 2.350959 41.808113, 2.350979 41.808058, 2.351012 41.808018, 2.351054 41.807976, 2.351074 41.807923, 2.351089 41.807866, 2.351116 41.807814, 2.351144 41.807761, 2.351166 41.807713, 2.351191 41.807658, 2.351223 41.807601, 2.351228 41.807543, 2.351226 41.807483, 2.351233 41.807428, 2.351236 41.807373, 2.351248 41.8073, 2.351246 41.807245, 2.351254 41.807195, 2.351247 41.807145, 2.35124 41.807088, 2.351245 41.80704, 2.351238 41.806988, 2.351233 41.80693, 2.35123 41.806885, 2.351238 41.806828, 2.351236 41.806776, 2.351238 41.806704, 2.351231 41.806641, 2.351216 41.806589, 2.351204 41.806499, 2.351204 41.806439, 2.351207 41.806387, 2.351217 41.806337, 2.351207 41.806247, 2.351192 41.806189, 2.351194 41.806136, 2.351201 41.806079, 2.351198 41.806017, 2.351206 41.805972, 2.351213 41.805915, 2.351226 41.805853, 2.351224 41.805798, 2.351232 41.805745, 2.351242 41.805687, 2.351255 41.805629, 2.35127 41.805569, 2.35129 41.805516, 2.351297 41.805464, 2.35133 41.805417, 2.351347 41.805359, 2.351374 41.805307, 2.351394 41.805264, 2.351407 41.805216, 2.351422 41.805166, 2.351439 41.805113, 2.351462 41.805056, 2.351482 41.805003, 2.351499 41.804958, 2.351514 41.804885, 2.351576 41.804782, 2.351608 41.80474, 2.351655 41.804685, 2.351688 41.804645, 2.351713 41.804592, 2.35172 41.804545, 2.351687 41.804458)"
261,1.75,13.28,Less than 15 min/km,#AC1754,6.84,0.47,0.0,0.0,Less than 7.5%,#77E4C8,"LINESTRING (2.351687 41.804458, 2.351624 41.804431, 2.351579 41.804393, 2.351526 41.804355, 2.351483 41.804318, 2.351431 41.804283, 2.351384 41.804253, 2.351316 41.804231, 2.351276 41.804191, 2.351279 41.804146, 2.351251 41.804099, 2.351206 41.804046, 2.351159 41.804006, 2.351092 41.803989, 2.351029 41.803942, 2.350994 41.8039, 2.350949 41.803853, 2.350909 41.803808, 2.350896 41.803751, 2.350854 41.803718, 2.350824 41.803671, 2.350774 41.803624, 2.350739 41.803577, 2.350696 41.803519, 2.350648 41.803466, 2.350586 41.803423, 2.350536 41.803381, 2.350481 41.803344, 2.350433 41.803314, 2.350371 41.803294, 2.350311 41.803271, 2.350234 41.803238, 2.350186 41.803203, 2.350168 41.803148, 2.350126 41.803105, 2.350063 41.803043, 2.35004 41.80299, 2.349985 41.802943, 2.34993 41.802901, 2.3499 41.802849, 2.349865 41.802719, 2.349842 41.802667, 2.3498 41.802634, 2.349738 41.802589, 2.34968 41.802562, 2.349628 41.802537, 2.34959 41.802492, 2.349468 41.802412, 2.349405 41.802392, 2.34934 41.802374, 2.349293 41.802299, 2.349261 41.802249, 2.349191 41.802241, 2.349116 41.802231, 2.349084 41.802189, 2.349071 41.802141, 2.349003 41.802029, 2.348991 41.801979, 2.348983 41.801854, 2.348995 41.801801, 2.348883 41.801729, 2.348695 41.801667, 2.348595 41.801642, 2.348492 41.801564, 2.348572 41.801499, 2.34857 41.801432, 2.348567 41.801372)"
258,1.13,32.64,From 30 to 45 min/km,#F37199,1.76,0.06,0.0,0.0,Less than 7.5%,#77E4C8,"LINESTRING (2.348567 41.801372, 2.348499 41.801364, 2.348412 41.801359, 2.348302 41.801317, 2.348244 41.801297, 2.348137 41.801267, 2.348105 41.801229, 2.348043 41.801181, 2.34797 41.801174)"
257,1.33,13.25,Less than 15 min/km,#AC1754,0.64,0.05,0.0,0.0,Less than 7.5%,#77E4C8,"LINESTRING (2.34797 41.801174, 2.347907 41.801181, 2.34779 41.801191, 2.347717 41.801169, 2.347657 41.801147, 2.347629 41.801104, 2.347642 41.801039, 2.347579 41.801012)"
1257,1.29,21.24,From 15 to 30 min/km,#E53888,0.88,0.04,0.0,0.0,Less than 7.5%,#77E4C8,"LINESTRING (2.347579 41.801012, 2.347514 41.801035, 2.347459 41.801057, 2.347394 41.80106, 2.347226 41.801135, 2.347156 41.801142)"
