id,lat,lon,elev,elev_diff,dist_diff,time_diff,speed,pace,elap_elev_gain,elap_dist,elap_time,edge_id,osm_lat,osm_lon
1,41.803563,2.346406,1123.7,0.0,0.0,0.0,0.0,0.0,0.0,0.0,0.0,409,41.803529,2.3463939
2,41.803548,2.346465,1124.9,1.2,5.18,17.0,0.3,55.56,1.2,0.01,0.28,409,41.803509,2.346451
3,41.803507,2.34651,1125.4,0.5,5.89,7.0,0.84,19.84,1.7,0.01,0.4,409,41.80349,2.3465039
4,41.803473,2.346564,1126.1,0.7,5.87,6.0,0.98,17.01,2.4,0.02,0.5,409,41.803468,2.3465623
5,41.803448,2.346617,1126.9,0.8,5.21,27.0,0.19,87.72,3.2,0.02,0.95,409,41.803448,2.3466172
6,41.803439,2.34668,1128.2,1.3,5.33,3.0,1.78,9.36,4.5,0.03,1.0,409,41.803427,2.3466756
7,41.803416,2.346734,1129.0,0.8,5.16,3.0,1.72,9.69,5.3,0.03,1.05,409,41.803407,2.3467307
8,41.803397,2.346811,1130.4,1.4,6.74,3.0,2.25,7.41,6.7,0.04,1.1,409,41.80338,2.3468047
9,41.803379,2.346873,1131.4,1.0,5.53,5.0,1.11,15.02,7.7,0.04,1.18,409,41.803358,2.3468652
10,41.80336,2.346929,1132.2,0.8,5.11,13.0,0.39,42.74,8.5,0.05,1.4,409,41.803337,2.3469207
11,41.803326,2.346971,1132.6,0.4,5.14,28.0,0.18,92.59,8.9,0.06,1.87,409,41.80332,2.3469687
12,41.803287,2.347013,1133.6,1.0,5.56,3.0,1.85,9.01,9.9,0.06,1.92,409,41.803301,2.3470192
13,41.803244,2.347051,1134.4,0.8,5.73,3.0,1.91,8.73,10.7,0.07,1.97,409,41.803279,2.3470668
14,41.803184,2.347083,1135.0,0.6,7.18,3.0,2.39,6.97,11.3,0.07,2.02,409,41.80323,2.3471308
15,41.803134,2.347099,1135.2,0.2,5.71,2.0,2.86,5.83,11.5,0.08,2.05,409,41.803175,2.3471716
16,41.803086,2.347113,1135.4,0.2,5.46,4.0,1.36,12.25,11.7,0.08,2.12,409,41.803088,2.3471927
17,41.803033,2.347119,1135.9,0.5,5.91,5.0,1.18,14.12,12.2,0.09,2.2,409,41.802994,2.3471584
18,41.802987,2.34711,1136.8,0.9,5.16,7.0,0.74,22.52,13.1,0.1,2.32,409,41.802966,2.3471252
19,41.802958,2.347061,1136.2,-0.6,5.19,10.0,0.52,32.05,13.1,0.1,2.48,409,41.80294,2.3470666
20,41.802933,2.34701,1135.4,-0.8,5.07,9.0,0.56,29.76,13.1,0.11,2.63,409,41.802924,2.3470125
21,41.802905,2.346957,1134.6,-0.8,5.39,4.0,1.35,12.35,13.1,0.11,2.7,409,41.802909,2.346956
22,41.802877,2.346908,1133.8,-0.8,5.12,7.0,0.73,22.83,13.1,0.12,2.82,409,41.802888,2.3469036
23,41.802844,2.346857,1133.0,-0.8,5.6,5.0,1.12,14.88,13.1,0.12,2.9,409,41.802861,2.3468481
24,41.802813,2.346807,1132.0,-1.0,5.4,7.0,0.77,21.65,13.1,0.13,3.02,409,41.802828,2.3467965
25,41.802779,2.346762,1131.1,-0.9,5.31,5.0,1.06,15.72,13.1,0.13,3.1,409,41.802793,2.3467493
26,41.802742,2.346721,1130.7,-0.4,5.34,9.0,0.59,28.25,13.1,0.14,3.25,409,41.802757,2.346708
27,41.802689,2.346692,1131.1,0.4,6.36,3.0,2.12,7.86,13.5,0.14,3.3,409,41.802705,2.3466662
28,41.80264,2.346675,1131.7,0.6,5.62,4.0,1.4,11.9,14.1,0.15,3.37,409,41.802643,2.3466389
29,41.802583,2.346667,1132.9,1.2,6.37,4.0,1.59,10.48,15.3,0.16,3.43,409,41.802581,2.3466381
30,41.802537,2.346674,1134.3,1.4,5.14,5.0,1.03,16.18,16.7,0.16,3.52,409,41.802533,2.3466441
31,41.802483,2.346693,1135.6,1.3,6.2,7.0,0.89,18.73,18.0,0.17,3.63,409,41.802469,2.3466687
32,41.802439,2.346727,1136.1,0.5,5.65,7.0,0.81,20.58,18.5,0.17,3.75,409,41.80242,2.346701
33,41.802394,2.346757,1136.4,0.3,5.59,7.0,0.8,20.83,18.8,0.18,3.87,409,41.802376,2.346737
34,41.802347,2.346791,1136.8,0.4,5.94,6.0,0.99,16.84,19.2,0.19,3.97,409,41.802333,2.3467767
35,41.802304,2.346832,1137.5,0.7,5.87,5.0,1.17,14.25,19.9,0.19,4.05,409,41.80229,2.3468181
36,41.802264,2.346875,1138.4,0.9,5.7,5.0,1.14,14.62,20.8,0.2,4.13,409,41.802248,2.3468589
37,41.802228,2.346912,1139.0,0.6,5.04,9.0,0.56,29.76,21.4,0.2,4.28,409,41.802211,2.3468948
38,41.80219,2.34695,1139.8,0.8,5.27,4.0,1.32,12.63,22.2,0.21,4.35,409,41.802173,2.3469322
39,41.802153,2.346986,1140.6,0.8,5.08,4.0,1.27,13.12,23.0,0.21,4.42,409,41.802136,2.3469682
40,41.802116,2.347023,1141.5,0.9,5.13,6.0,0.86,19.38,23.9,0.22,4.52,409,41.802098,2.3470041
41,41.802067,2.347064,1142.3,0.8,6.42,7.0,0.92,18.12,24.7,0.22,4.63,409,41.802052,2.347048
42,41.802027,2.347099,1142.9,0.6,5.31,5.0,1.06,15.72,25.3,0.23,4.72,409,41.802013,2.3470846
43,41.801986,2.347145,1143.9,1.0,5.95,8.0,0.74,22.52,26.3,0.23,4.85,409,41.801969,2.3471269
44,41.801945,2.347188,1144.8,0.9,5.79,5.0,1.16,14.37,27.2,0.24,4.93,409,41.801931,2.3471991
45,41.801899,2.347234,1145.6,0.8,6.38,6.0,1.06,15.72,28.0,0.25,5.03,6,41.801878,2.3472111
46,41.80186,2.347268,1145.9,0.3,5.17,6.0,0.86,19.38,28.3,0.25,5.13,6,41.80184,2.3472458
47,41.801822,2.347303,1146.3,0.4,5.13,8.0,0.64,26.04,28.7,0.26,5.27,6,41.801803,2.3472776
48,41.801781,2.347344,1146.7,0.4,5.69,5.0,1.14,14.62,29.1,0.26,5.35,6,41.801757,2.3473123
49,41.801739,2.347375,1146.9,0.2,5.33,12.0,0.44,37.88,29.3,0.27,5.55,6,41.80172,2.3473371
50,41.801692,2.347388,1146.5,-0.4,5.33,7.0,0.76,21.93,29.3,0.27,5.67,6,41.801679,2.3473569
51,41.801634,2.347401,1146.5,0.0,6.53,5.0,1.31,12.72,29.3,0.28,5.75,6,41.801629,2.3473719
52,41.801588,2.347409,1146.6,0.1,5.15,4.0,1.29,12.92,29.4,0.29,5.82,6,41.801585,2.3473776
53,41.80154,2.347415,1146.7,0.1,5.35,8.0,0.67,24.88,29.5,0.29,5.95,6,41.801537,2.3473818
54,41.801494,2.347418,1146.7,0.0,5.12,7.0,0.73,22.83,29.5,0.3,6.07,6,41.801494,2.3473827
55,41.801446,2.3474,1146.3,-0.4,5.54,4.0,1.38,12.08,29.5,0.3,6.13,6,41.801446,2.3473832
56,41.801401,2.347385,1145.9,-0.4,5.15,6.0,0.86,19.38,29.5,0.31,6.23,6,41.801401,2.3473838
57,41.801337,2.347358,1145.6,-0.3,7.45,3.0,2.48,6.72,29.5,0.31,6.28,6,41.801338,2.3473859
58,41.801286,2.347338,1145.6,0.0,5.9,3.0,1.97,8.46,29.5,0.32,6.33,6,41.801288,2.3473876
59,41.801239,2.347326,1145.8,0.2,5.31,4.0,1.33,12.53,29.7,0.33,6.4,6,41.801241,2.3473892
60,41.801184,2.347314,1146.1,0.3,6.19,5.0,1.24,13.44,30.0,0.33,6.48,6,41.801159,2.3473243
61,41.801136,2.347297,1146.5,0.4,5.52,4.0,1.38,12.08,30.4,0.34,6.55,6,41.801143,2.3472962
62,41.801096,2.34727,1146.8,0.3,4.98,6.0,0.83,20.08,30.7,0.34,6.65,6,41.801069,2.3472789
63,41.801052,2.347295,1146.7,-0.1,5.31,64.0,0.08,208.33,30.7,0.35,7.72,6,41.801072,2.3472883
64,41.801063,2.347365,1146.2,-0.5,5.94,21.0,0.28,59.52,30.7,0.35,8.07,6,41.801052,2.3473567
65,41.801053,2.347429,1145.7,-0.5,5.43,7.0,0.78,21.37,30.7,0.36,8.18,1257,41.801052,2.3474268
66,41.801022,2.347492,1144.8,-0.9,6.27,4.0,1.57,10.62,30.7,0.36,8.25,1257,41.800997,2.3474744
67,41.801007,2.347553,1144.5,-0.3,5.34,5.0,1.07,15.58,30.7,0.37,8.33,1257,41.800963,2.3475345
68,41.800984,2.347607,1144.0,-0.5,5.16,5.0,1.03,16.18,30.7,0.38,8.42,505,41.800945,2.3476121
69,41.800963,2.347667,1143.5,-0.5,5.51,4.0,1.38,12.08,30.7,0.38,8.48,505,41.800953,2.3476684
70,41.800957,2.347734,1143.2,-0.3,5.61,4.0,1.4,11.9,30.7,0.39,8.55,505,41.800961,2.3477334
71,41.800965,2.347799,1143.2,0.0,5.47,5.0,1.09,15.29,30.7,0.39,8.63,505,41.800965,2.347799
72,41.800994,2.347743,1144.1,0.9,5.66,61.0,0.09,185.19,31.6,0.4,9.65,257,41.800983,2.3477376
73,41.801034,2.347692,1145.0,0.9,6.14,13.0,0.47,35.46,32.5,0.4,9.87,257,41.801017,2.347679
74,41.801078,2.347732,1146.1,1.1,5.91,28.0,0.21,79.37,33.6,0.41,10.33,257,41.801133,2.3477106
75,41.801122,2.347776,1147.2,1.1,6.1,19.0,0.32,52.08,34.7,0.42,10.65,257,41.801154,2.3477637
76,41.801127,2.347842,1147.6,0.4,5.51,17.0,0.32,52.08,35.1,0.42,10.93,257,41.801177,2.3478228
77,41.801123,2.347909,1147.8,0.2,5.59,6.0,0.93,17.92,35.3,0.43,11.03,257,41.801167,2.3479202
78,41.801132,2.347986,1148.4,0.6,6.48,18.0,0.36,46.3,35.9,0.43,11.33,257,41.801146,2.3479938
79,41.80117,2.348043,1149.8,1.4,6.34,6.0,1.06,15.72,37.3,0.44,11.43,258,41.801167,2.3480437
80,41.801205,2.348095,1151.3,1.5,5.81,19.0,0.31,53.76,38.8,0.45,11.75,258,41.80119,2.3481088
81,41.801242,2.348187,1153.4,2.1,8.68,12.0,0.72,23.15,40.9,0.45,11.95,258,41.801247,2.3481858
82,41.80127,2.348249,1155.1,1.7,6.02,10.0,0.6,27.78,42.6,0.46,12.12,258,41.801263,2.3482507
83,41.801296,2.348305,1157.0,1.9,5.48,6.0,0.91,18.32,44.5,0.47,12.22,258,41.801277,2.3483096
84,41.80132,2.348363,1159.1,2.1,5.51,5.0,1.1,15.15,46.6,0.47,12.3,258,41.801301,2.3483726
85,41.801338,2.348425,1161.2,2.1,5.53,13.0,0.43,38.76,48.7,0.48,12.52,258,41.80133,2.3484292
86,41.80135,2.348508,1163.5,2.3,7.03,5.0,1.41,11.82,51.0,0.48,12.6,258,41.80134,2.3485083
87,41.801356,2.348575,1165.2,1.7,5.61,8.0,0.7,23.81,52.7,0.49,12.73,258,41.801342,2.3485754
88,41.801391,2.348634,1168.5,3.3,6.26,7.0,0.89,18.73,56.0,0.5,12.85,258,41.801403,2.3486355
89,41.801438,2.348649,1170.6,2.1,5.37,3.0,1.79,9.31,58.1,0.5,12.9,2243,41.801439,2.3486576
90,41.801486,2.348644,1172.4,1.8,5.35,3.0,1.78,9.36,59.9,0.51,12.95,2243,41.801455,2.3486316
91,41.801512,2.348572,1172.0,-0.4,6.64,65.0,0.1,166.67,59.9,0.51,14.03,2243,41.801484,2.3485607
92,41.801554,2.34854,1172.8,0.8,5.37,19.0,0.28,59.52,60.7,0.52,14.35,261,41.801571,2.3485286
93,41.801593,2.348579,1175.3,2.5,5.41,11.0,0.49,34.01,63.2,0.52,14.53,261,41.801601,2.3485733
94,41.801637,2.34862,1178.0,2.7,5.96,15.0,0.4,41.67,65.9,0.53,14.78,261,41.801631,2.3486221
95,41.801653,2.348711,1180.3,2.3,7.77,27.0,0.29,57.47,68.2,0.54,15.23,261,41.801662,2.3487083
96,41.801658,2.34878,1181.7,1.4,5.76,8.0,0.72,23.15,69.6,0.54,15.37,261,41.801682,2.348773
97,41.80167,2.348853,1183.5,1.8,6.21,20.0,0.31,53.76,71.4,0.55,15.7,261,41.801702,2.3488312
98,41.801704,2.348908,1185.7,2.2,5.93,16.0,0.37,45.05,73.6,0.56,15.97,261,41.801738,2.3488844
99,41.801753,2.348899,1187.3,1.6,5.49,3.0,1.83,9.11,75.2,0.56,16.02,261,41.80175,2.3489012
100,41.801808,2.348906,1189.4,2.1,6.14,14.0,0.44,37.88,77.3,0.57,16.25,261,41.801787,2.3489425
101,41.801869,2.348917,1191.7,2.3,6.84,20.0,0.34,49.02,79.6,0.57,16.58,261,41.801837,2.3489717
102,41.801916,2.348926,1193.5,1.8,5.27,61.0,0.09,185.19,81.4,0.58,17.6,261,41.801928,2.3489955
103,41.801968,2.348954,1195.6,2.1,6.23,2.0,3.12,5.34,83.5,0.59,17.63,261,41.801974,2.3489876
104,41.802013,2.34897,1197.0,1.4,5.17,20.0,0.26,64.1,84.9,0.59,17.97,261,41.802,2.3489876
105,41.802051,2.349011,1198.6,1.6,5.42,5.0,1.08,15.43,86.5,0.6,18.05,261,41.802045,2.3490199
106,41.80209,2.349064,1200.5,1.9,6.18,6.0,1.03,16.18,88.4,0.6,18.15,261,41.802095,2.3490569
107,41.802118,2.349116,1202.2,1.7,5.32,5.0,1.06,15.72,90.1,0.61,18.23,261,41.802139,2.3490948
108,41.802153,2.349158,1203.9,1.7,5.22,19.0,0.27,61.73,91.8,0.61,18.55,261,41.802178,2.3491332
109,41.8022,2.349203,1205.8,1.9,6.42,4.0,1.6,10.42,93.7,0.62,18.62,261,41.802224,2.3491791
110,41.802241,2.349241,1207.2,1.4,5.54,4.0,1.38,12.08,95.1,0.62,18.68,261,41.802263,2.3492185
111,41.802279,2.349275,1208.3,1.1,5.08,15.0,0.34,49.02,96.2,0.63,18.93,261,41.802299,2.3492545
112,41.802302,2.349332,1209.4,1.1,5.38,7.0,0.77,21.65,97.3,0.64,19.05,261,41.802338,2.3492912
113,41.80232,2.349387,1210.4,1.0,4.99,6.0,0.83,20.08,98.3,0.64,19.15,261,41.802375,2.3493239
114,41.802351,2.349441,1211.7,1.3,5.66,45.0,0.13,128.21,99.6,0.65,19.9,261,41.802429,2.3493932
115,41.802387,2.349478,1212.8,1.1,5.04,3.0,1.68,9.92,100.7,0.65,19.95,261,41.802455,2.3494361
116,41.802431,2.349512,1214.1,1.3,5.65,4.0,1.41,11.82,102.0,0.66,20.02,261,41.802482,2.3494804
117,41.802472,2.349546,1215.4,1.3,5.36,4.0,1.34,12.44,103.3,0.66,20.08,261,41.802509,2.3495234
118,41.802508,2.349582,1216.6,1.2,4.99,13.0,0.38,43.86,104.5,0.67,20.3,261,41.802531,2.3495728
119,41.802558,2.349666,1218.6,2.0,8.92,1.0,8.92,1.87,106.5,0.68,20.32,261,41.802567,2.3496626
120,41.802596,2.349714,1220.0,1.4,5.81,9.0,0.65,25.64,107.9,0.68,20.47,261,41.802594,2.3497151
121,41.802615,2.349771,1220.7,0.7,5.19,22.0,0.24,69.44,108.6,0.69,20.83,261,41.802623,2.3497668
122,41.802637,2.349859,1221.7,1.0,7.71,14.0,0.55,30.3,109.6,0.69,21.07,261,41.802669,2.3497916
123,41.802681,2.349895,1223.1,1.4,5.73,5.0,1.15,14.49,111.0,0.7,21.15,261,41.802719,2.3498152
124,41.802737,2.34993,1225.0,1.9,6.87,8.0,0.86,19.38,112.9,0.71,21.28,261,41.802809,2.3498857
125,41.802786,2.349955,1226.7,1.7,5.83,5.0,1.17,14.25,114.6,0.71,21.37,261,41.802834,2.3499257
126,41.802835,2.349973,1227.7,1.0,5.64,6.0,0.94,17.73,115.6,0.72,21.47,261,41.802855,2.3499606
127,41.802883,2.349989,1228.7,1.0,5.49,6.0,0.92,18.12,116.6,0.72,21.57,261,41.802875,2.3499936
128,41.802918,2.350032,1229.5,0.8,5.28,11.0,0.48,34.72,117.4,0.73,21.75,261,41.802904,2.3500405
129,41.802952,2.350078,1230.2,0.7,5.37,15.0,0.36,46.3,118.1,0.73,22.0,261,41.802934,2.3500891
130,41.802982,2.350125,1231.0,0.8,5.13,7.0,0.73,22.83,118.9,0.74,22.12,261,41.802963,2.3501367
131,41.803026,2.350183,1232.4,1.4,6.86,5.0,1.37,12.17,120.3,0.75,22.2,261,41.802997,2.3501987
132,41.80306,2.350223,1233.7,1.3,5.03,2.0,2.52,6.61,121.6,0.75,22.23,261,41.803022,2.3502438
133,41.803103,2.350253,1234.6,0.9,5.39,10.0,0.54,30.86,122.5,0.76,22.4,261,41.803044,2.350285
134,41.803149,2.350274,1235.6,1.0,5.4,7.0,0.77,21.65,123.5,0.76,22.52,261,41.80307,2.3503277
135,41.803183,2.350314,1236.5,0.9,5.03,5.0,1.01,16.5,124.4,0.77,22.6,261,41.803099,2.3503709
136,41.803216,2.350355,1237.5,1.0,5.0,8.0,0.62,26.88,125.4,0.77,22.73,261,41.803128,2.3504144
137,41.803247,2.350408,1238.7,1.2,5.59,8.0,0.7,23.81,126.6,0.78,22.87,261,41.803195,2.3504928
138,41.803275,2.350456,1240.0,1.3,5.06,5.0,1.01,16.5,127.9,0.78,22.95,261,41.803237,2.3505185
139,41.803304,2.35051,1241.5,1.5,5.52,4.0,1.38,12.08,129.4,0.79,23.02,261,41.803282,2.3505462
140,41.803333,2.350563,1243.0,1.5,5.46,4.0,1.36,12.25,130.9,0.79,23.08,261,41.803327,2.3505736
141,41.803368,2.350604,1244.0,1.0,5.17,14.0,0.37,45.05,131.9,0.8,23.32,261,41.803367,2.3506049
142,41.803395,2.350654,1244.8,0.8,5.12,4.0,1.28,13.02,132.7,0.8,23.38,261,41.803408,2.3506385
143,41.80343,2.350692,1245.9,1.1,5.01,7.0,0.72,23.15,133.8,0.81,23.5,261,41.803447,2.3506711
144,41.803464,2.350733,1247.1,1.2,5.09,4.0,1.27,13.12,135.0,0.81,23.57,261,41.803488,2.3507066
145,41.803501,2.350773,1248.3,1.2,5.29,9.0,0.59,28.25,136.2,0.82,23.72,261,41.803528,2.3507435
146,41.803548,2.350808,1250.0,1.7,5.98,5.0,1.2,13.89,137.9,0.83,23.8,261,41.803571,2.350783
147,41.80359,2.350831,1251.4,1.4,5.04,8.0,0.63,26.46,139.3,0.83,23.93,261,41.803605,2.3508145
148,41.803642,2.350851,1252.6,1.2,6.01,10.0,0.6,27.78,140.5,0.84,24.1,261,41.803646,2.3508444
149,41.803685,2.35088,1253.5,0.9,5.35,5.0,1.07,15.58,141.4,0.84,24.18,261,41.803689,2.3508735
150,41.803713,2.350931,1254.3,0.8,5.26,13.0,0.4,41.67,142.2,0.85,24.4,261,41.803731,2.3509112
151,41.803744,2.350978,1255.2,0.9,5.21,9.0,0.58,28.74,143.1,0.85,24.55,261,41.803771,2.3509482
152,41.80378,2.351014,1256.1,0.9,4.99,8.0,0.62,26.88,144.0,0.86,24.68,261,41.803802,2.3509632
153,41.803815,2.351052,1257.0,0.9,5.01,10.0,0.5,33.33,144.9,0.86,24.85,261,41.803845,2.3509819
154,41.803855,2.351083,1258.1,1.1,5.14,8.0,0.64,26.04,146.0,0.87,24.98,261,41.803916,2.3510311
155,41.803903,2.3511,1259.0,0.9,5.52,40.0,0.14,119.05,146.9,0.87,25.65,261,41.803944,2.3510647
156,41.803951,2.35113,1259.3,0.3,5.89,56.0,0.11,151.52,147.2,0.88,26.58,261,41.803979,2.3511058
157,41.803982,2.351177,1259.7,0.4,5.21,5.0,1.04,16.03,147.6,0.88,26.67,261,41.804016,2.3511483
158,41.80402,2.351221,1260.2,0.5,5.58,6.0,0.93,17.92,148.1,0.89,26.77,261,41.804054,2.3511801
159,41.804069,2.351253,1260.8,0.6,6.06,11.0,0.55,30.3,148.7,0.9,26.95,261,41.804099,2.351217
160,41.804098,2.351315,1261.6,0.8,6.08,8.0,0.76,21.93,149.5,0.9,27.08,261,41.804146,2.3512563
161,41.804145,2.35133,1262.2,0.6,5.37,9.0,0.6,27.78,150.1,0.91,27.23,261,41.804182,2.3512854
162,41.804184,2.351371,1263.1,0.9,5.51,5.0,1.1,15.15,151.0,0.91,27.32,261,41.80424,2.3513446
163,41.80422,2.351426,1264.3,1.2,6.07,5.0,1.21,13.77,152.2,0.92,27.4,261,41.804268,2.3514035
164,41.804258,2.35148,1265.6,1.3,6.16,10.0,0.62,26.88,153.5,0.93,27.57,261,41.804296,2.3514623
165,41.804284,2.351542,1266.9,1.3,5.91,5.0,1.18,14.12,154.8,0.93,27.65,261,41.804324,2.3515231
166,41.804325,2.351582,1268.4,1.5,5.64,5.0,1.13,14.75,156.3,0.94,27.73,261,41.804349,2.3515585
167,41.80437,2.351614,1270.1,1.7,5.66,6.0,0.94,17.73,158.0,0.94,27.83,261,41.804387,2.3515974
168,41.804414,2.351649,1271.8,1.7,5.69,6.0,0.95,17.54,159.7,0.95,27.93,261,41.804426,2.3516374
169,41.804454,2.351693,1273.4,1.6,5.75,6.0,0.96,17.36,161.3,0.95,28.03,261,41.804467,2.3516799
170,41.804494,2.351741,1274.9,1.5,5.97,6.0,1.0,16.67,162.8,0.96,28.13,261,41.804511,2.3517246
171,41.804535,2.351774,1276.4,1.5,5.32,5.0,1.06,15.72,164.3,0.97,28.22,262,41.804547,2.351743
172,41.80458,2.351795,1278.1,1.7,5.29,11.0,0.48,34.72,166.0,0.97,28.4,262,41.804593,2.3517603
173,41.804617,2.351838,1279.6,1.5,5.45,89.0,0.06,277.78,167.5,0.98,29.88,262,41.804651,2.3517987
174,41.804662,2.351855,1281.3,1.7,5.19,11.0,0.47,35.46,169.2,0.98,30.07,262,41.804685,2.3518284
175,41.804723,2.351921,1283.9,2.6,8.72,19.0,0.46,36.23,171.8,0.99,30.38,262,41.804751,2.3519014
176,41.804765,2.351953,1285.2,1.3,5.37,20.0,0.27,61.73,173.1,1.0,30.72,262,41.80478,2.3519426
177,41.804805,2.351987,1286.3,1.1,5.27,30.0,0.18,92.59,174.2,1.0,31.22,262,41.804809,2.3519841
178,41.804842,2.352029,1287.4,1.1,5.39,20.0,0.27,61.73,175.3,1.01,31.55,262,41.804841,2.3520295
179,41.804885,2.352057,1288.8,1.4,5.31,8.0,0.66,25.25,176.7,1.01,31.68,262,41.804874,2.3520678
180,41.804922,2.352092,1290.0,1.2,5.03,27.0,0.19,87.72,177.9,1.02,32.13,262,41.80491,2.3521041
181,41.804961,2.352142,1291.4,1.4,6.0,5.0,1.2,13.89,179.3,1.02,32.22,262,41.804954,2.352149
182,41.804995,2.352198,1292.7,1.3,5.99,4.0,1.5,11.11,180.6,1.03,32.28,262,41.804999,2.3521945
183,41.805027,2.352246,1293.8,1.1,5.34,8.0,0.67,24.88,181.7,1.03,32.42,262,41.805037,2.3522384
184,41.805062,2.352288,1294.9,1.1,5.22,8.0,0.65,25.64,182.8,1.04,32.55,262,41.805071,2.3522811
185,41.805099,2.352332,1296.1,1.2,5.5,12.0,0.46,36.23,184.0,1.04,32.75,262,41.805106,2.352326
186,41.805136,2.352371,1297.4,1.3,5.23,13.0,0.4,41.67,185.3,1.05,32.97,262,41.80514,2.3523679
187,41.805171,2.352417,1298.7,1.3,5.45,17.0,0.32,52.08,186.6,1.05,33.25,262,41.805176,2.3524131
188,41.805213,2.352454,1300.3,1.6,5.59,5.0,1.12,14.88,188.2,1.06,33.33,262,41.80521,2.3524562
189,41.805252,2.352487,1301.9,1.6,5.13,16.0,0.32,52.08,189.8,1.07,33.6,262,41.805237,2.3524949
190,41.805288,2.352526,1303.4,1.5,5.15,5.0,1.03,16.18,191.3,1.07,33.68,262,41.805262,2.3525401
191,41.805323,2.352575,1304.8,1.4,5.63,6.0,0.94,17.73,192.7,1.08,33.78,262,41.80529,2.3525927
192,41.805353,2.352622,1306.0,1.2,5.13,6.0,0.86,19.38,193.9,1.08,33.88,262,41.805317,2.3526416
193,41.80538,2.352674,1307.3,1.3,5.26,9.0,0.58,28.74,195.2,1.09,34.03,262,41.805345,2.3526931
194,41.805414,2.352731,1308.9,1.6,6.06,3.0,2.02,8.25,196.8,1.09,34.08,262,41.805376,2.3527515
195,41.805446,2.352785,1310.4,1.5,5.72,13.0,0.44,37.88,198.3,1.1,34.3,262,41.805406,2.3528066
196,41.805473,2.352835,1311.5,1.1,5.12,4.0,1.28,13.02,199.4,1.1,34.37,262,41.805433,2.3528566
197,41.805497,2.3529,1312.4,0.9,6.02,5.0,1.2,13.89,200.3,1.11,34.45,262,41.805462,2.3529164
198,41.805513,2.352963,1312.7,0.3,5.53,7.0,0.79,21.1,200.6,1.12,34.57,262,41.805488,2.3529744
199,41.805531,2.353023,1313.2,0.5,5.37,7.0,0.77,21.65,201.1,1.12,34.68,262,41.805515,2.3530306
200,41.805555,2.35308,1313.9,0.7,5.44,6.0,0.91,18.32,201.8,1.13,34.78,262,41.805543,2.3530865
201,41.805582,2.35313,1314.8,0.9,5.12,17.0,0.3,55.56,202.7,1.13,35.07,262,41.805569,2.3531367
202,41.805628,2.353162,1316.5,1.7,5.76,10.0,0.58,28.74,204.4,1.14,35.23,262,41.805593,2.3531807
203,41.805653,2.353214,1317.3,0.8,5.14,10.0,0.51,32.68,205.2,1.14,35.4,262,41.80562,2.3532316
204,41.805675,2.35327,1318.0,0.7,5.26,17.0,0.31,53.76,205.9,1.15,35.68,262,41.805653,2.3532845
205,41.805708,2.35332,1319.1,1.1,5.54,9.0,0.62,26.88,207.0,1.15,35.83,262,41.805685,2.3533347
206,41.805728,2.353376,1319.8,0.7,5.16,4.0,1.29,12.92,207.7,1.16,35.9,262,41.805717,2.3533832
207,41.805748,2.353442,1320.5,0.7,5.92,4.0,1.48,11.26,208.4,1.16,35.97,262,41.805752,2.3534403
208,41.805773,2.3535,1321.5,1.0,5.56,3.0,1.85,9.01,209.4,1.17,36.02,262,41.805775,2.3534992
209,41.805795,2.353562,1322.4,0.9,5.7,4.0,1.42,11.74,210.3,1.18,36.08,262,41.805799,2.3535606
210,41.805811,2.353623,1323.0,0.6,5.37,6.0,0.9,18.52,210.9,1.18,36.18,262,41.805814,2.3536224
211,41.805828,2.353684,1323.8,0.8,5.41,17.0,0.32,52.08,211.7,1.19,36.47,262,41.805826,2.3536843
212,41.805854,2.353735,1324.9,1.1,5.13,5.0,1.03,16.18,212.8,1.19,36.55,262,41.805836,2.3537369
213,41.805859,2.353797,1325.2,0.3,5.18,5.0,1.04,16.03,213.1,1.2,36.63,262,41.805842,2.3537988
214,41.805856,2.353863,1325.1,-0.1,5.49,8.0,0.69,24.15,213.1,1.2,36.77,262,41.805849,2.3538637
215,41.805878,2.353929,1326.2,1.1,6.0,6.0,1.0,16.67,214.2,1.21,36.87,262,41.805873,2.3539314
216,41.805907,2.353983,1327.6,1.4,5.52,8.0,0.69,24.15,215.6,1.21,37.0,262,41.805901,2.353986
217,41.805949,2.354039,1329.7,2.1,6.59,6.0,1.1,15.15,217.7,1.22,37.1,262,41.805932,2.3540475
218,41.80598,2.354085,1331.4,1.7,5.14,10.0,0.51,32.68,219.4,1.23,37.27,262,41.805957,2.3540966
219,41.806008,2.354142,1333.0,1.6,5.67,4.0,1.42,11.74,221.0,1.23,37.33,262,41.805986,2.3541533
220,41.806035,2.3542,1334.4,1.4,5.68,4.0,1.42,11.74,222.4,1.24,37.4,262,41.806003,2.3542066
221,41.806057,2.354259,1335.3,0.9,5.48,6.0,0.91,18.32,223.3,1.24,37.5,262,41.806015,2.3542676
222,41.806073,2.35432,1335.9,0.6,5.37,16.0,0.34,49.02,223.9,1.25,37.77,262,41.806034,2.354341
223,41.806089,2.354416,1336.1,0.2,8.17,14.0,0.58,28.74,224.1,1.26,38.0,262,41.806075,2.3544197
224,41.80611,2.354478,1336.8,0.7,5.66,10.0,0.57,29.24,224.8,1.26,38.17,262,41.806092,2.3544828
225,41.806132,2.354537,1337.5,0.7,5.48,39.0,0.14,119.05,225.5,1.27,38.82,262,41.806116,2.3545446
226,41.806152,2.354596,1338.0,0.5,5.38,12.0,0.45,37.04,226.0,1.27,39.02,262,41.806142,2.3546007
227,41.806192,2.354624,1339.4,1.4,5.02,6.0,0.84,19.84,227.4,1.28,39.12,262,41.80616,2.354639
228,41.806263,2.354649,1341.9,2.5,8.16,3.0,2.72,6.13,229.9,1.29,39.17,262,41.806182,2.3546867
229,41.806332,2.354717,1344.0,2.1,9.52,2.0,4.76,3.5,232.0,1.29,39.2,262,41.80622,2.354769
230,41.806378,2.354762,1345.2,1.2,6.33,2.0,3.16,5.27,233.2,1.3,39.23,262,41.806264,2.3548413
231,41.806369,2.354825,1344.2,-1.0,5.33,33.0,0.16,104.17,233.2,1.31,39.78,262,41.80629,2.3548796
232,41.806365,2.35489,1343.4,-0.8,5.42,26.0,0.21,79.37,233.2,1.31,40.22,262,41.806307,2.3549164
233,41.806397,2.354949,1344.0,0.6,6.06,27.0,0.22,75.76,233.8,1.32,40.67,262,41.806335,2.3549774
234,41.806434,2.355005,1345.4,1.4,6.21,6.0,1.03,16.18,235.2,1.32,40.77,262,41.806389,2.3550528
235,41.806468,2.355061,1347.0,1.6,5.99,3.0,2.0,8.33,236.8,1.33,40.82,262,41.806413,2.3550801
236,41.806496,2.35511,1348.2,1.2,5.12,4.0,1.28,13.02,238.0,1.34,40.88,262,41.806443,2.3551437
237,41.806516,2.355166,1349.0,0.8,5.16,5.0,1.03,16.18,238.8,1.34,40.97,262,41.806474,2.3551926
238,41.806532,2.355225,1349.5,0.5,5.22,5.0,1.04,16.03,239.3,1.35,41.05,262,41.806488,2.3552366
239,41.806551,2.355285,1350.2,0.7,5.41,4.0,1.35,12.35,240.0,1.35,41.12,262,41.806504,2.3552974
240,41.806565,2.355343,1350.8,0.6,5.06,5.0,1.01,16.5,240.6,1.36,41.2,262,41.806519,2.3553551
241,41.806566,2.355412,1350.8,0.0,5.74,8.0,0.72,23.15,240.6,1.36,41.33,262,41.806536,2.3554199
242,41.806551,2.355481,1350.2,-0.6,5.97,4.0,1.49,11.19,240.6,1.37,41.4,262,41.806538,2.355479
243,41.806533,2.355543,1349.7,-0.5,5.53,4.0,1.38,12.08,240.6,1.37,41.47,262,41.806521,2.3555385
244,41.806519,2.355602,1349.3,-0.4,5.14,4.0,1.28,13.02,240.6,1.38,41.53,262,41.806507,2.3556011
245,41.806508,2.355663,1349.0,-0.3,5.21,7.0,0.74,22.52,240.6,1.38,41.65,262,41.806503,2.3556626
246,41.806521,2.355732,1349.6,0.6,5.91,89.0,0.07,238.1,241.2,1.39,43.13,262,41.806513,2.3557349
247,41.806554,2.355786,1350.8,1.2,5.79,49.0,0.12,138.89,242.4,1.4,43.95,262,41.806534,2.3557933
248,41.806579,2.35586,1351.7,0.9,6.75,12.0,0.56,29.76,243.3,1.4,44.15,262,41.806575,2.3558653
249,41.8066,2.355914,1352.2,0.5,5.06,12.0,0.42,39.68,243.8,1.41,44.35,262,41.806617,2.3559023
250,41.806621,2.355976,1352.8,0.6,5.66,9.0,0.63,26.46,244.4,1.41,44.5,262,41.806656,2.3559682
251,41.806642,2.356036,1353.3,0.5,5.5,7.0,0.79,21.1,244.9,1.42,44.62,262,41.80667,2.3560299
252,41.806664,2.356101,1353.9,0.6,5.93,5.0,1.19,14.01,245.5,1.42,44.7,262,41.806678,2.3560997
253,41.806678,2.356164,1354.0,0.1,5.46,6.0,0.91,18.32,245.6,1.43,44.8,262,41.806684,2.3561635
254,41.80669,2.356223,1354.0,0.0,5.08,6.0,0.85,19.61,245.6,1.43,44.9,262,41.80669,2.356223
255,41.806708,2.356279,1354.1,0.1,5.06,9.0,0.56,29.76,245.7,1.44,45.05,262,41.806696,2.3562803
256,41.806728,2.356337,1354.3,0.2,5.31,4.0,1.33,12.53,245.9,1.45,45.12,262,41.806749,2.3563278
257,41.806742,2.356403,1354.4,0.1,5.7,7.0,0.81,20.58,246.0,1.45,45.23,266,41.80671,2.3564065
258,41.806758,2.356473,1355.0,0.6,6.08,5.0,1.22,13.66,246.6,1.46,45.32,266,41.806717,2.3564774
259,41.80677,2.356533,1355.6,0.6,5.16,4.0,1.29,12.92,247.2,1.46,45.38,266,41.806722,2.3565367
260,41.806766,2.356595,1355.8,0.2,5.17,3.0,1.72,9.69,247.4,1.47,45.43,266,41.806727,2.356598
261,41.806724,2.35664,1355.1,-0.7,5.98,7.0,0.85,19.61,247.4,1.47,45.55,266,41.80673,2.3566395
262,41.806774,2.356761,1356.5,1.4,11.49,956.0,0.01,1666.67,248.8,1.48,61.48,266,41.806746,2.3567473
263,41.806777,2.35683,1356.7,0.2,5.74,7.0,0.82,20.33,249.0,1.49,61.6,268,41.806745,2.3568325
264,41.806777,2.356899,1356.9,0.2,5.73,5.0,1.15,14.49,249.2,1.5,61.68,268,41.806749,2.3569004
265,41.806789,2.356963,1357.2,0.3,5.48,5.0,1.1,15.15,249.5,1.5,61.77,268,41.806753,2.3569648
266,41.806786,2.357031,1357.1,-0.1,5.66,5.0,1.13,14.75,249.5,1.51,61.85,268,41.806756,2.3570325
267,41.806788,2.3571,1357.2,0.1,5.74,6.0,0.96,17.36,249.6,1.51,61.95,268,41.80676,2.3571014
268,41.806787,2.357173,1357.2,0.0,6.07,9.0,0.67,24.88,249.6,1.52,62.1,268,41.806763,2.3571742
269,41.806792,2.357235,1357.3,0.1,5.18,8.0,0.65,25.64,249.7,1.52,62.23,268,41.806763,2.3572333
270,41.806786,2.357318,1357.5,0.2,6.93,7.0,0.99,16.84,249.9,1.53,62.35,268,41.806758,2.3573163
271,41.806783,2.35738,1357.7,0.2,5.16,7.0,0.74,22.52,250.1,1.54,62.47,268,41.806755,2.3573783
272,41.806788,2.357451,1358.0,0.3,5.93,8.0,0.74,22.52,250.4,1.54,62.6,268,41.80675,2.3574454
273,41.806782,2.357515,1358.3,0.3,5.36,8.0,0.67,24.88,250.7,1.55,62.73,268,41.80674,2.3575089
274,41.806779,2.357576,1359.1,0.8,5.08,10.0,0.51,32.68,251.5,1.55,62.9,268,41.806732,2.357569
275,41.806778,2.357639,1359.9,0.8,5.24,7.0,0.75,22.22,252.3,1.56,63.02,268,41.806722,2.3576308
276,41.806767,2.35771,1360.8,0.9,6.03,7.0,0.86,19.38,253.2,1.56,63.13,268,41.806712,2.3577019
277,41.806766,2.357779,1361.7,0.9,5.74,7.0,0.82,20.33,254.1,1.57,63.25,268,41.806702,2.3577695
278,41.806732,2.357839,1362.7,1.0,6.25,8.0,0.78,21.37,255.1,1.58,63.38,268,41.806693,2.3578332
279,41.806703,2.357897,1363.8,1.1,5.8,5.0,1.16,14.37,256.2,1.58,63.47,268,41.80668,2.3578882
280,41.806687,2.357956,1364.9,1.1,5.22,10.0,0.52,32.05,257.3,1.59,63.63,268,41.806658,2.3579449
281,41.806664,2.358012,1366.0,1.1,5.31,6.0,0.88,18.94,258.4,1.59,63.73,268,41.806636,2.3580013
282,41.806629,2.358076,1366.3,0.3,6.59,6.0,1.1,15.15,258.7,1.6,63.83,268,41.80661,2.3580687
283,41.806596,2.35812,1366.2,-0.1,5.18,4.0,1.3,12.82,258.7,1.6,63.9,268,41.806591,2.358117
284,41.806563,2.358171,1366.2,0.0,5.6,5.0,1.12,14.88,258.7,1.61,63.98,268,41.806561,2.3581701
285,41.806545,2.358228,1366.9,0.7,5.14,11.0,0.47,35.46,259.4,1.61,64.17,268,41.806533,2.3582215
286,41.806524,2.358284,1367.4,0.5,5.21,8.0,0.65,25.64,259.9,1.62,64.3,268,41.806505,2.3582733
287,41.806491,2.358343,1367.7,0.3,6.12,4.0,1.53,10.89,260.2,1.63,64.37,268,41.806474,2.358327
288,41.806456,2.358386,1367.6,-0.1,5.28,12.0,0.44,37.88,260.2,1.63,64.57,268,41.806436,2.3583678
289,41.806422,2.358437,1367.9,0.3,5.68,6.0,0.95,17.54,260.5,1.64,64.67,268,41.806394,2.3584234
290,41.806397,2.35849,1368.5,0.6,5.21,5.0,1.04,16.03,261.1,1.64,64.75,268,41.806368,2.3584763
291,41.806366,2.358539,1368.4,-0.1,5.33,10.0,0.53,31.45,261.1,1.65,64.92,268,41.806343,2.3585236
292,41.806335,2.358583,1368.0,-0.4,5.02,6.0,0.84,19.84,261.1,1.65,65.02,268,41.806313,2.3585685
293,41.806307,2.358632,1367.7,-0.3,5.12,4.0,1.28,13.02,261.1,1.66,65.08,268,41.806282,2.3586154
294,41.806289,2.358693,1367.5,-0.2,5.45,6.0,0.91,18.32,261.1,1.66,65.18,268,41.806247,2.3586859
295,41.806284,2.358761,1368.0,0.5,5.68,4.0,1.42,11.74,261.6,1.67,65.25,268,41.806236,2.3587529
296,41.806278,2.358825,1368.4,0.4,5.36,4.0,1.34,12.44,262.0,1.67,65.32,268,41.806224,2.358814
297,41.80626,2.358891,1368.4,0.0,5.84,5.0,1.17,14.25,262.0,1.68,65.4,268,41.806211,2.3588808
298,41.806242,2.35895,1368.3,-0.1,5.29,5.0,1.06,15.72,262.0,1.69,65.48,268,41.806198,2.358941
299,41.806227,2.359018,1368.4,0.1,5.89,6.0,0.98,17.01,262.1,1.69,65.58,268,41.806184,2.3590092
300,41.806208,2.359087,1368.4,0.0,6.11,6.0,1.02,16.34,262.1,1.7,65.68,268,41.80617,2.3590792
301,41.806187,2.359146,1368.3,-0.1,5.43,6.0,0.9,18.52,262.1,1.7,65.78,268,41.806157,2.3591399
302,41.806167,2.359214,1367.9,-0.4,6.07,6.0,1.01,16.5,262.1,1.71,65.88,268,41.806143,2.3592091
303,41.806145,2.359273,1367.4,-0.5,5.48,5.0,1.1,15.15,262.1,1.71,65.97,268,41.806131,2.35927
304,41.806123,2.359329,1366.9,-0.5,5.26,5.0,1.05,15.87,262.1,1.72,66.05,268,41.806119,2.3593281
305,41.806116,2.359393,1367.0,0.1,5.38,6.0,0.9,18.52,262.2,1.73,66.15,268,41.80611,2.3593931
306,41.806122,2.359461,1367.3,0.3,5.69,6.0,0.95,17.54,262.5,1.73,66.25,268,41.806111,2.3594612
307,41.806134,2.359522,1367.4,0.1,5.24,6.0,0.87,19.16,262.6,1.74,66.35,268,41.806113,2.3595245
308,41.80614,2.359597,1367.3,-0.1,6.27,2.0,3.14,5.31,262.6,1.74,66.38,268,41.806122,2.3595992
309,41.806145,2.359665,1367.2,-0.1,5.68,7.0,0.81,20.58,262.6,1.75,66.5,268,41.806129,2.3596668
310,41.806143,2.359728,1366.9,-0.3,5.24,6.0,0.87,19.16,262.6,1.75,66.6,268,41.806137,2.3597287
311,41.806144,2.359801,1366.3,-0.6,6.07,10.0,0.61,27.32,262.6,1.76,66.77,268,41.806142,2.3598011
312,41.80615,2.359865,1366.0,-0.3,5.36,7.0,0.77,21.65,262.6,1.76,66.88,268,41.806145,2.3598653
313,41.80616,2.359933,1365.8,-0.2,5.76,6.0,0.96,17.36,262.6,1.77,66.98,268,41.806153,2.3599344
314,41.806175,2.359997,1365.6,-0.2,5.57,6.0,0.93,17.92,262.6,1.78,67.08,268,41.806166,2.3599988
315,41.806198,2.360059,1365.9,0.3,5.75,6.0,0.96,17.36,262.9,1.78,67.18,268,41.806178,2.3600629
316,41.806206,2.360123,1365.8,-0.1,5.39,8.0,0.67,24.88,262.9,1.79,67.32,268,41.80619,2.360126
317,41.806216,2.360183,1365.7,-0.1,5.11,5.0,1.02,16.34,262.9,1.79,67.4,268,41.806202,2.3601857
318,41.806228,2.360242,1365.7,0.0,5.08,6.0,0.85,19.61,262.9,1.8,67.5,268,41.806214,2.3602448
319,41.806238,2.36031,1365.6,-0.1,5.76,5.0,1.15,14.49,262.9,1.8,67.58,268,41.806227,2.3603122
320,41.806254,2.360378,1365.5,-0.1,5.92,5.0,1.18,14.12,262.9,1.81,67.67,268,41.80624,2.3603807
321,41.806277,2.360435,1365.7,0.2,5.38,6.0,0.9,18.52,263.1,1.81,67.77,268,41.806252,2.3604399
322,41.806292,2.360492,1365.6,-0.1,5.02,5.0,1.0,16.67,263.1,1.82,67.85,268,41.806284,2.3604819
323,41.806309,2.360562,1365.5,-0.1,6.12,5.0,1.22,13.66,263.1,1.83,67.93,267,41.806278,2.3605686
324,41.806322,2.360631,1365.1,-0.4,5.91,5.0,1.18,14.12,263.1,1.83,68.02,267,41.806293,2.3606372
325,41.806331,2.360692,1364.7,-0.4,5.17,6.0,0.86,19.38,263.1,1.84,68.12,267,41.806306,2.3606974
326,41.806344,2.36076,1364.2,-0.5,5.83,6.0,0.97,17.18,263.1,1.84,68.22,267,41.80632,2.3607651
327,41.806353,2.360823,1363.7,-0.5,5.33,5.0,1.07,15.58,263.1,1.85,68.3,267,41.806332,2.3608261
328,41.806375,2.360888,1363.9,0.2,5.93,6.0,0.99,16.84,263.3,1.85,68.4,267,41.806342,2.3608929
329,41.806388,2.360955,1364.0,0.1,5.75,6.0,0.96,17.36,263.4,1.86,68.5,267,41.806352,2.3609603
330,41.806388,2.361027,1364.0,0.0,5.98,6.0,1.0,16.67,263.4,1.87,68.6,267,41.806363,2.3610308
331,41.806393,2.361089,1364.0,0.0,5.18,6.0,0.86,19.38,263.4,1.87,68.7,267,41.806372,2.3610922
332,41.806399,2.361156,1364.4,0.4,5.61,6.0,0.94,17.73,263.8,1.88,68.8,267,41.806381,2.3611586
333,41.806411,2.361224,1365.0,0.6,5.81,6.0,0.97,17.18,264.4,1.88,68.9,267,41.806392,2.3612269
334,41.806424,2.361284,1365.5,0.5,5.19,5.0,1.04,16.03,264.9,1.89,68.98,267,41.8064,2.3612875
335,41.806433,2.361354,1366.1,0.6,5.9,6.0,0.98,17.01,265.5,1.89,69.08,267,41.806409,2.361349
336,41.806426,2.361415,1366.6,0.5,5.13,6.0,0.86,19.38,266.0,1.9,69.18,267,41.806397,2.3614089
337,41.806405,2.36148,1367.2,0.6,5.88,7.0,0.84,19.84,266.6,1.9,69.3,267,41.806383,2.3614754
338,41.806398,2.361545,1367.8,0.6,5.46,6.0,0.91,18.32,267.2,1.91,69.4,267,41.80639,2.3615468
339,41.806412,2.361611,1368.8,1.0,5.7,8.0,0.71,23.47,268.2,1.92,69.53,267,41.806406,2.3616124
340,41.806424,2.36167,1369.7,0.9,5.08,17.0,0.3,55.56,269.1,1.92,69.82,267,41.806416,2.361671
341,41.806444,2.361735,1371.1,1.4,5.84,7.0,0.83,20.08,270.5,1.93,69.93,267,41.806426,2.361739
342,41.806461,2.361791,1372.3,1.2,5.02,5.0,1.0,16.67,271.7,1.93,70.02,267,41.806439,2.361796
343,41.806484,2.361856,1373.7,1.4,5.98,12.0,0.5,33.33,273.1,1.94,70.22,267,41.806465,2.36187
344,41.806502,2.361912,1374.7,1.0,5.06,4.0,1.26,13.23,274.1,1.94,70.28,267,41.806498,2.3619152
345,41.806491,2.361978,1375.6,0.9,5.62,11.0,0.51,32.68,275.0,1.95,70.47,267,41.806526,2.3619493
346,41.806507,2.362036,1376.6,1.0,5.14,7.0,0.73,22.83,276.0,1.95,70.58,267,41.806561,2.3619918
347,41.806536,2.362092,1377.7,1.1,5.66,7.0,0.81,20.58,277.1,1.96,70.7,267,41.806601,2.3620537
348,41.806567,2.362141,1378.8,1.1,5.33,25.0,0.21,79.37,278.2,1.96,71.12,267,41.806631,2.3621037
349,41.806595,2.36219,1379.8,1.0,5.12,20.0,0.26,64.1,279.2,1.97,71.45,267,41.806659,2.3621524
350,41.806626,2.362244,1380.9,1.1,5.66,9.0,0.63,26.46,280.3,1.97,71.6,267,41.806691,2.3622061
351,41.806654,2.362301,1382.3,1.4,5.67,9.0,0.63,26.46,281.7,1.98,71.75,270,41.806731,2.3622852
352,41.806689,2.362348,1383.4,1.1,5.51,5.0,1.1,15.15,282.8,1.99,71.83,270,41.806742,2.3623372
353,41.806716,2.362412,1384.5,1.1,6.11,16.0,0.38,43.86,283.9,1.99,72.1,270,41.806755,2.3624039
354,41.806737,2.362468,1385.5,1.0,5.21,7.0,0.74,22.52,284.9,2.0,72.22,270,41.806767,2.3624635
355,41.806757,2.362544,1386.9,1.4,6.69,28.0,0.24,69.44,286.3,2.0,72.68,270,41.806779,2.3625407
356,41.806773,2.362614,1388.3,1.4,6.08,7.0,0.87,19.16,287.7,2.01,72.8,270,41.806781,2.3626138
357,41.80678,2.362675,1389.5,1.2,5.13,25.0,0.21,79.37,288.9,2.02,73.22,270,41.806782,2.362675
358,41.806784,2.362739,1390.8,1.3,5.34,9.0,0.59,28.25,290.2,2.02,73.37,270,41.806784,2.362739
359,41.806795,2.3628,1392.3,1.5,5.21,17.0,0.31,53.76,291.7,2.03,73.65,270,41.806781,2.3627944
360,41.806794,2.362864,1394.5,2.2,5.32,7.0,0.76,21.93,293.9,2.03,73.77,270,41.806761,2.3628593
361,41.80679,2.362926,1396.7,2.2,5.17,9.0,0.57,29.24,296.1,2.04,73.92,270,41.806752,2.3629206
362,41.806792,2.362987,1398.8,2.1,5.07,10.0,0.51,32.68,298.2,2.04,74.08,270,41.806744,2.3629801
363,41.806766,2.363043,1401.1,2.3,5.48,7.0,0.78,21.37,300.5,2.05,74.2,270,41.806735,2.3630386
364,41.806741,2.363093,1403.4,2.3,5.0,19.0,0.26,64.1,302.8,2.05,74.52,270,41.806728,2.3630911
365,41.806741,2.36316,1406.0,2.6,5.57,229.0,0.02,833.33,305.4,2.06,78.33,270,41.806713,2.3631507
366,41.806733,2.363224,1408.7,2.7,5.39,8.0,0.67,24.88,308.1,2.06,78.47,270,41.806693,2.3632109
367,41.806767,2.363269,1409.7,1.0,5.31,6.0,0.88,18.94,309.1,2.07,78.57,270,41.806683,2.3632414
368,41.806728,2.363301,1411.9,2.2,5.08,19.0,0.27,61.73,311.3,2.07,78.88,270,41.80667,2.3632818
369,41.806689,2.36336,1415.1,3.2,6.54,76.0,0.09,185.19,314.5,2.08,80.15,270,41.806648,2.3633466
370,41.806671,2.363438,1417.9,2.8,6.78,13.0,0.52,32.05,317.3,2.09,80.37,270,41.806623,2.3634224
371,41.806646,2.363533,1420.5,2.6,8.37,22.0,0.38,43.86,319.9,2.09,80.73,270,41.806597,2.3635216
372,41.806683,2.363615,1422.8,2.3,7.96,19.0,0.42,39.68,322.2,2.1,81.05,270,41.806581,2.363591
373,41.806684,2.363681,1424.8,2.0,5.49,5.0,1.1,15.15,324.2,2.11,81.13,270,41.806572,2.3636717
374,41.80669,2.363754,1427.0,2.2,6.1,19.0,0.32,52.08,326.4,2.11,81.45,270,41.806566,2.3637437
375,41.806664,2.363821,1429.8,2.8,6.27,20.0,0.31,53.76,329.2,2.12,81.78,270,41.806558,2.3637988
376,41.80664,2.363882,1431.4,1.6,5.73,2.0,2.86,5.83,330.8,2.13,81.82,270,41.806544,2.3638621
377,41.806613,2.363935,1432.2,0.8,5.33,5.0,1.07,15.58,331.6,2.13,81.9,270,41.806533,2.3639183
378,41.806587,2.364001,1433.5,1.3,6.2,4.0,1.55,10.75,332.9,2.14,81.97,270,41.806518,2.3639867
379,41.80656,2.36406,1434.7,1.2,5.75,4.0,1.44,11.57,334.1,2.14,82.03,270,41.806512,2.3640182
380,41.806555,2.364136,1436.6,1.9,6.34,8.0,0.79,21.1,336.0,2.15,82.17,270,41.806478,2.3640485
381,41.806547,2.364204,1438.6,2.0,5.72,7.0,0.82,20.33,338.0,2.16,82.28,270,41.806439,2.3640823
382,41.80651,2.364246,1440.2,1.6,5.39,6.0,0.9,18.52,339.6,2.16,82.38,270,41.806373,2.3641483
383,41.806458,2.364277,1441.5,1.3,6.32,15.0,0.42,39.68,340.9,2.17,82.63,270,41.806341,2.3641934
384,41.806409,2.364313,1443.1,1.6,6.21,5.0,1.24,13.44,342.5,2.17,82.72,270,41.806307,2.3642404
385,41.806366,2.364366,1445.0,1.9,6.5,15.0,0.43,38.76,344.4,2.18,82.97,270,41.806263,2.3643038
386,41.806316,2.364386,1445.4,0.4,5.8,6.0,0.97,17.18,344.8,2.19,83.07,270,41.806241,2.3643406
387,41.806262,2.364404,1445.8,0.4,6.18,5.0,1.24,13.44,345.2,2.19,83.15,270,41.806219,2.3643777
388,41.806223,2.364435,1447.0,1.2,5.04,6.0,0.84,19.84,346.4,2.2,83.25,270,41.806194,2.3644176
389,41.806185,2.364478,1448.6,1.6,5.53,10.0,0.55,30.3,348.0,2.2,83.42,270,41.806165,2.3644659
390,41.806145,2.364513,1449.8,1.2,5.31,20.0,0.27,61.73,349.2,2.21,83.75,270,41.806139,2.3645093
391,41.806118,2.364573,1452.1,2.3,5.82,17.0,0.34,49.02,351.5,2.21,84.03,270,41.806105,2.3645651
392,41.80608,2.364623,1454.3,2.2,5.92,3.0,1.97,8.46,353.7,2.22,84.08,270,41.806065,2.3646079
393,41.806045,2.364666,1456.2,1.9,5.28,8.0,0.66,25.25,355.6,2.22,84.22,270,41.806026,2.3646464
394,41.806001,2.36474,1459.4,3.2,7.85,19.0,0.41,40.65,358.8,2.23,84.53,270,41.805966,2.3647045
395,41.805955,2.364789,1461.6,2.2,6.53,17.0,0.38,43.86,361.0,2.24,84.82,270,41.805918,2.3647514
396,41.805916,2.36483,1463.4,1.8,5.51,7.0,0.79,21.1,362.8,2.24,84.93,270,41.805878,2.3647909
397,41.805876,2.364874,1465.5,2.1,5.75,5.0,1.15,14.49,364.9,2.25,85.02,270,41.805836,2.3648317
398,41.805823,2.364902,1467.0,1.5,6.33,16.0,0.4,41.67,366.4,2.26,85.28,270,41.805794,2.3648715
399,41.805778,2.364931,1467.6,0.6,5.55,4.0,1.39,11.99,367.0,2.26,85.35,270,41.805756,2.3649078
400,41.805716,2.364968,1468.2,0.6,7.54,17.0,0.44,37.88,367.6,2.27,85.63,270,41.805705,2.3649565
401,41.805666,2.364993,1468.4,0.2,5.93,4.0,1.48,11.26,367.8,2.28,85.7,270,41.805666,2.3649934
402,41.805617,2.365006,1468.2,-0.2,5.55,4.0,1.39,11.99,367.8,2.28,85.77,270,41.805634,2.365024
403,41.805578,2.365043,1469.5,1.3,5.31,12.0,0.44,37.88,369.1,2.29,85.97,270,41.805595,2.3650612
404,41.805539,2.365105,1472.2,2.7,6.73,11.0,0.61,27.32,371.8,2.29,86.15,270,41.805545,2.3651111
405,41.805504,2.365147,1473.8,1.6,5.22,80.0,0.07,238.1,373.4,2.3,87.48,270,41.805507,2.3651497
406,41.805416,2.36526,1477.3,3.5,13.55,25.0,0.54,30.86,376.9,2.31,87.9,270,41.805407,2.3652506
407,41.805366,2.365354,1479.4,2.1,9.58,57.0,0.17,98.04,379.0,2.32,88.85,270,41.805357,2.3653503
408,41.805299,2.365476,1481.9,2.5,12.58,5.0,2.52,6.61,381.5,2.33,88.93,270,41.805288,2.365469
409,41.80523,2.365621,1484.6,2.7,14.28,7.0,2.04,8.17,384.2,2.35,89.05,270,41.805203,2.3656035
410,41.805189,2.365658,1484.7,0.1,5.49,4.0,1.37,12.17,384.3,2.35,89.12,270,41.805174,2.365644
411,41.805161,2.365707,1485.6,0.9,5.12,3.0,1.71,9.75,385.2,2.36,89.17,270,41.805137,2.365684
412,41.805113,2.365772,1486.7,1.1,7.59,10.0,0.76,21.93,386.3,2.37,89.33,270,41.805082,2.3657424
413,41.805073,2.365826,1487.8,1.1,6.31,8.0,0.79,21.1,387.4,2.37,89.47,270,41.805035,2.365809
414,41.805079,2.365894,1489.6,1.8,5.69,27.0,0.21,79.37,389.2,2.38,89.92,270,41.805012,2.3658994
415,41.805105,2.36595,1491.2,1.6,5.48,12.0,0.46,36.23,390.8,2.38,90.12,270,41.805016,2.3659571
416,41.805096,2.366026,1493.0,1.8,6.39,14.0,0.46,36.23,392.6,2.39,90.35,270,41.805015,2.3660244
417,41.80511,2.366088,1494.5,1.5,5.38,8.0,0.67,24.88,394.1,2.4,90.48,270,41.805014,2.3660861
418,41.805092,2.366146,1495.5,1.0,5.22,6.0,0.87,19.16,395.1,2.4,90.58,270,41.805013,2.3661445
419,41.805065,2.366223,1496.6,1.1,7.07,11.0,0.64,26.04,396.2,2.41,90.77,270,41.805011,2.3662219
420,41.805052,2.366287,1497.5,0.9,5.51,4.0,1.38,12.08,397.1,2.41,90.83,270,41.804998,2.3662699
421,41.805041,2.366357,1498.5,1.0,5.94,5.0,1.19,14.01,398.1,2.42,90.92,270,41.804977,2.3663366
422,41.805013,2.366419,1499.2,0.7,6.02,5.0,1.2,13.89,398.8,2.43,91.0,270,41.804956,2.366401
423,41.804979,2.366479,1499.7,0.5,6.25,7.0,0.89,18.73,399.3,2.43,91.12,270,41.804939,2.3664466
424,41.804945,2.366534,1500.3,0.6,5.93,5.0,1.19,14.01,399.9,2.44,91.2,270,41.804899,2.3664965
425,41.804905,2.366573,1500.8,0.5,5.5,5.0,1.1,15.15,400.4,2.44,91.28,270,41.804864,2.3665397
426,41.804863,2.366619,1501.5,0.7,6.03,7.0,0.86,19.38,401.1,2.45,91.4,270,41.804825,2.3665881
427,41.80484,2.366672,1502.2,0.7,5.09,6.0,0.85,19.61,401.8,2.45,91.5,270,41.80479,2.3666315
428,41.804811,2.36673,1502.7,0.5,5.8,7.0,0.83,20.08,402.3,2.46,91.62,270,41.80475,2.3666808
429,41.804772,2.366779,1503.4,0.7,5.95,8.0,0.74,22.52,403.0,2.47,91.75,270,41.804711,2.3667296
430,41.804734,2.366829,1504.1,0.7,5.92,12.0,0.49,34.01,403.7,2.47,91.95,270,41.804671,2.3667784
431,41.804701,2.366879,1504.2,0.1,5.54,5.0,1.11,15.02,403.8,2.48,92.03,270,41.804633,2.3668343
432,41.804667,2.36692,1504.0,-0.2,5.09,6.0,0.85,19.61,403.8,2.48,92.13,270,41.804604,2.3668784
433,41.804635,2.366965,1504.1,0.1,5.16,4.0,1.29,12.92,403.9,2.49,92.2,270,41.804574,2.3669245
434,41.804597,2.367009,1504.5,0.4,5.58,5.0,1.12,14.88,404.3,2.49,92.28,270,41.804542,2.3669726
435,41.804565,2.367068,1505.5,1.0,6.06,6.0,1.01,16.5,405.3,2.5,92.38,270,41.804504,2.3670462
436,41.804547,2.367123,1506.7,1.2,4.99,5.0,1.0,16.67,406.5,2.5,92.47,270,41.804485,2.3671006
437,41.804529,2.367179,1507.9,1.2,5.07,4.0,1.27,13.12,407.7,2.51,92.53,270,41.804465,2.367156
438,41.804506,2.367241,1509.3,1.4,5.75,6.0,0.96,17.36,409.1,2.52,92.63,270,41.804443,2.3672228
439,41.804481,2.367295,1510.2,0.9,5.28,5.0,1.06,15.72,410.0,2.52,92.72,270,41.804427,2.3672793
440,41.804456,2.367359,1511.4,1.2,6.0,5.0,1.2,13.89,411.2,2.53,92.8,270,41.804408,2.3673527
441,41.804443,2.367422,1512.5,1.1,5.43,6.0,0.9,18.52,412.3,2.53,92.9,270,41.8044,2.3674163
442,41.804425,2.367485,1513.0,0.5,5.6,5.0,1.12,14.88,412.8,2.54,92.98,270,41.804391,2.3674806
443,41.804415,2.367553,1513.3,0.3,5.76,7.0,0.82,20.33,413.1,2.54,93.1,270,41.804387,2.3675513
444,41.804407,2.367621,1513.5,0.2,5.72,6.0,0.95,17.54,413.3,2.55,93.2,270,41.804383,2.3676196
445,41.804402,2.367692,1513.9,0.4,5.93,109.0,0.05,333.33,413.7,2.56,95.02,270,41.804386,2.3676931
446,41.804435,2.367736,1515.4,1.5,5.18,51.0,0.1,166.67,415.2,2.56,95.87,270,41.804389,2.3677391
447,41.804436,2.367805,1515.9,0.5,5.74,7.0,0.82,20.33,415.7,2.57,95.98,270,41.804393,2.3678079
448,41.804439,2.367868,1516.5,0.6,5.25,4.0,1.31,12.72,416.3,2.57,96.05,270,41.804401,2.3678761
449,41.804454,2.367925,1517.0,0.5,5.02,6.0,0.84,19.84,416.8,2.58,96.15,270,41.804423,2.3679471
450,41.804467,2.367987,1517.3,0.3,5.35,11.0,0.49,34.01,417.1,2.58,96.33,270,41.804456,2.3679942
451,41.804495,2.368039,1517.4,0.1,5.32,6.0,0.89,18.73,417.2,2.59,96.43,270,41.804452,2.3680341
452,41.804501,2.368102,1517.4,0.0,5.28,17.0,0.31,53.76,417.2,2.59,96.72,270,41.80445,2.3681167
453,41.804497,2.368166,1517.4,0.0,5.34,20.0,0.27,61.73,417.2,2.6,97.05,270,41.804467,2.3681746
454,41.804674,2.369024,1517.1,-0.3,73.96,310.0,0.24,69.44,417.2,2.67,102.22,270,41.804645,2.3690239
455,41.80468,2.369085,1517.2,0.1,5.11,10.0,0.51,32.68,417.3,2.68,102.38,270,41.804645,2.3690848
456,41.804662,2.369155,1518.1,0.9,6.15,8.0,0.77,21.65,418.2,2.68,102.52,270,41.804645,2.3691549
457,41.804655,2.369216,1518.7,0.6,5.13,5.0,1.03,16.18,418.8,2.69,102.6,270,41.804645,2.3692161
458,41.804652,2.369277,1519.1,0.4,5.08,7.0,0.73,22.83,419.2,2.69,102.72,270,41.804646,2.3692771
459,41.804654,2.36934,1519.4,0.3,5.24,17.0,0.31,53.76,419.5,2.7,103.0,270,41.804646,2.3693401
460,41.804654,2.369402,1519.7,0.3,5.15,9.0,0.57,29.24,419.8,2.7,103.15,270,41.804647,2.3694021
461,41.804651,2.369469,1520.2,0.5,5.58,35.0,0.16,104.17,420.3,2.71,103.73,270,41.804647,2.369469
462,41.804649,2.369542,1520.5,0.3,6.07,4.0,1.52,10.96,420.6,2.72,103.8,270,41.804648,2.369542
463,41.804643,2.369602,1521.0,0.5,5.03,10.0,0.5,33.33,421.1,2.72,103.97,270,41.804649,2.3696019
464,41.80463,2.369662,1521.8,0.8,5.19,17.0,0.31,53.76,421.9,2.73,104.25,270,41.804638,2.3696637
465,41.804621,2.369736,1522.3,0.5,6.23,10.0,0.62,26.88,422.4,2.73,104.42,270,41.804616,2.3697341
466,41.80461,2.369811,1522.5,0.2,6.35,9.0,0.71,23.47,422.6,2.74,104.57,270,41.804597,2.3698087
467,41.804604,2.369876,1522.5,0.0,5.44,6.0,0.91,18.32,422.6,2.74,104.67,270,41.804586,2.369873
468,41.804598,2.369938,1522.5,0.0,5.2,22.0,0.24,69.44,422.6,2.75,105.03,270,41.804576,2.3699342
469,41.804593,2.370022,1522.5,0.0,7.0,103.0,0.07,238.1,422.6,2.76,106.75,270,41.804562,2.3700168
470,41.804577,2.370127,1523.1,0.6,8.91,4.0,2.23,7.47,423.2,2.76,106.82,270,41.804544,2.3701215
471,41.804559,2.370232,1523.9,0.8,8.95,19.0,0.47,35.46,424.0,2.77,107.13,270,41.804539,2.3702319
472,41.804573,2.370299,1523.1,-0.8,5.78,3.0,1.93,8.64,424.0,2.78,107.18,270,41.804538,2.3702988
473,41.804564,2.370361,1523.8,0.7,5.25,4.0,1.31,12.72,424.7,2.78,107.25,270,41.804538,2.3703609
474,41.804548,2.370426,1524.9,1.1,5.69,5.0,1.14,14.62,425.8,2.79,107.33,270,41.804538,2.3704259
475,41.804544,2.3705,1525.4,0.5,6.17,12.0,0.51,32.68,426.3,2.8,107.53,270,41.804537,2.3705
476,41.804547,2.370577,1525.3,-0.1,6.41,8.0,0.8,20.83,426.3,2.8,107.67,270,41.804537,2.3705769
477,41.804549,2.370641,1524.9,-0.4,5.32,4.0,1.33,12.53,426.3,2.81,107.73,270,41.804531,2.3706394
478,41.804534,2.370707,1525.2,0.3,5.73,4.0,1.43,11.66,426.6,2.81,107.8,270,41.804525,2.3707062
479,41.804533,2.370777,1524.8,-0.4,5.82,3.0,1.94,8.59,426.6,2.82,107.85,270,41.804519,2.3707758
480,41.804536,2.370838,1524.3,-0.5,5.08,3.0,1.69,9.86,426.6,2.82,107.9,270,41.804514,2.370836
481,41.804544,2.370898,1523.0,-1.3,5.06,74.0,0.07,238.1,426.6,2.83,109.13,270,41.804508,2.3708948
482,41.80455,2.37096,1521.7,-1.3,5.2,6.0,0.87,19.16,426.6,2.84,109.23,270,41.804518,2.3709745
483,41.804573,2.371012,1520.0,-1.7,5.02,5.0,1.0,16.67,426.6,2.84,109.32,270,41.804535,2.3710164
484,41.804582,2.371077,1518.6,-1.4,5.49,5.0,1.1,15.15,426.6,2.85,109.4,270,41.804542,2.3710815
485,41.804584,2.37115,1517.4,-1.2,6.07,5.0,1.21,13.77,426.6,2.85,109.48,270,41.804543,2.3711474
486,41.804577,2.371218,1516.7,-0.7,5.7,9.0,0.63,26.46,426.6,2.86,109.63,270,41.804538,2.3712155
487,41.804574,2.371282,1515.9,-0.8,5.33,4.0,1.33,12.53,426.6,2.86,109.7,270,41.804535,2.3712881
488,41.804578,2.371351,1514.7,-1.2,5.75,5.0,1.15,14.49,426.6,2.87,109.78,270,41.804546,2.371356
489,41.804589,2.371421,1513.9,-0.8,5.94,4.0,1.48,11.26,426.6,2.87,109.85,270,41.804557,2.371426
490,41.8046,2.371486,1513.8,-0.1,5.54,3.0,1.85,9.01,426.6,2.88,109.9,270,41.804567,2.3714911
491,41.804615,2.371556,1513.6,-0.2,6.05,4.0,1.51,11.04,426.6,2.89,109.97,270,41.804578,2.3715618
492,41.804623,2.371623,1513.7,0.1,5.64,4.0,1.41,11.82,426.7,2.89,110.03,270,41.804589,2.3716284
493,41.804629,2.371699,1514.2,0.5,6.35,5.0,1.27,13.12,427.2,2.9,110.12,270,41.804597,2.3717014
494,41.804636,2.37176,1515.0,0.8,5.13,4.0,1.28,13.02,428.0,2.9,110.18,270,41.804601,2.3717625
495,41.804649,2.371828,1515.8,0.8,5.83,4.0,1.46,11.42,428.8,2.91,110.25,270,41.804608,2.3718355
496,41.80466,2.371892,1516.8,1.0,5.46,4.0,1.36,12.25,429.8,2.91,110.32,270,41.804619,2.3718994
497,41.804668,2.371958,1517.7,0.9,5.56,4.0,1.39,11.99,430.7,2.92,110.38,270,41.804631,2.3719647
498,41.804677,2.37203,1518.5,0.8,6.07,5.0,1.21,13.77,431.5,2.93,110.47,270,41.804644,2.372036
499,41.804686,2.37209,1519.2,0.7,5.09,5.0,1.02,16.34,432.2,2.93,110.55,270,41.804653,2.372093
500,41.804688,2.37215,1520.0,0.8,4.99,5.0,1.0,16.67,433.0,2.94,110.63,270,41.804659,2.3721526
501,41.804698,2.372213,1520.8,0.8,5.35,5.0,1.07,15.58,433.8,2.94,110.72,270,41.804665,2.372216
502,41.804677,2.372276,1521.1,0.3,5.73,6.0,0.96,17.36,434.1,2.95,110.82,270,41.80467,2.3722766
503,41.804663,2.372343,1521.3,0.2,5.78,6.0,0.96,17.36,434.3,2.95,110.92,270,41.804674,2.3723424
504,41.804636,2.37229,1520.9,-0.4,5.33,10.0,0.53,31.45,434.3,2.96,111.08,270,41.804671,2.3722868
505,41.804675,2.372258,1521.0,0.1,5.08,9.0,0.56,29.76,434.4,2.96,111.23,270,41.804668,2.3722586
506,41.804704,2.372318,1521.5,0.5,5.94,293.0,0.02,833.33,434.9,2.97,116.12,270,41.804673,2.3723198
507,41.804716,2.372385,1522.1,0.6,5.73,5.0,1.15,14.49,435.5,2.98,116.2,270,41.804677,2.3723872
508,41.804704,2.372457,1522.4,0.3,6.13,5.0,1.23,13.55,435.8,2.98,116.28,270,41.804685,2.3724632
509,41.804713,2.372518,1522.8,0.4,5.17,4.0,1.29,12.92,436.2,2.99,116.35,270,41.804704,2.3725209
510,41.804733,2.372582,1522.5,-0.3,5.76,4.0,1.44,11.57,436.2,2.99,116.42,270,41.804726,2.3725846
511,41.804745,2.372644,1522.1,-0.4,5.32,4.0,1.33,12.53,436.2,3.0,116.48,270,41.804749,2.3726424
512,41.804761,2.372702,1521.7,-0.4,5.14,4.0,1.28,13.02,436.2,3.0,116.55,270,41.804771,2.3726981
513,41.804785,2.372766,1521.1,-0.6,5.95,5.0,1.19,14.01,436.2,3.01,116.63,270,41.804796,2.3727617
514,41.804816,2.372813,1520.8,-0.3,5.21,5.0,1.04,16.03,436.2,3.01,116.72,270,41.804816,2.372813
515,41.804845,2.372876,1520.7,-0.1,6.15,5.0,1.23,13.55,436.2,3.02,116.8,270,41.804841,2.3728774
516,41.804873,2.372926,1520.7,0.0,5.19,4.0,1.3,12.82,436.2,3.03,116.87,270,41.804862,2.3729303
517,41.804902,2.372984,1520.9,0.2,5.8,4.0,1.45,11.49,436.4,3.03,116.93,270,41.804885,2.3729894
518,41.804917,2.373044,1521.2,0.3,5.26,4.0,1.32,12.63,436.7,3.04,117.0,270,41.804903,2.3730483
519,41.804933,2.373101,1521.7,0.5,5.06,5.0,1.01,16.5,437.2,3.04,117.08,270,41.804921,2.3731047
520,41.804949,2.373166,1522.2,0.5,5.69,6.0,0.95,17.54,437.7,3.05,117.18,270,41.804941,2.3731684
521,41.80495,2.373244,1523.0,0.8,6.48,5.0,1.3,12.82,438.5,3.05,117.27,270,41.804964,2.3732397
522,41.804936,2.373313,1523.6,0.6,5.94,4.0,1.48,11.26,439.1,3.06,117.33,270,41.804982,2.3732984
523,41.804938,2.373382,1524.6,1.0,5.74,5.0,1.15,14.49,440.1,3.07,117.42,270,41.804998,2.3733711
524,41.804921,2.373451,1525.7,1.1,6.04,6.0,1.01,16.5,441.2,3.07,117.52,270,41.80501,2.3734349
525,41.804902,2.373514,1526.7,1.0,5.64,6.0,0.94,17.73,442.2,3.08,117.62,270,41.80502,2.3734926
526,41.804918,2.373571,1527.7,1.0,5.06,8.0,0.63,26.46,443.2,3.08,117.75,270,41.805031,2.3735506
527,41.804935,2.373646,1529.0,1.3,6.51,20.0,0.33,50.51,444.5,3.09,118.08,270,41.805044,2.3736262
528,41.804949,2.373704,1530.0,1.0,5.06,5.0,1.01,16.5,445.5,3.09,118.17,1253,41.805055,2.373688
529,41.804975,2.373761,1531.0,1.0,5.55,6.0,0.92,18.12,446.5,3.1,118.27,1253,41.805064,2.3737476
530,41.805003,2.373811,1531.8,0.8,5.19,5.0,1.04,16.03,447.3,3.1,118.35,1253,41.805072,2.3738006
531,41.805041,2.373853,1531.6,-0.2,5.48,5.0,1.1,15.15,447.3,3.11,118.43,1253,41.805079,2.3738473
532,41.805074,2.373894,1531.5,-0.1,5.0,4.0,1.25,13.33,447.3,3.11,118.5,1253,41.805086,2.3738913
533,41.805116,2.373947,1531.6,0.1,6.42,3.0,2.14,7.79,447.4,3.12,118.55,1253,41.805099,2.3739506
534,41.805142,2.374001,1531.9,0.3,5.34,4.0,1.34,12.44,447.7,3.13,118.62,1253,41.805111,2.3740076
535,41.80516,2.374062,1532.6,0.7,5.45,7.0,0.78,21.37,448.4,3.13,118.73,1253,41.805125,2.3740696
536,41.805162,2.374126,1533.6,1.0,5.32,6.0,0.89,18.73,449.4,3.14,118.83,1253,41.805138,2.3741312
537,41.805174,2.374188,1534.3,0.7,5.32,12.0,0.44,37.88,450.1,3.14,119.03,1253,41.805151,2.3741929
538,41.805181,2.374254,1535.0,0.7,5.54,3.0,1.85,9.01,450.8,3.15,119.08,1253,41.805165,2.3742574
539,41.805199,2.374323,1535.5,0.5,6.07,3.0,2.02,8.25,451.3,3.15,119.13,1253,41.80518,2.374327
540,41.805203,2.374391,1536.4,0.9,5.67,8.0,0.71,23.47,452.2,3.16,119.27,1253,41.805194,2.3743928
541,41.805217,2.374451,1536.8,0.4,5.22,4.0,1.3,12.82,452.6,3.16,119.33,1253,41.805207,2.3744531
542,41.805226,2.374516,1537.6,0.8,5.49,6.0,0.92,18.12,453.4,3.17,119.43,1253,41.805221,2.374517
543,41.80524,2.37458,1538.1,0.5,5.54,5.0,1.11,15.02,453.9,3.18,119.52,1253,41.805235,2.3745811
544,41.805256,2.374644,1538.6,0.5,5.61,5.0,1.12,14.88,454.4,3.18,119.6,1253,41.805249,2.3746456
545,41.80528,2.374704,1538.7,0.1,5.65,7.0,0.81,20.58,454.5,3.19,119.72,1253,41.805262,2.3747079
546,41.805295,2.374768,1539.7,1.0,5.57,5.0,1.11,15.02,455.5,3.19,119.8,1253,41.805275,2.3747722
547,41.805308,2.37484,1541.3,1.6,6.16,4.0,1.54,10.82,457.1,3.2,119.87,1253,41.80529,2.3748437
548,41.805314,2.374904,1542.8,1.5,5.36,6.0,0.89,18.73,458.6,3.2,119.97,1253,41.805303,2.3749062
549,41.805333,2.374964,1543.7,0.9,5.41,7.0,0.77,21.65,459.5,3.21,120.08,1253,41.805316,2.3749675
550,41.805344,2.375024,1544.5,0.8,5.13,4.0,1.28,13.02,460.3,3.21,120.15,1253,41.805329,2.3750272
551,41.805356,2.375085,1544.8,0.3,5.24,5.0,1.05,15.87,460.6,3.22,120.23,1253,41.805342,2.375088
552,41.805366,2.375147,1545.3,0.5,5.27,6.0,0.88,18.94,461.1,3.23,120.33,1253,41.805355,2.3751494
553,41.805376,2.375216,1545.9,0.6,5.84,5.0,1.17,14.25,461.7,3.23,120.42,1253,41.805369,2.3752177
554,41.805392,2.375278,1546.1,0.2,5.45,5.0,1.09,15.29,461.9,3.24,120.5,1253,41.805384,2.3752799
555,41.805411,2.375339,1546.1,0.0,5.49,5.0,1.1,15.15,461.9,3.24,120.58,1253,41.805399,2.3753418
556,41.80544,2.375406,1545.8,-0.3,6.43,5.0,1.29,12.92,461.9,3.25,120.67,1253,41.805416,2.3754118
557,41.805457,2.375466,1546.0,0.2,5.33,4.0,1.33,12.53,462.1,3.25,120.73,1253,41.805431,2.3754723
558,41.805477,2.375529,1546.0,0.0,5.69,11.0,0.52,32.05,462.1,3.26,120.92,1253,41.805447,2.3755364
559,41.80549,2.37559,1546.3,0.3,5.27,6.0,0.88,18.94,462.4,3.26,121.02,1253,41.80546,2.3755954
560,41.805506,2.375651,1546.6,0.3,5.37,6.0,0.9,18.52,462.7,3.27,121.12,1253,41.805471,2.3756573
561,41.805522,2.375712,1547.0,0.4,5.37,5.0,1.07,15.58,463.1,3.28,121.2,1253,41.805482,2.3757192
562,41.80553,2.375775,1547.8,0.8,5.31,5.0,1.06,15.72,463.9,3.28,121.28,1253,41.805493,2.3757816
563,41.805527,2.375836,1548.8,1.0,5.08,6.0,0.85,19.61,464.9,3.29,121.38,1253,41.805504,2.3758402
564,41.805531,2.375906,1549.4,0.6,5.83,4.0,1.46,11.42,465.5,3.29,121.45,1253,41.805508,2.3759072
565,41.805534,2.375972,1550.0,0.6,5.49,4.0,1.37,12.17,466.1,3.3,121.52,1253,41.805512,2.3759731
566,41.805538,2.376035,1550.5,0.5,5.25,3.0,1.75,9.52,466.6,3.3,121.57,1253,41.805515,2.3760362
567,41.805539,2.376103,1551.2,0.7,5.65,4.0,1.41,11.82,467.3,3.31,121.63,1253,41.805518,2.3761041
568,41.805547,2.376164,1551.7,0.5,5.15,4.0,1.29,12.92,467.8,3.31,121.7,1253,41.805522,2.3761653
569,41.805546,2.376227,1552.4,0.7,5.24,4.0,1.31,12.72,468.5,3.32,121.77,1253,41.805529,2.3762322
570,41.805541,2.376291,1553.2,0.8,5.35,4.0,1.34,12.44,469.3,3.32,121.83,1253,41.805547,2.3762891
571,41.805533,2.376356,1554.0,0.8,5.47,4.0,1.37,12.17,470.1,3.33,121.9,1252,41.805526,2.3763564
572,41.805539,2.376417,1554.4,0.4,5.11,4.0,1.28,13.02,470.5,3.33,121.97,1252,41.80553,2.3764176
573,41.805559,2.376483,1554.6,0.2,5.92,6.0,0.99,16.84,470.7,3.34,122.07,1252,41.805534,2.3764846
574,41.805571,2.376544,1554.8,0.2,5.24,5.0,1.05,15.87,470.9,3.35,122.15,1252,41.805538,2.3765461
575,41.805592,2.376607,1554.8,0.0,5.73,6.0,0.96,17.36,470.9,3.35,122.25,1252,41.805545,2.3766215
576,41.805624,2.376661,1554.5,-0.3,5.72,5.0,1.14,14.62,470.9,3.36,122.33,1252,41.805678,2.3766414
577,41.805646,2.376727,1554.8,0.3,6.0,5.0,1.2,13.89,471.2,3.36,122.42,1252,41.805702,2.3767068
578,41.805636,2.376801,1555.9,1.1,6.25,55.0,0.11,151.52,472.3,3.37,123.33,1252,41.805616,2.3768101
579,41.805626,2.376736,1555.3,-0.6,5.51,48.0,0.11,151.52,472.3,3.37,124.13,1252,41.80559,2.3767527
580,41.805599,2.376679,1555.2,-0.1,5.61,4.0,1.4,11.9,472.3,3.38,124.2,1252,41.805566,2.3766892
